Analysis & Synthesis report for i281_cpu
Tue Apr 14 21:21:50 2026
Quartus Prime Version 18.1.0 Build 625 09/12/2018 SJ Lite Edition


---------------------
; Table of Contents ;
---------------------
  1. Legal Notice
  2. Analysis & Synthesis Summary
  3. Analysis & Synthesis Settings
  4. Parallel Compilation
  5. Analysis & Synthesis Source Files Read
  6. Analysis & Synthesis Resource Usage Summary
  7. Analysis & Synthesis Resource Utilization by Entity
  8. Registers Removed During Synthesis
  9. Removed Registers Triggering Further Register Optimizations
 10. General Register Statistics
 11. Multiplexer Restructuring Statistics (Restructuring Performed)
 12. Port Connectivity Checks: "6bitAdder:b2v_Program_Counter_Increment_By_1"
 13. Port Connectivity Checks: "6bitAdder:b2v_Program_Counter_Adder_For_Jump_and_Branch_Offsets"
 14. Port Connectivity Checks: "ALU:b2v_inst6|Block3:b2v_inst7"
 15. Port Connectivity Checks: "ALU:b2v_inst6|ShiftNoDff:b2v_inst|Block3:b2v_inst29"
 16. Port Connectivity Checks: "ALU:b2v_inst6|ShiftNoDff:b2v_inst|Block3:b2v_inst21"
 17. Port Connectivity Checks: "IMEM:b2v_inst22|2to4DecoderWithEnable:b2v_inst7"
 18. Port Connectivity Checks: "IMEM:b2v_inst22|ReadOnly_16x16_Register_File_High:b2v_inst251"
 19. Port Connectivity Checks: "IMEM:b2v_inst22|ReadOnly_16x16_Register_File_Low:b2v_inst2"
 20. Port Connectivity Checks: "Opcode_Decoder:b2v_inst1|4to16DecoderWithEnable:b2v_inst2"
 21. Post-Synthesis Netlist Statistics for Top Partition
 22. Elapsed Time Per Partition
 23. Analysis & Synthesis Messages



----------------
; Legal Notice ;
----------------
Copyright (C) 2018  Intel Corporation. All rights reserved.
Your use of Intel Corporation's design tools, logic functions 
and other software and tools, and its AMPP partner logic 
functions, and any output files from any of the foregoing 
(including device programming or simulation files), and any 
associated documentation or information are expressly subject 
to the terms and conditions of the Intel Program License 
Subscription Agreement, the Intel Quartus Prime License Agreement,
the Intel FPGA IP License Agreement, or other applicable license
agreement, including, without limitation, that your use is for
the sole purpose of programming logic devices manufactured by
Intel and sold by Intel or its authorized distributors.  Please
refer to the applicable agreement for further details.



+----------------------------------------------------------------------------------+
; Analysis & Synthesis Summary                                                     ;
+------------------------------------+---------------------------------------------+
; Analysis & Synthesis Status        ; Successful - Tue Apr 14 21:21:50 2026       ;
; Quartus Prime Version              ; 18.1.0 Build 625 09/12/2018 SJ Lite Edition ;
; Revision Name                      ; i281_cpu                                    ;
; Top-level Entity Name              ; i281_CPU                                    ;
; Family                             ; MAX 10                                      ;
; Total logic elements               ; 34                                          ;
;     Total combinational functions  ; 34                                          ;
;     Dedicated logic registers      ; 27                                          ;
; Total registers                    ; 27                                          ;
; Total pins                         ; 105                                         ;
; Total virtual pins                 ; 0                                           ;
; Total memory bits                  ; 0                                           ;
; Embedded Multiplier 9-bit elements ; 0                                           ;
; Total PLLs                         ; 0                                           ;
; UFM blocks                         ; 0                                           ;
; ADC blocks                         ; 0                                           ;
+------------------------------------+---------------------------------------------+


+------------------------------------------------------------------------------------------------------------+
; Analysis & Synthesis Settings                                                                              ;
+------------------------------------------------------------------+--------------------+--------------------+
; Option                                                           ; Setting            ; Default Value      ;
+------------------------------------------------------------------+--------------------+--------------------+
; Device                                                           ; 10M08DAF484C8G     ;                    ;
; Top-level entity name                                            ; i281_CPU           ; i281_cpu           ;
; Family name                                                      ; MAX 10             ; Cyclone V          ;
; Use smart compilation                                            ; Off                ; Off                ;
; Enable parallel Assembler and Timing Analyzer during compilation ; On                 ; On                 ;
; Enable compact report table                                      ; Off                ; Off                ;
; Restructure Multiplexers                                         ; Auto               ; Auto               ;
; Create Debugging Nodes for IP Cores                              ; Off                ; Off                ;
; Preserve fewer node names                                        ; On                 ; On                 ;
; Intel FPGA IP Evaluation Mode                                    ; Enable             ; Enable             ;
; Verilog Version                                                  ; Verilog_2001       ; Verilog_2001       ;
; VHDL Version                                                     ; VHDL_1993          ; VHDL_1993          ;
; State Machine Processing                                         ; Auto               ; Auto               ;
; Safe State Machine                                               ; Off                ; Off                ;
; Extract Verilog State Machines                                   ; On                 ; On                 ;
; Extract VHDL State Machines                                      ; On                 ; On                 ;
; Ignore Verilog initial constructs                                ; Off                ; Off                ;
; Iteration limit for constant Verilog loops                       ; 5000               ; 5000               ;
; Iteration limit for non-constant Verilog loops                   ; 250                ; 250                ;
; Add Pass-Through Logic to Inferred RAMs                          ; On                 ; On                 ;
; Infer RAMs from Raw Logic                                        ; On                 ; On                 ;
; Parallel Synthesis                                               ; On                 ; On                 ;
; DSP Block Balancing                                              ; Auto               ; Auto               ;
; NOT Gate Push-Back                                               ; On                 ; On                 ;
; Power-Up Don't Care                                              ; On                 ; On                 ;
; Remove Redundant Logic Cells                                     ; Off                ; Off                ;
; Remove Duplicate Registers                                       ; On                 ; On                 ;
; Ignore CARRY Buffers                                             ; Off                ; Off                ;
; Ignore CASCADE Buffers                                           ; Off                ; Off                ;
; Ignore GLOBAL Buffers                                            ; Off                ; Off                ;
; Ignore ROW GLOBAL Buffers                                        ; Off                ; Off                ;
; Ignore LCELL Buffers                                             ; Off                ; Off                ;
; Ignore SOFT Buffers                                              ; On                 ; On                 ;
; Limit AHDL Integers to 32 Bits                                   ; Off                ; Off                ;
; Optimization Technique                                           ; Balanced           ; Balanced           ;
; Carry Chain Length                                               ; 70                 ; 70                 ;
; Auto Carry Chains                                                ; On                 ; On                 ;
; Auto Open-Drain Pins                                             ; On                 ; On                 ;
; Perform WYSIWYG Primitive Resynthesis                            ; Off                ; Off                ;
; Auto ROM Replacement                                             ; On                 ; On                 ;
; Auto RAM Replacement                                             ; On                 ; On                 ;
; Auto DSP Block Replacement                                       ; On                 ; On                 ;
; Auto Shift Register Replacement                                  ; Auto               ; Auto               ;
; Allow Shift Register Merging across Hierarchies                  ; Auto               ; Auto               ;
; Auto Clock Enable Replacement                                    ; On                 ; On                 ;
; Strict RAM Replacement                                           ; Off                ; Off                ;
; Allow Synchronous Control Signals                                ; On                 ; On                 ;
; Force Use of Synchronous Clear Signals                           ; Off                ; Off                ;
; Auto RAM Block Balancing                                         ; On                 ; On                 ;
; Auto RAM to Logic Cell Conversion                                ; Off                ; Off                ;
; Auto Resource Sharing                                            ; Off                ; Off                ;
; Allow Any RAM Size For Recognition                               ; Off                ; Off                ;
; Allow Any ROM Size For Recognition                               ; Off                ; Off                ;
; Allow Any Shift Register Size For Recognition                    ; Off                ; Off                ;
; Use LogicLock Constraints during Resource Balancing              ; On                 ; On                 ;
; Ignore translate_off and synthesis_off directives                ; Off                ; Off                ;
; Timing-Driven Synthesis                                          ; On                 ; On                 ;
; Report Parameter Settings                                        ; On                 ; On                 ;
; Report Source Assignments                                        ; On                 ; On                 ;
; Report Connectivity Checks                                       ; On                 ; On                 ;
; Ignore Maximum Fan-Out Assignments                               ; Off                ; Off                ;
; Synchronization Register Chain Length                            ; 2                  ; 2                  ;
; Power Optimization During Synthesis                              ; Normal compilation ; Normal compilation ;
; HDL message level                                                ; Level2             ; Level2             ;
; Suppress Register Optimization Related Messages                  ; Off                ; Off                ;
; Number of Removed Registers Reported in Synthesis Report         ; 5000               ; 5000               ;
; Number of Swept Nodes Reported in Synthesis Report               ; 5000               ; 5000               ;
; Number of Inverted Registers Reported in Synthesis Report        ; 100                ; 100                ;
; Clock MUX Protection                                             ; On                 ; On                 ;
; Auto Gated Clock Conversion                                      ; Off                ; Off                ;
; Block Design Naming                                              ; Auto               ; Auto               ;
; SDC constraint protection                                        ; Off                ; Off                ;
; Synthesis Effort                                                 ; Auto               ; Auto               ;
; Shift Register Replacement - Allow Asynchronous Clear Signal     ; On                 ; On                 ;
; Pre-Mapping Resynthesis Optimization                             ; Off                ; Off                ;
; Analysis & Synthesis Message Level                               ; Medium             ; Medium             ;
; Disable Register Merging Across Hierarchies                      ; Auto               ; Auto               ;
; Resource Aware Inference For Block RAM                           ; On                 ; On                 ;
+------------------------------------------------------------------+--------------------+--------------------+


+------------------------------------------+
; Parallel Compilation                     ;
+----------------------------+-------------+
; Processors                 ; Number      ;
+----------------------------+-------------+
; Number detected on machine ; 4           ;
; Maximum allowed            ; 4           ;
;                            ;             ;
; Average used               ; 1.00        ;
; Maximum used               ; 4           ;
;                            ;             ;
; Usage by Processor         ; % Time Used ;
;     Processor 1            ; 100.0%      ;
;     Processor 2            ;   0.0%      ;
;     Processors 3-4         ;   0.0%      ;
+----------------------------+-------------+


+---------------------------------------------------------------------------------------------------------------------------------------------------------------------------+
; Analysis & Synthesis Source Files Read                                                                                                                                    ;
+-------------------------------------+-----------------+------------------------+--------------------------------------------------------------------------------+---------+
; File Name with User-Entered Path    ; Used in Netlist ; File Type              ; File Name with Absolute Path                                                   ; Library ;
+-------------------------------------+-----------------+------------------------+--------------------------------------------------------------------------------+---------+
; seven_seg_decoder_BUSOUT.v          ; yes             ; User Verilog HDL File  ; Y:/Documents/GitHub/ToyCPU/i281_simulation/seven_seg_decoder_BUSOUT.v          ;         ;
; ONES.v                              ; yes             ; User Verilog HDL File  ; Y:/Documents/GitHub/ToyCPU/i281_simulation/ONES.v                              ;         ;
; BIOS_Hardcoded_Low.v                ; yes             ; User Verilog HDL File  ; Y:/Documents/GitHub/ToyCPU/i281_simulation/BIOS_Hardcoded_Low.v                ;         ;
; BIOS_Hardcoded_High.v               ; yes             ; User Verilog HDL File  ; Y:/Documents/GitHub/ToyCPU/i281_simulation/BIOS_Hardcoded_High.v               ;         ;
; User_Data.v                         ; yes             ; User Verilog HDL File  ; Y:/Documents/GitHub/ToyCPU/i281_simulation/User_Data.v                         ;         ;
; User_Code_Low.v                     ; yes             ; User Verilog HDL File  ; Y:/Documents/GitHub/ToyCPU/i281_simulation/User_Code_Low.v                     ;         ;
; User_Code_High.v                    ; yes             ; User Verilog HDL File  ; Y:/Documents/GitHub/ToyCPU/i281_simulation/User_Code_High.v                    ;         ;
; 16Wide4To1BusMux.v                  ; yes             ; User Verilog HDL File  ; Y:/Documents/GitHub/ToyCPU/i281_simulation/16Wide4To1BusMux.v                  ;         ;
; 4x8BitRegisters.v                   ; yes             ; User Verilog HDL File  ; Y:/Documents/GitHub/ToyCPU/i281_simulation/4x8BitRegisters.v                   ;         ;
; 4WideBusMux.v                       ; yes             ; User Verilog HDL File  ; Y:/Documents/GitHub/ToyCPU/i281_simulation/4WideBusMux.v                       ;         ;
; 4to16DecoderWithEnable.v            ; yes             ; User Verilog HDL File  ; Y:/Documents/GitHub/ToyCPU/i281_simulation/4to16DecoderWithEnable.v            ;         ;
; 2to4DecoderWithEnable.v             ; yes             ; User Verilog HDL File  ; Y:/Documents/GitHub/ToyCPU/i281_simulation/2to4DecoderWithEnable.v             ;         ;
; 2BitDecoderWithEnable.v             ; yes             ; User Verilog HDL File  ; Y:/Documents/GitHub/ToyCPU/i281_simulation/2BitDecoderWithEnable.v             ;         ;
; 1to2DecoderWithEnable.v             ; yes             ; User Verilog HDL File  ; Y:/Documents/GitHub/ToyCPU/i281_simulation/1to2DecoderWithEnable.v             ;         ;
; SixteenWideBusMux.v                 ; yes             ; User Verilog HDL File  ; Y:/Documents/GitHub/ToyCPU/i281_simulation/SixteenWideBusMux.v                 ;         ;
; ShiftNoDff.v                        ; yes             ; User Verilog HDL File  ; Y:/Documents/GitHub/ToyCPU/i281_simulation/ShiftNoDff.v                        ;         ;
; Registers16bit.v                    ; yes             ; User Verilog HDL File  ; Y:/Documents/GitHub/ToyCPU/i281_simulation/Registers16bit.v                    ;         ;
; Registers8bit.v                     ; yes             ; User Verilog HDL File  ; Y:/Documents/GitHub/ToyCPU/i281_simulation/Registers8bit.v                     ;         ;
; ReadOnly_16x16_Register_File_Low.v  ; yes             ; User Verilog HDL File  ; Y:/Documents/GitHub/ToyCPU/i281_simulation/ReadOnly_16x16_Register_File_Low.v  ;         ;
; ReadOnly_16x16_Register_File_High.v ; yes             ; User Verilog HDL File  ; Y:/Documents/GitHub/ToyCPU/i281_simulation/ReadOnly_16x16_Register_File_High.v ;         ;
; ProgramCounter.v                    ; yes             ; User Verilog HDL File  ; Y:/Documents/GitHub/ToyCPU/i281_simulation/ProgramCounter.v                    ;         ;
; Opcode_Decoder.v                    ; yes             ; User Verilog HDL File  ; Y:/Documents/GitHub/ToyCPU/i281_simulation/Opcode_Decoder.v                    ;         ;
; IMEM_low.v                          ; yes             ; User Verilog HDL File  ; Y:/Documents/GitHub/ToyCPU/i281_simulation/IMEM_low.v                          ;         ;
; IMEM_high.v                         ; yes             ; User Verilog HDL File  ; Y:/Documents/GitHub/ToyCPU/i281_simulation/IMEM_high.v                         ;         ;
; IMEM.v                              ; yes             ; User Verilog HDL File  ; Y:/Documents/GitHub/ToyCPU/i281_simulation/IMEM.v                              ;         ;
; FullAdder.v                         ; yes             ; User Verilog HDL File  ; Y:/Documents/GitHub/ToyCPU/i281_simulation/FullAdder.v                         ;         ;
; Flag_Registers.v                    ; yes             ; User Verilog HDL File  ; Y:/Documents/GitHub/ToyCPU/i281_simulation/Flag_Registers.v                    ;         ;
; DMEM.v                              ; yes             ; User Verilog HDL File  ; Y:/Documents/GitHub/ToyCPU/i281_simulation/DMEM.v                              ;         ;
; Clock_dividers.v                    ; yes             ; User Verilog HDL File  ; Y:/Documents/GitHub/ToyCPU/i281_simulation/Clock_dividers.v                    ;         ;
; Clock_divider_4_16_and_64.v         ; yes             ; User Verilog HDL File  ; Y:/Documents/GitHub/ToyCPU/i281_simulation/Clock_divider_4_16_and_64.v         ;         ;
; Clock_divider_512.v                 ; yes             ; User Verilog HDL File  ; Y:/Documents/GitHub/ToyCPU/i281_simulation/Clock_divider_512.v                 ;         ;
; 6bitAdder.v                         ; yes             ; User Verilog HDL File  ; Y:/Documents/GitHub/ToyCPU/i281_simulation/6bitAdder.v                         ;         ;
; C16to1BusMUX.v                      ; yes             ; User Verilog HDL File  ; Y:/Documents/GitHub/ToyCPU/i281_simulation/C16to1BusMUX.v                      ;         ;
; BusNot.v                            ; yes             ; User Verilog HDL File  ; Y:/Documents/GitHub/ToyCPU/i281_simulation/BusNot.v                            ;         ;
; Block3.v                            ; yes             ; User Verilog HDL File  ; Y:/Documents/GitHub/ToyCPU/i281_simulation/Block3.v                            ;         ;
; ALU_Flag_Calculator.v               ; yes             ; User Verilog HDL File  ; Y:/Documents/GitHub/ToyCPU/i281_simulation/ALU_Flag_Calculator.v               ;         ;
; 8WidWideBusMux.v                    ; yes             ; User Verilog HDL File  ; Y:/Documents/GitHub/ToyCPU/i281_simulation/8WidWideBusMux.v                    ;         ;
; ALU.v                               ; yes             ; User Verilog HDL File  ; Y:/Documents/GitHub/ToyCPU/i281_simulation/ALU.v                               ;         ;
; 7WidWideBusMux.v                    ; yes             ; User Verilog HDL File  ; Y:/Documents/GitHub/ToyCPU/i281_simulation/7WidWideBusMux.v                    ;         ;
; 6WideBusMux.v                       ; yes             ; User Verilog HDL File  ; Y:/Documents/GitHub/ToyCPU/i281_simulation/6WideBusMux.v                       ;         ;
; Video_Card.v                        ; yes             ; User Verilog HDL File  ; Y:/Documents/GitHub/ToyCPU/i281_simulation/Video_Card.v                        ;         ;
; 8wide16to1BusMUX.v                  ; yes             ; User Verilog HDL File  ; Y:/Documents/GitHub/ToyCPU/i281_simulation/8wide16to1BusMUX.v                  ;         ;
; 8bitAdder.v                         ; yes             ; User Verilog HDL File  ; Y:/Documents/GitHub/ToyCPU/i281_simulation/8bitAdder.v                         ;         ;
; Control_FSM.v                       ; yes             ; User Verilog HDL File  ; Y:/Documents/GitHub/ToyCPU/i281_simulation/Control_FSM.v                       ;         ;
; 8wide4to1BusMUX.v                   ; yes             ; User Verilog HDL File  ; Y:/Documents/GitHub/ToyCPU/i281_simulation/8wide4to1BusMUX.v                   ;         ;
; i281_CPU.v                          ; yes             ; User Verilog HDL File  ; Y:/Documents/GitHub/ToyCPU/i281_simulation/i281_CPU.v                          ;         ;
+-------------------------------------+-----------------+------------------------+--------------------------------------------------------------------------------+---------+


+----------------------------------------------------------------------+
; Analysis & Synthesis Resource Usage Summary                          ;
+---------------------------------------------+------------------------+
; Resource                                    ; Usage                  ;
+---------------------------------------------+------------------------+
; Estimated Total logic elements              ; 34                     ;
;                                             ;                        ;
; Total combinational functions               ; 34                     ;
; Logic element usage by number of LUT inputs ;                        ;
;     -- 4 input functions                    ; 11                     ;
;     -- 3 input functions                    ; 9                      ;
;     -- <=2 input functions                  ; 14                     ;
;                                             ;                        ;
; Logic elements by mode                      ;                        ;
;     -- normal mode                          ; 34                     ;
;     -- arithmetic mode                      ; 0                      ;
;                                             ;                        ;
; Total registers                             ; 27                     ;
;     -- Dedicated logic registers            ; 27                     ;
;     -- I/O registers                        ; 0                      ;
;                                             ;                        ;
; I/O pins                                    ; 105                    ;
;                                             ;                        ;
; Embedded Multiplier 9-bit elements          ; 0                      ;
;                                             ;                        ;
; Maximum fan-out node                        ; Direct_Video_Map~input ;
; Maximum fan-out                             ; 49                     ;
; Total fan-out                               ; 307                    ;
; Average fan-out                             ; 1.13                   ;
+---------------------------------------------+------------------------+


+---------------------------------------------------------------------------------------------------------------------------------------------------------------------------------------------------------------------------------------------------------------------------------------------------------------------------------+
; Analysis & Synthesis Resource Utilization by Entity                                                                                                                                                                                                                                                                             ;
+---------------------------------------------------+---------------------+---------------------------+-------------+------------+--------------+---------+-----------+------+--------------+------------+-----------------------------------------------------------------------------+---------------------------+--------------+
; Compilation Hierarchy Node                        ; Combinational ALUTs ; Dedicated Logic Registers ; Memory Bits ; UFM Blocks ; DSP Elements ; DSP 9x9 ; DSP 18x18 ; Pins ; Virtual Pins ; ADC blocks ; Full Hierarchy Name                                                         ; Entity Name               ; Library Name ;
+---------------------------------------------------+---------------------+---------------------------+-------------+------------+--------------+---------+-----------+------+--------------+------------+-----------------------------------------------------------------------------+---------------------------+--------------+
; |i281_CPU                                         ; 34 (1)              ; 27 (1)                    ; 0           ; 0          ; 0            ; 0       ; 0         ; 105  ; 0            ; 0          ; |i281_CPU                                                                   ; i281_CPU                  ; work         ;
;    |6bitAdder:b2v_Program_Counter_Increment_By_1| ; 1 (0)               ; 0 (0)                     ; 0           ; 0          ; 0            ; 0       ; 0         ; 0    ; 0            ; 0          ; |i281_CPU|6bitAdder:b2v_Program_Counter_Increment_By_1                      ; 6bitAdder                 ; work         ;
;       |FullAdder:b2v_inst27|                      ; 1 (1)               ; 0 (0)                     ; 0           ; 0          ; 0            ; 0       ; 0         ; 0    ; 0            ; 0          ; |i281_CPU|6bitAdder:b2v_Program_Counter_Increment_By_1|FullAdder:b2v_inst27 ; FullAdder                 ; work         ;
;    |Block3:b2v_inst12|                            ; 1 (1)               ; 0 (0)                     ; 0           ; 0          ; 0            ; 0       ; 0         ; 0    ; 0            ; 0          ; |i281_CPU|Block3:b2v_inst12                                                 ; Block3                    ; work         ;
;    |Clock_dividers:b2v_inst4|                     ; 25 (0)              ; 20 (0)                    ; 0           ; 0          ; 0            ; 0       ; 0         ; 0    ; 0            ; 0          ; |i281_CPU|Clock_dividers:b2v_inst4                                          ; Clock_dividers            ; work         ;
;       |Clock_divider_4_16_and_64:b2v_inst4|       ; 2 (2)               ; 2 (2)                     ; 0           ; 0          ; 0            ; 0       ; 0         ; 0    ; 0            ; 0          ; |i281_CPU|Clock_dividers:b2v_inst4|Clock_divider_4_16_and_64:b2v_inst4      ; Clock_divider_4_16_and_64 ; work         ;
;       |Clock_divider_512:b2v_inst2|               ; 11 (11)             ; 9 (9)                     ; 0           ; 0          ; 0            ; 0       ; 0         ; 0    ; 0            ; 0          ; |i281_CPU|Clock_dividers:b2v_inst4|Clock_divider_512:b2v_inst2              ; Clock_divider_512         ; work         ;
;       |Clock_divider_512:b2v_inst|                ; 12 (12)             ; 9 (9)                     ; 0           ; 0          ; 0            ; 0       ; 0         ; 0    ; 0            ; 0          ; |i281_CPU|Clock_dividers:b2v_inst4|Clock_divider_512:b2v_inst               ; Clock_divider_512         ; work         ;
;    |ProgramCounter:b2v_inst17|                    ; 6 (6)               ; 6 (6)                     ; 0           ; 0          ; 0            ; 0       ; 0         ; 0    ; 0            ; 0          ; |i281_CPU|ProgramCounter:b2v_inst17                                         ; ProgramCounter            ; work         ;
+---------------------------------------------------+---------------------+---------------------------+-------------+------------+--------------+---------+-----------+------+--------------+------------+-----------------------------------------------------------------------------+---------------------------+--------------+
Note: For table entries with two numbers listed, the numbers in parentheses indicate the number of resources of the given type used by the specific entity alone. The numbers listed outside of parentheses indicate the total resources of the given type used by the specific entity and all of its sub-entities in the hierarchy.


+------------------------------------------------------------------------------------------------------------------------------------------------------------------------------------------------------------------------------------------------------------------------------+
; Registers Removed During Synthesis                                                                                                                                                                                                                                           ;
+--------------------------------------------------------------------------------------------------------------------------------------+---------------------------------------------------------------------------------------------------------------------------------------+
; Register name                                                                                                                        ; Reason for Removal                                                                                                                    ;
+--------------------------------------------------------------------------------------------------------------------------------------+---------------------------------------------------------------------------------------------------------------------------------------+
; Reset                                                                                                                                ; Stuck at GND due to stuck port data_in                                                                                                ;
; DMEM:b2v_inst8|SYNTHESIZED_WIRE_53                                                                                                   ; Stuck at VCC due to stuck port data_in                                                                                                ;
; IMEM:b2v_inst22|IMEM_low:b2v_inst5|SYNTHESIZED_WIRE_53                                                                               ; Stuck at VCC due to stuck port data_in                                                                                                ;
; IMEM:b2v_inst22|ReadOnly_16x16_Register_File_High:b2v_inst251|SYNTHESIZED_WIRE_53                                                    ; Stuck at VCC due to stuck port data_in                                                                                                ;
; IMEM:b2v_inst22|ReadOnly_16x16_Register_File_Low:b2v_inst2|SYNTHESIZED_WIRE_53                                                       ; Stuck at VCC due to stuck port data_in                                                                                                ;
; IMEM:b2v_inst22|IMEM_high:b2v_inst1|SYNTHESIZED_WIRE_53                                                                              ; Stuck at VCC due to stuck port data_in                                                                                                ;
; Clock_dividers:b2v_inst4|Clock_divider_4_16_and_64:b2v_inst4|TFF_inst3                                                               ; Lost fanout                                                                                                                           ;
; Clock_dividers:b2v_inst4|Clock_divider_4_16_and_64:b2v_inst4|CLK_OUT64                                                               ; Lost fanout                                                                                                                           ;
; Clock_dividers:b2v_inst4|Clock_divider_4_16_and_64:b2v_inst4|TFF_inst4                                                               ; Lost fanout                                                                                                                           ;
; Clock_dividers:b2v_inst4|Clock_divider_4_16_and_64:b2v_inst4|TFF_inst5                                                               ; Lost fanout                                                                                                                           ;
; IMEM:b2v_inst22|ReadOnly_16x16_Register_File_High:b2v_inst251|Registers16bit:b2v_inst29|REG_OUTPUT_ALTERA_SYNTHESIZED[4]             ; Merged with IMEM:b2v_inst22|ReadOnly_16x16_Register_File_High:b2v_inst251|Registers16bit:b2v_inst41|REG_OUTPUT_ALTERA_SYNTHESIZED[7]  ;
; IMEM:b2v_inst22|ReadOnly_16x16_Register_File_Low:b2v_inst2|Registers16bit:b2v_inst34|REG_OUTPUT_ALTERA_SYNTHESIZED[11]               ; Merged with IMEM:b2v_inst22|ReadOnly_16x16_Register_File_High:b2v_inst251|Registers16bit:b2v_inst41|REG_OUTPUT_ALTERA_SYNTHESIZED[7]  ;
; IMEM:b2v_inst22|ReadOnly_16x16_Register_File_High:b2v_inst251|Registers16bit:b2v_inst34|REG_OUTPUT_ALTERA_SYNTHESIZED[3]             ; Merged with IMEM:b2v_inst22|ReadOnly_16x16_Register_File_High:b2v_inst251|Registers16bit:b2v_inst41|REG_OUTPUT_ALTERA_SYNTHESIZED[7]  ;
; IMEM:b2v_inst22|ReadOnly_16x16_Register_File_Low:b2v_inst2|Registers16bit:b2v_inst34|REG_OUTPUT_ALTERA_SYNTHESIZED[13]               ; Merged with IMEM:b2v_inst22|ReadOnly_16x16_Register_File_High:b2v_inst251|Registers16bit:b2v_inst41|REG_OUTPUT_ALTERA_SYNTHESIZED[7]  ;
; IMEM:b2v_inst22|ReadOnly_16x16_Register_File_High:b2v_inst251|Registers16bit:b2v_inst28|REG_OUTPUT_ALTERA_SYNTHESIZED[7]             ; Merged with IMEM:b2v_inst22|ReadOnly_16x16_Register_File_High:b2v_inst251|Registers16bit:b2v_inst41|REG_OUTPUT_ALTERA_SYNTHESIZED[7]  ;
; IMEM:b2v_inst22|ReadOnly_16x16_Register_File_Low:b2v_inst2|Registers16bit:b2v_inst34|REG_OUTPUT_ALTERA_SYNTHESIZED[0]                ; Merged with IMEM:b2v_inst22|ReadOnly_16x16_Register_File_High:b2v_inst251|Registers16bit:b2v_inst41|REG_OUTPUT_ALTERA_SYNTHESIZED[7]  ;
; IMEM:b2v_inst22|ReadOnly_16x16_Register_File_Low:b2v_inst2|Registers16bit:b2v_inst24|REG_OUTPUT_ALTERA_SYNTHESIZED[2]                ; Merged with IMEM:b2v_inst22|ReadOnly_16x16_Register_File_High:b2v_inst251|Registers16bit:b2v_inst41|REG_OUTPUT_ALTERA_SYNTHESIZED[7]  ;
; IMEM:b2v_inst22|ReadOnly_16x16_Register_File_Low:b2v_inst2|Registers16bit:b2v_inst34|REG_OUTPUT_ALTERA_SYNTHESIZED[1]                ; Merged with IMEM:b2v_inst22|ReadOnly_16x16_Register_File_High:b2v_inst251|Registers16bit:b2v_inst41|REG_OUTPUT_ALTERA_SYNTHESIZED[7]  ;
; IMEM:b2v_inst22|ReadOnly_16x16_Register_File_High:b2v_inst251|Registers16bit:b2v_inst28|REG_OUTPUT_ALTERA_SYNTHESIZED[9]             ; Merged with IMEM:b2v_inst22|ReadOnly_16x16_Register_File_High:b2v_inst251|Registers16bit:b2v_inst41|REG_OUTPUT_ALTERA_SYNTHESIZED[7]  ;
; IMEM:b2v_inst22|ReadOnly_16x16_Register_File_Low:b2v_inst2|Registers16bit:b2v_inst34|REG_OUTPUT_ALTERA_SYNTHESIZED[3]                ; Merged with IMEM:b2v_inst22|ReadOnly_16x16_Register_File_High:b2v_inst251|Registers16bit:b2v_inst41|REG_OUTPUT_ALTERA_SYNTHESIZED[7]  ;
; IMEM:b2v_inst22|ReadOnly_16x16_Register_File_High:b2v_inst251|Registers16bit:b2v_inst34|REG_OUTPUT_ALTERA_SYNTHESIZED[4]             ; Merged with IMEM:b2v_inst22|ReadOnly_16x16_Register_File_High:b2v_inst251|Registers16bit:b2v_inst41|REG_OUTPUT_ALTERA_SYNTHESIZED[7]  ;
; IMEM:b2v_inst22|ReadOnly_16x16_Register_File_Low:b2v_inst2|Registers16bit:b2v_inst34|REG_OUTPUT_ALTERA_SYNTHESIZED[4]                ; Merged with IMEM:b2v_inst22|ReadOnly_16x16_Register_File_High:b2v_inst251|Registers16bit:b2v_inst41|REG_OUTPUT_ALTERA_SYNTHESIZED[7]  ;
; IMEM:b2v_inst22|ReadOnly_16x16_Register_File_High:b2v_inst251|Registers16bit:b2v_inst28|REG_OUTPUT_ALTERA_SYNTHESIZED[11]            ; Merged with IMEM:b2v_inst22|ReadOnly_16x16_Register_File_High:b2v_inst251|Registers16bit:b2v_inst41|REG_OUTPUT_ALTERA_SYNTHESIZED[7]  ;
; IMEM:b2v_inst22|ReadOnly_16x16_Register_File_Low:b2v_inst2|Registers16bit:b2v_inst33|REG_OUTPUT_ALTERA_SYNTHESIZED[7]                ; Merged with IMEM:b2v_inst22|ReadOnly_16x16_Register_File_High:b2v_inst251|Registers16bit:b2v_inst41|REG_OUTPUT_ALTERA_SYNTHESIZED[7]  ;
; IMEM:b2v_inst22|ReadOnly_16x16_Register_File_High:b2v_inst251|Registers16bit:b2v_inst38|REG_OUTPUT_ALTERA_SYNTHESIZED[11]            ; Merged with IMEM:b2v_inst22|ReadOnly_16x16_Register_File_High:b2v_inst251|Registers16bit:b2v_inst41|REG_OUTPUT_ALTERA_SYNTHESIZED[7]  ;
; IMEM:b2v_inst22|ReadOnly_16x16_Register_File_Low:b2v_inst2|Registers16bit:b2v_inst33|REG_OUTPUT_ALTERA_SYNTHESIZED[9]                ; Merged with IMEM:b2v_inst22|ReadOnly_16x16_Register_File_High:b2v_inst251|Registers16bit:b2v_inst41|REG_OUTPUT_ALTERA_SYNTHESIZED[7]  ;
; IMEM:b2v_inst22|ReadOnly_16x16_Register_File_High:b2v_inst251|Registers16bit:b2v_inst28|REG_OUTPUT_ALTERA_SYNTHESIZED[13]            ; Merged with IMEM:b2v_inst22|ReadOnly_16x16_Register_File_High:b2v_inst251|Registers16bit:b2v_inst41|REG_OUTPUT_ALTERA_SYNTHESIZED[7]  ;
; IMEM:b2v_inst22|ReadOnly_16x16_Register_File_Low:b2v_inst2|Registers16bit:b2v_inst33|REG_OUTPUT_ALTERA_SYNTHESIZED[11]               ; Merged with IMEM:b2v_inst22|ReadOnly_16x16_Register_File_High:b2v_inst251|Registers16bit:b2v_inst41|REG_OUTPUT_ALTERA_SYNTHESIZED[7]  ;
; IMEM:b2v_inst22|ReadOnly_16x16_Register_File_High:b2v_inst251|Registers16bit:b2v_inst33|REG_OUTPUT_ALTERA_SYNTHESIZED[7]             ; Merged with IMEM:b2v_inst22|ReadOnly_16x16_Register_File_High:b2v_inst251|Registers16bit:b2v_inst41|REG_OUTPUT_ALTERA_SYNTHESIZED[7]  ;
; IMEM:b2v_inst22|ReadOnly_16x16_Register_File_Low:b2v_inst2|Registers16bit:b2v_inst33|REG_OUTPUT_ALTERA_SYNTHESIZED[13]               ; Merged with IMEM:b2v_inst22|ReadOnly_16x16_Register_File_High:b2v_inst251|Registers16bit:b2v_inst41|REG_OUTPUT_ALTERA_SYNTHESIZED[7]  ;
; IMEM:b2v_inst22|ReadOnly_16x16_Register_File_High:b2v_inst251|Registers16bit:b2v_inst28|REG_OUTPUT_ALTERA_SYNTHESIZED[0]             ; Merged with IMEM:b2v_inst22|ReadOnly_16x16_Register_File_High:b2v_inst251|Registers16bit:b2v_inst41|REG_OUTPUT_ALTERA_SYNTHESIZED[7]  ;
; IMEM:b2v_inst22|ReadOnly_16x16_Register_File_High:b2v_inst251|Registers16bit:b2v_inst23|REG_OUTPUT_ALTERA_SYNTHESIZED[10]            ; Merged with IMEM:b2v_inst22|ReadOnly_16x16_Register_File_High:b2v_inst251|Registers16bit:b2v_inst41|REG_OUTPUT_ALTERA_SYNTHESIZED[7]  ;
; IMEM:b2v_inst22|ReadOnly_16x16_Register_File_Low:b2v_inst2|Registers16bit:b2v_inst24|REG_OUTPUT_ALTERA_SYNTHESIZED[6]                ; Merged with IMEM:b2v_inst22|ReadOnly_16x16_Register_File_High:b2v_inst251|Registers16bit:b2v_inst41|REG_OUTPUT_ALTERA_SYNTHESIZED[7]  ;
; IMEM:b2v_inst22|ReadOnly_16x16_Register_File_Low:b2v_inst2|Registers16bit:b2v_inst33|REG_OUTPUT_ALTERA_SYNTHESIZED[1]                ; Merged with IMEM:b2v_inst22|ReadOnly_16x16_Register_File_High:b2v_inst251|Registers16bit:b2v_inst41|REG_OUTPUT_ALTERA_SYNTHESIZED[7]  ;
; IMEM:b2v_inst22|ReadOnly_16x16_Register_File_High:b2v_inst251|Registers16bit:b2v_inst28|REG_OUTPUT_ALTERA_SYNTHESIZED[1]             ; Merged with IMEM:b2v_inst22|ReadOnly_16x16_Register_File_High:b2v_inst251|Registers16bit:b2v_inst41|REG_OUTPUT_ALTERA_SYNTHESIZED[7]  ;
; IMEM:b2v_inst22|ReadOnly_16x16_Register_File_Low:b2v_inst2|Registers16bit:b2v_inst33|REG_OUTPUT_ALTERA_SYNTHESIZED[3]                ; Merged with IMEM:b2v_inst22|ReadOnly_16x16_Register_File_High:b2v_inst251|Registers16bit:b2v_inst41|REG_OUTPUT_ALTERA_SYNTHESIZED[7]  ;
; IMEM:b2v_inst22|ReadOnly_16x16_Register_File_High:b2v_inst251|Registers16bit:b2v_inst33|REG_OUTPUT_ALTERA_SYNTHESIZED[9]             ; Merged with IMEM:b2v_inst22|ReadOnly_16x16_Register_File_High:b2v_inst251|Registers16bit:b2v_inst41|REG_OUTPUT_ALTERA_SYNTHESIZED[7]  ;
; IMEM:b2v_inst22|ReadOnly_16x16_Register_File_Low:b2v_inst2|Registers16bit:b2v_inst33|REG_OUTPUT_ALTERA_SYNTHESIZED[4]                ; Merged with IMEM:b2v_inst22|ReadOnly_16x16_Register_File_High:b2v_inst251|Registers16bit:b2v_inst41|REG_OUTPUT_ALTERA_SYNTHESIZED[7]  ;
; IMEM:b2v_inst22|ReadOnly_16x16_Register_File_High:b2v_inst251|Registers16bit:b2v_inst28|REG_OUTPUT_ALTERA_SYNTHESIZED[3]             ; Merged with IMEM:b2v_inst22|ReadOnly_16x16_Register_File_High:b2v_inst251|Registers16bit:b2v_inst41|REG_OUTPUT_ALTERA_SYNTHESIZED[7]  ;
; IMEM:b2v_inst22|ReadOnly_16x16_Register_File_Low:b2v_inst2|Registers16bit:b2v_inst32|REG_OUTPUT_ALTERA_SYNTHESIZED[7]                ; Merged with IMEM:b2v_inst22|ReadOnly_16x16_Register_File_High:b2v_inst251|Registers16bit:b2v_inst41|REG_OUTPUT_ALTERA_SYNTHESIZED[7]  ;
; IMEM:b2v_inst22|ReadOnly_16x16_Register_File_High:b2v_inst251|Registers16bit:b2v_inst38|REG_OUTPUT_ALTERA_SYNTHESIZED[13]            ; Merged with IMEM:b2v_inst22|ReadOnly_16x16_Register_File_High:b2v_inst251|Registers16bit:b2v_inst41|REG_OUTPUT_ALTERA_SYNTHESIZED[7]  ;
; IMEM:b2v_inst22|ReadOnly_16x16_Register_File_Low:b2v_inst2|Registers16bit:b2v_inst32|REG_OUTPUT_ALTERA_SYNTHESIZED[9]                ; Merged with IMEM:b2v_inst22|ReadOnly_16x16_Register_File_High:b2v_inst251|Registers16bit:b2v_inst41|REG_OUTPUT_ALTERA_SYNTHESIZED[7]  ;
; IMEM:b2v_inst22|ReadOnly_16x16_Register_File_High:b2v_inst251|Registers16bit:b2v_inst28|REG_OUTPUT_ALTERA_SYNTHESIZED[4]             ; Merged with IMEM:b2v_inst22|ReadOnly_16x16_Register_File_High:b2v_inst251|Registers16bit:b2v_inst41|REG_OUTPUT_ALTERA_SYNTHESIZED[7]  ;
; IMEM:b2v_inst22|ReadOnly_16x16_Register_File_Low:b2v_inst2|Registers16bit:b2v_inst32|REG_OUTPUT_ALTERA_SYNTHESIZED[11]               ; Merged with IMEM:b2v_inst22|ReadOnly_16x16_Register_File_High:b2v_inst251|Registers16bit:b2v_inst41|REG_OUTPUT_ALTERA_SYNTHESIZED[7]  ;
; IMEM:b2v_inst22|ReadOnly_16x16_Register_File_High:b2v_inst251|Registers16bit:b2v_inst33|REG_OUTPUT_ALTERA_SYNTHESIZED[11]            ; Merged with IMEM:b2v_inst22|ReadOnly_16x16_Register_File_High:b2v_inst251|Registers16bit:b2v_inst41|REG_OUTPUT_ALTERA_SYNTHESIZED[7]  ;
; IMEM:b2v_inst22|ReadOnly_16x16_Register_File_Low:b2v_inst2|Registers16bit:b2v_inst32|REG_OUTPUT_ALTERA_SYNTHESIZED[13]               ; Merged with IMEM:b2v_inst22|ReadOnly_16x16_Register_File_High:b2v_inst251|Registers16bit:b2v_inst41|REG_OUTPUT_ALTERA_SYNTHESIZED[7]  ;
; IMEM:b2v_inst22|ReadOnly_16x16_Register_File_High:b2v_inst251|Registers16bit:b2v_inst27|REG_OUTPUT_ALTERA_SYNTHESIZED[7]             ; Merged with IMEM:b2v_inst22|ReadOnly_16x16_Register_File_High:b2v_inst251|Registers16bit:b2v_inst41|REG_OUTPUT_ALTERA_SYNTHESIZED[7]  ;
; IMEM:b2v_inst22|ReadOnly_16x16_Register_File_Low:b2v_inst2|Registers16bit:b2v_inst32|REG_OUTPUT_ALTERA_SYNTHESIZED[0,1]              ; Merged with IMEM:b2v_inst22|ReadOnly_16x16_Register_File_High:b2v_inst251|Registers16bit:b2v_inst41|REG_OUTPUT_ALTERA_SYNTHESIZED[7]  ;
; IMEM:b2v_inst22|ReadOnly_16x16_Register_File_High:b2v_inst251|Registers16bit:b2v_inst27|REG_OUTPUT_ALTERA_SYNTHESIZED[9]             ; Merged with IMEM:b2v_inst22|ReadOnly_16x16_Register_File_High:b2v_inst251|Registers16bit:b2v_inst41|REG_OUTPUT_ALTERA_SYNTHESIZED[7]  ;
; IMEM:b2v_inst22|ReadOnly_16x16_Register_File_Low:b2v_inst2|Registers16bit:b2v_inst32|REG_OUTPUT_ALTERA_SYNTHESIZED[3]                ; Merged with IMEM:b2v_inst22|ReadOnly_16x16_Register_File_High:b2v_inst251|Registers16bit:b2v_inst41|REG_OUTPUT_ALTERA_SYNTHESIZED[7]  ;
; IMEM:b2v_inst22|ReadOnly_16x16_Register_File_High:b2v_inst251|Registers16bit:b2v_inst33|REG_OUTPUT_ALTERA_SYNTHESIZED[13]            ; Merged with IMEM:b2v_inst22|ReadOnly_16x16_Register_File_High:b2v_inst251|Registers16bit:b2v_inst41|REG_OUTPUT_ALTERA_SYNTHESIZED[7]  ;
; IMEM:b2v_inst22|ReadOnly_16x16_Register_File_Low:b2v_inst2|Registers16bit:b2v_inst32|REG_OUTPUT_ALTERA_SYNTHESIZED[4]                ; Merged with IMEM:b2v_inst22|ReadOnly_16x16_Register_File_High:b2v_inst251|Registers16bit:b2v_inst41|REG_OUTPUT_ALTERA_SYNTHESIZED[7]  ;
; IMEM:b2v_inst22|ReadOnly_16x16_Register_File_High:b2v_inst251|Registers16bit:b2v_inst27|REG_OUTPUT_ALTERA_SYNTHESIZED[11]            ; Merged with IMEM:b2v_inst22|ReadOnly_16x16_Register_File_High:b2v_inst251|Registers16bit:b2v_inst41|REG_OUTPUT_ALTERA_SYNTHESIZED[7]  ;
; IMEM:b2v_inst22|ReadOnly_16x16_Register_File_Low:b2v_inst2|Registers16bit:b2v_inst31|REG_OUTPUT_ALTERA_SYNTHESIZED[7]                ; Merged with IMEM:b2v_inst22|ReadOnly_16x16_Register_File_High:b2v_inst251|Registers16bit:b2v_inst41|REG_OUTPUT_ALTERA_SYNTHESIZED[7]  ;
; IMEM:b2v_inst22|ReadOnly_16x16_Register_File_High:b2v_inst251|Registers16bit:b2v_inst38|REG_OUTPUT_ALTERA_SYNTHESIZED[0]             ; Merged with IMEM:b2v_inst22|ReadOnly_16x16_Register_File_High:b2v_inst251|Registers16bit:b2v_inst41|REG_OUTPUT_ALTERA_SYNTHESIZED[7]  ;
; IMEM:b2v_inst22|ReadOnly_16x16_Register_File_Low:b2v_inst2|Registers16bit:b2v_inst31|REG_OUTPUT_ALTERA_SYNTHESIZED[9]                ; Merged with IMEM:b2v_inst22|ReadOnly_16x16_Register_File_High:b2v_inst251|Registers16bit:b2v_inst41|REG_OUTPUT_ALTERA_SYNTHESIZED[7]  ;
; IMEM:b2v_inst22|ReadOnly_16x16_Register_File_High:b2v_inst251|Registers16bit:b2v_inst27|REG_OUTPUT_ALTERA_SYNTHESIZED[13]            ; Merged with IMEM:b2v_inst22|ReadOnly_16x16_Register_File_High:b2v_inst251|Registers16bit:b2v_inst41|REG_OUTPUT_ALTERA_SYNTHESIZED[7]  ;
; IMEM:b2v_inst22|ReadOnly_16x16_Register_File_Low:b2v_inst2|Registers16bit:b2v_inst31|REG_OUTPUT_ALTERA_SYNTHESIZED[11]               ; Merged with IMEM:b2v_inst22|ReadOnly_16x16_Register_File_High:b2v_inst251|Registers16bit:b2v_inst41|REG_OUTPUT_ALTERA_SYNTHESIZED[7]  ;
; IMEM:b2v_inst22|ReadOnly_16x16_Register_File_High:b2v_inst251|Registers16bit:b2v_inst33|REG_OUTPUT_ALTERA_SYNTHESIZED[0]             ; Merged with IMEM:b2v_inst22|ReadOnly_16x16_Register_File_High:b2v_inst251|Registers16bit:b2v_inst41|REG_OUTPUT_ALTERA_SYNTHESIZED[7]  ;
; IMEM:b2v_inst22|ReadOnly_16x16_Register_File_Low:b2v_inst2|Registers16bit:b2v_inst31|REG_OUTPUT_ALTERA_SYNTHESIZED[13]               ; Merged with IMEM:b2v_inst22|ReadOnly_16x16_Register_File_High:b2v_inst251|Registers16bit:b2v_inst41|REG_OUTPUT_ALTERA_SYNTHESIZED[7]  ;
; IMEM:b2v_inst22|ReadOnly_16x16_Register_File_High:b2v_inst251|Registers16bit:b2v_inst27|REG_OUTPUT_ALTERA_SYNTHESIZED[0]             ; Merged with IMEM:b2v_inst22|ReadOnly_16x16_Register_File_High:b2v_inst251|Registers16bit:b2v_inst41|REG_OUTPUT_ALTERA_SYNTHESIZED[7]  ;
; IMEM:b2v_inst22|ReadOnly_16x16_Register_File_Low:b2v_inst2|Registers16bit:b2v_inst24|REG_OUTPUT_ALTERA_SYNTHESIZED[5]                ; Merged with IMEM:b2v_inst22|ReadOnly_16x16_Register_File_High:b2v_inst251|Registers16bit:b2v_inst41|REG_OUTPUT_ALTERA_SYNTHESIZED[7]  ;
; IMEM:b2v_inst22|ReadOnly_16x16_Register_File_High:b2v_inst251|Registers16bit:b2v_inst31|REG_OUTPUT_ALTERA_SYNTHESIZED[14]            ; Merged with IMEM:b2v_inst22|ReadOnly_16x16_Register_File_High:b2v_inst251|Registers16bit:b2v_inst41|REG_OUTPUT_ALTERA_SYNTHESIZED[7]  ;
; IMEM:b2v_inst22|ReadOnly_16x16_Register_File_High:b2v_inst251|Registers16bit:b2v_inst23|REG_OUTPUT_ALTERA_SYNTHESIZED[12]            ; Merged with IMEM:b2v_inst22|ReadOnly_16x16_Register_File_High:b2v_inst251|Registers16bit:b2v_inst41|REG_OUTPUT_ALTERA_SYNTHESIZED[7]  ;
; IMEM:b2v_inst22|ReadOnly_16x16_Register_File_Low:b2v_inst2|Registers16bit:b2v_inst23|REG_OUTPUT_ALTERA_SYNTHESIZED[8]                ; Merged with IMEM:b2v_inst22|ReadOnly_16x16_Register_File_High:b2v_inst251|Registers16bit:b2v_inst41|REG_OUTPUT_ALTERA_SYNTHESIZED[7]  ;
; IMEM:b2v_inst22|ReadOnly_16x16_Register_File_Low:b2v_inst2|Registers16bit:b2v_inst31|REG_OUTPUT_ALTERA_SYNTHESIZED[1]                ; Merged with IMEM:b2v_inst22|ReadOnly_16x16_Register_File_High:b2v_inst251|Registers16bit:b2v_inst41|REG_OUTPUT_ALTERA_SYNTHESIZED[7]  ;
; IMEM:b2v_inst22|ReadOnly_16x16_Register_File_High:b2v_inst251|Registers16bit:b2v_inst27|REG_OUTPUT_ALTERA_SYNTHESIZED[1]             ; Merged with IMEM:b2v_inst22|ReadOnly_16x16_Register_File_High:b2v_inst251|Registers16bit:b2v_inst41|REG_OUTPUT_ALTERA_SYNTHESIZED[7]  ;
; IMEM:b2v_inst22|ReadOnly_16x16_Register_File_Low:b2v_inst2|Registers16bit:b2v_inst31|REG_OUTPUT_ALTERA_SYNTHESIZED[3]                ; Merged with IMEM:b2v_inst22|ReadOnly_16x16_Register_File_High:b2v_inst251|Registers16bit:b2v_inst41|REG_OUTPUT_ALTERA_SYNTHESIZED[7]  ;
; IMEM:b2v_inst22|ReadOnly_16x16_Register_File_High:b2v_inst251|Registers16bit:b2v_inst33|REG_OUTPUT_ALTERA_SYNTHESIZED[1]             ; Merged with IMEM:b2v_inst22|ReadOnly_16x16_Register_File_High:b2v_inst251|Registers16bit:b2v_inst41|REG_OUTPUT_ALTERA_SYNTHESIZED[7]  ;
; IMEM:b2v_inst22|ReadOnly_16x16_Register_File_Low:b2v_inst2|Registers16bit:b2v_inst31|REG_OUTPUT_ALTERA_SYNTHESIZED[4]                ; Merged with IMEM:b2v_inst22|ReadOnly_16x16_Register_File_High:b2v_inst251|Registers16bit:b2v_inst41|REG_OUTPUT_ALTERA_SYNTHESIZED[7]  ;
; IMEM:b2v_inst22|ReadOnly_16x16_Register_File_High:b2v_inst251|Registers16bit:b2v_inst27|REG_OUTPUT_ALTERA_SYNTHESIZED[3]             ; Merged with IMEM:b2v_inst22|ReadOnly_16x16_Register_File_High:b2v_inst251|Registers16bit:b2v_inst41|REG_OUTPUT_ALTERA_SYNTHESIZED[7]  ;
; IMEM:b2v_inst22|ReadOnly_16x16_Register_File_Low:b2v_inst2|Registers16bit:b2v_inst30|REG_OUTPUT_ALTERA_SYNTHESIZED[7]                ; Merged with IMEM:b2v_inst22|ReadOnly_16x16_Register_File_High:b2v_inst251|Registers16bit:b2v_inst41|REG_OUTPUT_ALTERA_SYNTHESIZED[7]  ;
; IMEM:b2v_inst22|ReadOnly_16x16_Register_File_High:b2v_inst251|Registers16bit:b2v_inst38|REG_OUTPUT_ALTERA_SYNTHESIZED[1]             ; Merged with IMEM:b2v_inst22|ReadOnly_16x16_Register_File_High:b2v_inst251|Registers16bit:b2v_inst41|REG_OUTPUT_ALTERA_SYNTHESIZED[7]  ;
; IMEM:b2v_inst22|ReadOnly_16x16_Register_File_Low:b2v_inst2|Registers16bit:b2v_inst30|REG_OUTPUT_ALTERA_SYNTHESIZED[9]                ; Merged with IMEM:b2v_inst22|ReadOnly_16x16_Register_File_High:b2v_inst251|Registers16bit:b2v_inst41|REG_OUTPUT_ALTERA_SYNTHESIZED[7]  ;
; IMEM:b2v_inst22|ReadOnly_16x16_Register_File_High:b2v_inst251|Registers16bit:b2v_inst27|REG_OUTPUT_ALTERA_SYNTHESIZED[4]             ; Merged with IMEM:b2v_inst22|ReadOnly_16x16_Register_File_High:b2v_inst251|Registers16bit:b2v_inst41|REG_OUTPUT_ALTERA_SYNTHESIZED[7]  ;
; IMEM:b2v_inst22|ReadOnly_16x16_Register_File_Low:b2v_inst2|Registers16bit:b2v_inst30|REG_OUTPUT_ALTERA_SYNTHESIZED[11]               ; Merged with IMEM:b2v_inst22|ReadOnly_16x16_Register_File_High:b2v_inst251|Registers16bit:b2v_inst41|REG_OUTPUT_ALTERA_SYNTHESIZED[7]  ;
; IMEM:b2v_inst22|ReadOnly_16x16_Register_File_High:b2v_inst251|Registers16bit:b2v_inst33|REG_OUTPUT_ALTERA_SYNTHESIZED[3]             ; Merged with IMEM:b2v_inst22|ReadOnly_16x16_Register_File_High:b2v_inst251|Registers16bit:b2v_inst41|REG_OUTPUT_ALTERA_SYNTHESIZED[7]  ;
; IMEM:b2v_inst22|ReadOnly_16x16_Register_File_Low:b2v_inst2|Registers16bit:b2v_inst30|REG_OUTPUT_ALTERA_SYNTHESIZED[13]               ; Merged with IMEM:b2v_inst22|ReadOnly_16x16_Register_File_High:b2v_inst251|Registers16bit:b2v_inst41|REG_OUTPUT_ALTERA_SYNTHESIZED[7]  ;
; IMEM:b2v_inst22|ReadOnly_16x16_Register_File_High:b2v_inst251|Registers16bit:b2v_inst26|REG_OUTPUT_ALTERA_SYNTHESIZED[7]             ; Merged with IMEM:b2v_inst22|ReadOnly_16x16_Register_File_High:b2v_inst251|Registers16bit:b2v_inst41|REG_OUTPUT_ALTERA_SYNTHESIZED[7]  ;
; IMEM:b2v_inst22|ReadOnly_16x16_Register_File_Low:b2v_inst2|Registers16bit:b2v_inst30|REG_OUTPUT_ALTERA_SYNTHESIZED[0]                ; Merged with IMEM:b2v_inst22|ReadOnly_16x16_Register_File_High:b2v_inst251|Registers16bit:b2v_inst41|REG_OUTPUT_ALTERA_SYNTHESIZED[7]  ;
; IMEM:b2v_inst22|ReadOnly_16x16_Register_File_High:b2v_inst251|Registers16bit:b2v_inst41|REG_OUTPUT_ALTERA_SYNTHESIZED[9]             ; Merged with IMEM:b2v_inst22|ReadOnly_16x16_Register_File_High:b2v_inst251|Registers16bit:b2v_inst41|REG_OUTPUT_ALTERA_SYNTHESIZED[7]  ;
; IMEM:b2v_inst22|ReadOnly_16x16_Register_File_Low:b2v_inst2|Registers16bit:b2v_inst30|REG_OUTPUT_ALTERA_SYNTHESIZED[1]                ; Merged with IMEM:b2v_inst22|ReadOnly_16x16_Register_File_High:b2v_inst251|Registers16bit:b2v_inst41|REG_OUTPUT_ALTERA_SYNTHESIZED[7]  ;
; IMEM:b2v_inst22|ReadOnly_16x16_Register_File_High:b2v_inst251|Registers16bit:b2v_inst26|REG_OUTPUT_ALTERA_SYNTHESIZED[9]             ; Merged with IMEM:b2v_inst22|ReadOnly_16x16_Register_File_High:b2v_inst251|Registers16bit:b2v_inst41|REG_OUTPUT_ALTERA_SYNTHESIZED[7]  ;
; IMEM:b2v_inst22|ReadOnly_16x16_Register_File_Low:b2v_inst2|Registers16bit:b2v_inst30|REG_OUTPUT_ALTERA_SYNTHESIZED[3]                ; Merged with IMEM:b2v_inst22|ReadOnly_16x16_Register_File_High:b2v_inst251|Registers16bit:b2v_inst41|REG_OUTPUT_ALTERA_SYNTHESIZED[7]  ;
; IMEM:b2v_inst22|ReadOnly_16x16_Register_File_High:b2v_inst251|Registers16bit:b2v_inst33|REG_OUTPUT_ALTERA_SYNTHESIZED[4]             ; Merged with IMEM:b2v_inst22|ReadOnly_16x16_Register_File_High:b2v_inst251|Registers16bit:b2v_inst41|REG_OUTPUT_ALTERA_SYNTHESIZED[7]  ;
; IMEM:b2v_inst22|ReadOnly_16x16_Register_File_Low:b2v_inst2|Registers16bit:b2v_inst30|REG_OUTPUT_ALTERA_SYNTHESIZED[4]                ; Merged with IMEM:b2v_inst22|ReadOnly_16x16_Register_File_High:b2v_inst251|Registers16bit:b2v_inst41|REG_OUTPUT_ALTERA_SYNTHESIZED[7]  ;
; IMEM:b2v_inst22|ReadOnly_16x16_Register_File_High:b2v_inst251|Registers16bit:b2v_inst26|REG_OUTPUT_ALTERA_SYNTHESIZED[11]            ; Merged with IMEM:b2v_inst22|ReadOnly_16x16_Register_File_High:b2v_inst251|Registers16bit:b2v_inst41|REG_OUTPUT_ALTERA_SYNTHESIZED[7]  ;
; IMEM:b2v_inst22|ReadOnly_16x16_Register_File_Low:b2v_inst2|Registers16bit:b2v_inst29|REG_OUTPUT_ALTERA_SYNTHESIZED[7]                ; Merged with IMEM:b2v_inst22|ReadOnly_16x16_Register_File_High:b2v_inst251|Registers16bit:b2v_inst41|REG_OUTPUT_ALTERA_SYNTHESIZED[7]  ;
; IMEM:b2v_inst22|ReadOnly_16x16_Register_File_High:b2v_inst251|Registers16bit:b2v_inst38|REG_OUTPUT_ALTERA_SYNTHESIZED[3]             ; Merged with IMEM:b2v_inst22|ReadOnly_16x16_Register_File_High:b2v_inst251|Registers16bit:b2v_inst41|REG_OUTPUT_ALTERA_SYNTHESIZED[7]  ;
; IMEM:b2v_inst22|ReadOnly_16x16_Register_File_Low:b2v_inst2|Registers16bit:b2v_inst29|REG_OUTPUT_ALTERA_SYNTHESIZED[9]                ; Merged with IMEM:b2v_inst22|ReadOnly_16x16_Register_File_High:b2v_inst251|Registers16bit:b2v_inst41|REG_OUTPUT_ALTERA_SYNTHESIZED[7]  ;
; IMEM:b2v_inst22|ReadOnly_16x16_Register_File_High:b2v_inst251|Registers16bit:b2v_inst26|REG_OUTPUT_ALTERA_SYNTHESIZED[13]            ; Merged with IMEM:b2v_inst22|ReadOnly_16x16_Register_File_High:b2v_inst251|Registers16bit:b2v_inst41|REG_OUTPUT_ALTERA_SYNTHESIZED[7]  ;
; IMEM:b2v_inst22|ReadOnly_16x16_Register_File_Low:b2v_inst2|Registers16bit:b2v_inst29|REG_OUTPUT_ALTERA_SYNTHESIZED[11]               ; Merged with IMEM:b2v_inst22|ReadOnly_16x16_Register_File_High:b2v_inst251|Registers16bit:b2v_inst41|REG_OUTPUT_ALTERA_SYNTHESIZED[7]  ;
; IMEM:b2v_inst22|ReadOnly_16x16_Register_File_High:b2v_inst251|Registers16bit:b2v_inst32|REG_OUTPUT_ALTERA_SYNTHESIZED[7]             ; Merged with IMEM:b2v_inst22|ReadOnly_16x16_Register_File_High:b2v_inst251|Registers16bit:b2v_inst41|REG_OUTPUT_ALTERA_SYNTHESIZED[7]  ;
; IMEM:b2v_inst22|ReadOnly_16x16_Register_File_Low:b2v_inst2|Registers16bit:b2v_inst29|REG_OUTPUT_ALTERA_SYNTHESIZED[13]               ; Merged with IMEM:b2v_inst22|ReadOnly_16x16_Register_File_High:b2v_inst251|Registers16bit:b2v_inst41|REG_OUTPUT_ALTERA_SYNTHESIZED[7]  ;
; IMEM:b2v_inst22|ReadOnly_16x16_Register_File_High:b2v_inst251|Registers16bit:b2v_inst26|REG_OUTPUT_ALTERA_SYNTHESIZED[0]             ; Merged with IMEM:b2v_inst22|ReadOnly_16x16_Register_File_High:b2v_inst251|Registers16bit:b2v_inst41|REG_OUTPUT_ALTERA_SYNTHESIZED[7]  ;
; IMEM:b2v_inst22|ReadOnly_16x16_Register_File_Low:b2v_inst2|Registers16bit:b2v_inst29|REG_OUTPUT_ALTERA_SYNTHESIZED[0,1]              ; Merged with IMEM:b2v_inst22|ReadOnly_16x16_Register_File_High:b2v_inst251|Registers16bit:b2v_inst41|REG_OUTPUT_ALTERA_SYNTHESIZED[7]  ;
; IMEM:b2v_inst22|ReadOnly_16x16_Register_File_High:b2v_inst251|Registers16bit:b2v_inst26|REG_OUTPUT_ALTERA_SYNTHESIZED[1]             ; Merged with IMEM:b2v_inst22|ReadOnly_16x16_Register_File_High:b2v_inst251|Registers16bit:b2v_inst41|REG_OUTPUT_ALTERA_SYNTHESIZED[7]  ;
; IMEM:b2v_inst22|ReadOnly_16x16_Register_File_Low:b2v_inst2|Registers16bit:b2v_inst29|REG_OUTPUT_ALTERA_SYNTHESIZED[3]                ; Merged with IMEM:b2v_inst22|ReadOnly_16x16_Register_File_High:b2v_inst251|Registers16bit:b2v_inst41|REG_OUTPUT_ALTERA_SYNTHESIZED[7]  ;
; IMEM:b2v_inst22|ReadOnly_16x16_Register_File_High:b2v_inst251|Registers16bit:b2v_inst32|REG_OUTPUT_ALTERA_SYNTHESIZED[9]             ; Merged with IMEM:b2v_inst22|ReadOnly_16x16_Register_File_High:b2v_inst251|Registers16bit:b2v_inst41|REG_OUTPUT_ALTERA_SYNTHESIZED[7]  ;
; IMEM:b2v_inst22|ReadOnly_16x16_Register_File_Low:b2v_inst2|Registers16bit:b2v_inst29|REG_OUTPUT_ALTERA_SYNTHESIZED[4]                ; Merged with IMEM:b2v_inst22|ReadOnly_16x16_Register_File_High:b2v_inst251|Registers16bit:b2v_inst41|REG_OUTPUT_ALTERA_SYNTHESIZED[7]  ;
; IMEM:b2v_inst22|ReadOnly_16x16_Register_File_High:b2v_inst251|Registers16bit:b2v_inst26|REG_OUTPUT_ALTERA_SYNTHESIZED[3]             ; Merged with IMEM:b2v_inst22|ReadOnly_16x16_Register_File_High:b2v_inst251|Registers16bit:b2v_inst41|REG_OUTPUT_ALTERA_SYNTHESIZED[7]  ;
; IMEM:b2v_inst22|ReadOnly_16x16_Register_File_Low:b2v_inst2|Registers16bit:b2v_inst28|REG_OUTPUT_ALTERA_SYNTHESIZED[7]                ; Merged with IMEM:b2v_inst22|ReadOnly_16x16_Register_File_High:b2v_inst251|Registers16bit:b2v_inst41|REG_OUTPUT_ALTERA_SYNTHESIZED[7]  ;
; IMEM:b2v_inst22|ReadOnly_16x16_Register_File_High:b2v_inst251|Registers16bit:b2v_inst38|REG_OUTPUT_ALTERA_SYNTHESIZED[4]             ; Merged with IMEM:b2v_inst22|ReadOnly_16x16_Register_File_High:b2v_inst251|Registers16bit:b2v_inst41|REG_OUTPUT_ALTERA_SYNTHESIZED[7]  ;
; IMEM:b2v_inst22|ReadOnly_16x16_Register_File_Low:b2v_inst2|Registers16bit:b2v_inst28|REG_OUTPUT_ALTERA_SYNTHESIZED[9]                ; Merged with IMEM:b2v_inst22|ReadOnly_16x16_Register_File_High:b2v_inst251|Registers16bit:b2v_inst41|REG_OUTPUT_ALTERA_SYNTHESIZED[7]  ;
; IMEM:b2v_inst22|ReadOnly_16x16_Register_File_High:b2v_inst251|Registers16bit:b2v_inst26|REG_OUTPUT_ALTERA_SYNTHESIZED[4]             ; Merged with IMEM:b2v_inst22|ReadOnly_16x16_Register_File_High:b2v_inst251|Registers16bit:b2v_inst41|REG_OUTPUT_ALTERA_SYNTHESIZED[7]  ;
; IMEM:b2v_inst22|ReadOnly_16x16_Register_File_Low:b2v_inst2|Registers16bit:b2v_inst28|REG_OUTPUT_ALTERA_SYNTHESIZED[11]               ; Merged with IMEM:b2v_inst22|ReadOnly_16x16_Register_File_High:b2v_inst251|Registers16bit:b2v_inst41|REG_OUTPUT_ALTERA_SYNTHESIZED[7]  ;
; IMEM:b2v_inst22|ReadOnly_16x16_Register_File_High:b2v_inst251|Registers16bit:b2v_inst32|REG_OUTPUT_ALTERA_SYNTHESIZED[11]            ; Merged with IMEM:b2v_inst22|ReadOnly_16x16_Register_File_High:b2v_inst251|Registers16bit:b2v_inst41|REG_OUTPUT_ALTERA_SYNTHESIZED[7]  ;
; IMEM:b2v_inst22|ReadOnly_16x16_Register_File_Low:b2v_inst2|Registers16bit:b2v_inst28|REG_OUTPUT_ALTERA_SYNTHESIZED[13]               ; Merged with IMEM:b2v_inst22|ReadOnly_16x16_Register_File_High:b2v_inst251|Registers16bit:b2v_inst41|REG_OUTPUT_ALTERA_SYNTHESIZED[7]  ;
; IMEM:b2v_inst22|ReadOnly_16x16_Register_File_High:b2v_inst251|Registers16bit:b2v_inst30|REG_OUTPUT_ALTERA_SYNTHESIZED[8,15]          ; Merged with IMEM:b2v_inst22|ReadOnly_16x16_Register_File_High:b2v_inst251|Registers16bit:b2v_inst41|REG_OUTPUT_ALTERA_SYNTHESIZED[8]  ;
; IMEM:b2v_inst22|ReadOnly_16x16_Register_File_Low:b2v_inst2|Registers16bit:b2v_inst41|REG_OUTPUT_ALTERA_SYNTHESIZED[15]               ; Merged with IMEM:b2v_inst22|ReadOnly_16x16_Register_File_High:b2v_inst251|Registers16bit:b2v_inst41|REG_OUTPUT_ALTERA_SYNTHESIZED[8]  ;
; IMEM:b2v_inst22|ReadOnly_16x16_Register_File_Low:b2v_inst2|Registers16bit:b2v_inst38|REG_OUTPUT_ALTERA_SYNTHESIZED[15]               ; Merged with IMEM:b2v_inst22|ReadOnly_16x16_Register_File_High:b2v_inst251|Registers16bit:b2v_inst41|REG_OUTPUT_ALTERA_SYNTHESIZED[8]  ;
; IMEM:b2v_inst22|ReadOnly_16x16_Register_File_High:b2v_inst251|Registers16bit:b2v_inst34|REG_OUTPUT_ALTERA_SYNTHESIZED[15]            ; Merged with IMEM:b2v_inst22|ReadOnly_16x16_Register_File_High:b2v_inst251|Registers16bit:b2v_inst41|REG_OUTPUT_ALTERA_SYNTHESIZED[8]  ;
; IMEM:b2v_inst22|ReadOnly_16x16_Register_File_High:b2v_inst251|Registers16bit:b2v_inst29|REG_OUTPUT_ALTERA_SYNTHESIZED[15]            ; Merged with IMEM:b2v_inst22|ReadOnly_16x16_Register_File_High:b2v_inst251|Registers16bit:b2v_inst41|REG_OUTPUT_ALTERA_SYNTHESIZED[8]  ;
; IMEM:b2v_inst22|ReadOnly_16x16_Register_File_Low:b2v_inst2|Registers16bit:b2v_inst36|REG_OUTPUT_ALTERA_SYNTHESIZED[15]               ; Merged with IMEM:b2v_inst22|ReadOnly_16x16_Register_File_High:b2v_inst251|Registers16bit:b2v_inst41|REG_OUTPUT_ALTERA_SYNTHESIZED[8]  ;
; IMEM:b2v_inst22|ReadOnly_16x16_Register_File_Low:b2v_inst2|Registers16bit:b2v_inst34|REG_OUTPUT_ALTERA_SYNTHESIZED[15]               ; Merged with IMEM:b2v_inst22|ReadOnly_16x16_Register_File_High:b2v_inst251|Registers16bit:b2v_inst41|REG_OUTPUT_ALTERA_SYNTHESIZED[8]  ;
; IMEM:b2v_inst22|ReadOnly_16x16_Register_File_High:b2v_inst251|Registers16bit:b2v_inst28|REG_OUTPUT_ALTERA_SYNTHESIZED[15]            ; Merged with IMEM:b2v_inst22|ReadOnly_16x16_Register_File_High:b2v_inst251|Registers16bit:b2v_inst41|REG_OUTPUT_ALTERA_SYNTHESIZED[8]  ;
; IMEM:b2v_inst22|ReadOnly_16x16_Register_File_Low:b2v_inst2|Registers16bit:b2v_inst33|REG_OUTPUT_ALTERA_SYNTHESIZED[15]               ; Merged with IMEM:b2v_inst22|ReadOnly_16x16_Register_File_High:b2v_inst251|Registers16bit:b2v_inst41|REG_OUTPUT_ALTERA_SYNTHESIZED[8]  ;
; IMEM:b2v_inst22|ReadOnly_16x16_Register_File_Low:b2v_inst2|Registers16bit:b2v_inst22|REG_OUTPUT_ALTERA_SYNTHESIZED[15]               ; Merged with IMEM:b2v_inst22|ReadOnly_16x16_Register_File_High:b2v_inst251|Registers16bit:b2v_inst41|REG_OUTPUT_ALTERA_SYNTHESIZED[8]  ;
; IMEM:b2v_inst22|ReadOnly_16x16_Register_File_High:b2v_inst251|Registers16bit:b2v_inst36|REG_OUTPUT_ALTERA_SYNTHESIZED[6]             ; Merged with IMEM:b2v_inst22|ReadOnly_16x16_Register_File_High:b2v_inst251|Registers16bit:b2v_inst41|REG_OUTPUT_ALTERA_SYNTHESIZED[8]  ;
; IMEM:b2v_inst22|ReadOnly_16x16_Register_File_High:b2v_inst251|Registers16bit:b2v_inst30|REG_OUTPUT_ALTERA_SYNTHESIZED[12]            ; Merged with IMEM:b2v_inst22|ReadOnly_16x16_Register_File_High:b2v_inst251|Registers16bit:b2v_inst41|REG_OUTPUT_ALTERA_SYNTHESIZED[8]  ;
; IMEM:b2v_inst22|ReadOnly_16x16_Register_File_High:b2v_inst251|Registers16bit:b2v_inst36|REG_OUTPUT_ALTERA_SYNTHESIZED[5]             ; Merged with IMEM:b2v_inst22|ReadOnly_16x16_Register_File_High:b2v_inst251|Registers16bit:b2v_inst41|REG_OUTPUT_ALTERA_SYNTHESIZED[8]  ;
; IMEM:b2v_inst22|ReadOnly_16x16_Register_File_Low:b2v_inst2|Registers16bit:b2v_inst38|REG_OUTPUT_ALTERA_SYNTHESIZED[8]                ; Merged with IMEM:b2v_inst22|ReadOnly_16x16_Register_File_High:b2v_inst251|Registers16bit:b2v_inst41|REG_OUTPUT_ALTERA_SYNTHESIZED[8]  ;
; IMEM:b2v_inst22|ReadOnly_16x16_Register_File_High:b2v_inst251|Registers16bit:b2v_inst29|REG_OUTPUT_ALTERA_SYNTHESIZED[8]             ; Merged with IMEM:b2v_inst22|ReadOnly_16x16_Register_File_High:b2v_inst251|Registers16bit:b2v_inst41|REG_OUTPUT_ALTERA_SYNTHESIZED[8]  ;
; IMEM:b2v_inst22|ReadOnly_16x16_Register_File_Low:b2v_inst2|Registers16bit:b2v_inst36|REG_OUTPUT_ALTERA_SYNTHESIZED[8]                ; Merged with IMEM:b2v_inst22|ReadOnly_16x16_Register_File_High:b2v_inst251|Registers16bit:b2v_inst41|REG_OUTPUT_ALTERA_SYNTHESIZED[8]  ;
; IMEM:b2v_inst22|ReadOnly_16x16_Register_File_High:b2v_inst251|Registers16bit:b2v_inst38|REG_OUTPUT_ALTERA_SYNTHESIZED[8]             ; Merged with IMEM:b2v_inst22|ReadOnly_16x16_Register_File_High:b2v_inst251|Registers16bit:b2v_inst41|REG_OUTPUT_ALTERA_SYNTHESIZED[8]  ;
; IMEM:b2v_inst22|ReadOnly_16x16_Register_File_Low:b2v_inst2|Registers16bit:b2v_inst34|REG_OUTPUT_ALTERA_SYNTHESIZED[8]                ; Merged with IMEM:b2v_inst22|ReadOnly_16x16_Register_File_High:b2v_inst251|Registers16bit:b2v_inst41|REG_OUTPUT_ALTERA_SYNTHESIZED[8]  ;
; IMEM:b2v_inst22|ReadOnly_16x16_Register_File_High:b2v_inst251|Registers16bit:b2v_inst28|REG_OUTPUT_ALTERA_SYNTHESIZED[8]             ; Merged with IMEM:b2v_inst22|ReadOnly_16x16_Register_File_High:b2v_inst251|Registers16bit:b2v_inst41|REG_OUTPUT_ALTERA_SYNTHESIZED[8]  ;
; IMEM:b2v_inst22|ReadOnly_16x16_Register_File_Low:b2v_inst2|Registers16bit:b2v_inst33|REG_OUTPUT_ALTERA_SYNTHESIZED[8]                ; Merged with IMEM:b2v_inst22|ReadOnly_16x16_Register_File_High:b2v_inst251|Registers16bit:b2v_inst41|REG_OUTPUT_ALTERA_SYNTHESIZED[8]  ;
; IMEM:b2v_inst22|ReadOnly_16x16_Register_File_High:b2v_inst251|Registers16bit:b2v_inst33|REG_OUTPUT_ALTERA_SYNTHESIZED[8]             ; Merged with IMEM:b2v_inst22|ReadOnly_16x16_Register_File_High:b2v_inst251|Registers16bit:b2v_inst41|REG_OUTPUT_ALTERA_SYNTHESIZED[8]  ;
; IMEM:b2v_inst22|ReadOnly_16x16_Register_File_Low:b2v_inst2|Registers16bit:b2v_inst32|REG_OUTPUT_ALTERA_SYNTHESIZED[8]                ; Merged with IMEM:b2v_inst22|ReadOnly_16x16_Register_File_High:b2v_inst251|Registers16bit:b2v_inst41|REG_OUTPUT_ALTERA_SYNTHESIZED[8]  ;
; IMEM:b2v_inst22|ReadOnly_16x16_Register_File_High:b2v_inst251|Registers16bit:b2v_inst27|REG_OUTPUT_ALTERA_SYNTHESIZED[8]             ; Merged with IMEM:b2v_inst22|ReadOnly_16x16_Register_File_High:b2v_inst251|Registers16bit:b2v_inst41|REG_OUTPUT_ALTERA_SYNTHESIZED[8]  ;
; IMEM:b2v_inst22|ReadOnly_16x16_Register_File_Low:b2v_inst2|Registers16bit:b2v_inst32|REG_OUTPUT_ALTERA_SYNTHESIZED[15]               ; Merged with IMEM:b2v_inst22|ReadOnly_16x16_Register_File_High:b2v_inst251|Registers16bit:b2v_inst41|REG_OUTPUT_ALTERA_SYNTHESIZED[8]  ;
; IMEM:b2v_inst22|ReadOnly_16x16_Register_File_Low:b2v_inst2|Registers16bit:b2v_inst31|REG_OUTPUT_ALTERA_SYNTHESIZED[8]                ; Merged with IMEM:b2v_inst22|ReadOnly_16x16_Register_File_High:b2v_inst251|Registers16bit:b2v_inst41|REG_OUTPUT_ALTERA_SYNTHESIZED[8]  ;
; IMEM:b2v_inst22|ReadOnly_16x16_Register_File_High:b2v_inst251|Registers16bit:b2v_inst38|REG_OUTPUT_ALTERA_SYNTHESIZED[15]            ; Merged with IMEM:b2v_inst22|ReadOnly_16x16_Register_File_High:b2v_inst251|Registers16bit:b2v_inst41|REG_OUTPUT_ALTERA_SYNTHESIZED[8]  ;
; IMEM:b2v_inst22|ReadOnly_16x16_Register_File_High:b2v_inst251|Registers16bit:b2v_inst33|REG_OUTPUT_ALTERA_SYNTHESIZED[15]            ; Merged with IMEM:b2v_inst22|ReadOnly_16x16_Register_File_High:b2v_inst251|Registers16bit:b2v_inst41|REG_OUTPUT_ALTERA_SYNTHESIZED[8]  ;
; IMEM:b2v_inst22|ReadOnly_16x16_Register_File_High:b2v_inst251|Registers16bit:b2v_inst27|REG_OUTPUT_ALTERA_SYNTHESIZED[15]            ; Merged with IMEM:b2v_inst22|ReadOnly_16x16_Register_File_High:b2v_inst251|Registers16bit:b2v_inst41|REG_OUTPUT_ALTERA_SYNTHESIZED[8]  ;
; IMEM:b2v_inst22|ReadOnly_16x16_Register_File_Low:b2v_inst2|Registers16bit:b2v_inst31|REG_OUTPUT_ALTERA_SYNTHESIZED[15]               ; Merged with IMEM:b2v_inst22|ReadOnly_16x16_Register_File_High:b2v_inst251|Registers16bit:b2v_inst41|REG_OUTPUT_ALTERA_SYNTHESIZED[8]  ;
; IMEM:b2v_inst22|ReadOnly_16x16_Register_File_Low:b2v_inst2|Registers16bit:b2v_inst30|REG_OUTPUT_ALTERA_SYNTHESIZED[8]                ; Merged with IMEM:b2v_inst22|ReadOnly_16x16_Register_File_High:b2v_inst251|Registers16bit:b2v_inst41|REG_OUTPUT_ALTERA_SYNTHESIZED[8]  ;
; IMEM:b2v_inst22|ReadOnly_16x16_Register_File_High:b2v_inst251|Registers16bit:b2v_inst26|REG_OUTPUT_ALTERA_SYNTHESIZED[8]             ; Merged with IMEM:b2v_inst22|ReadOnly_16x16_Register_File_High:b2v_inst251|Registers16bit:b2v_inst41|REG_OUTPUT_ALTERA_SYNTHESIZED[8]  ;
; IMEM:b2v_inst22|ReadOnly_16x16_Register_File_Low:b2v_inst2|Registers16bit:b2v_inst30|REG_OUTPUT_ALTERA_SYNTHESIZED[15]               ; Merged with IMEM:b2v_inst22|ReadOnly_16x16_Register_File_High:b2v_inst251|Registers16bit:b2v_inst41|REG_OUTPUT_ALTERA_SYNTHESIZED[8]  ;
; IMEM:b2v_inst22|ReadOnly_16x16_Register_File_Low:b2v_inst2|Registers16bit:b2v_inst29|REG_OUTPUT_ALTERA_SYNTHESIZED[8]                ; Merged with IMEM:b2v_inst22|ReadOnly_16x16_Register_File_High:b2v_inst251|Registers16bit:b2v_inst41|REG_OUTPUT_ALTERA_SYNTHESIZED[8]  ;
; IMEM:b2v_inst22|ReadOnly_16x16_Register_File_High:b2v_inst251|Registers16bit:b2v_inst32|REG_OUTPUT_ALTERA_SYNTHESIZED[8]             ; Merged with IMEM:b2v_inst22|ReadOnly_16x16_Register_File_High:b2v_inst251|Registers16bit:b2v_inst41|REG_OUTPUT_ALTERA_SYNTHESIZED[8]  ;
; IMEM:b2v_inst22|ReadOnly_16x16_Register_File_High:b2v_inst251|Registers16bit:b2v_inst26|REG_OUTPUT_ALTERA_SYNTHESIZED[15]            ; Merged with IMEM:b2v_inst22|ReadOnly_16x16_Register_File_High:b2v_inst251|Registers16bit:b2v_inst41|REG_OUTPUT_ALTERA_SYNTHESIZED[8]  ;
; IMEM:b2v_inst22|ReadOnly_16x16_Register_File_Low:b2v_inst2|Registers16bit:b2v_inst29|REG_OUTPUT_ALTERA_SYNTHESIZED[15]               ; Merged with IMEM:b2v_inst22|ReadOnly_16x16_Register_File_High:b2v_inst251|Registers16bit:b2v_inst41|REG_OUTPUT_ALTERA_SYNTHESIZED[8]  ;
; IMEM:b2v_inst22|ReadOnly_16x16_Register_File_Low:b2v_inst2|Registers16bit:b2v_inst28|REG_OUTPUT_ALTERA_SYNTHESIZED[8]                ; Merged with IMEM:b2v_inst22|ReadOnly_16x16_Register_File_High:b2v_inst251|Registers16bit:b2v_inst41|REG_OUTPUT_ALTERA_SYNTHESIZED[8]  ;
; IMEM:b2v_inst22|ReadOnly_16x16_Register_File_High:b2v_inst251|Registers16bit:b2v_inst25|REG_OUTPUT_ALTERA_SYNTHESIZED[8]             ; Merged with IMEM:b2v_inst22|ReadOnly_16x16_Register_File_High:b2v_inst251|Registers16bit:b2v_inst41|REG_OUTPUT_ALTERA_SYNTHESIZED[8]  ;
; IMEM:b2v_inst22|ReadOnly_16x16_Register_File_Low:b2v_inst2|Registers16bit:b2v_inst28|REG_OUTPUT_ALTERA_SYNTHESIZED[15]               ; Merged with IMEM:b2v_inst22|ReadOnly_16x16_Register_File_High:b2v_inst251|Registers16bit:b2v_inst41|REG_OUTPUT_ALTERA_SYNTHESIZED[8]  ;
; IMEM:b2v_inst22|ReadOnly_16x16_Register_File_Low:b2v_inst2|Registers16bit:b2v_inst22|REG_OUTPUT_ALTERA_SYNTHESIZED[8]                ; Merged with IMEM:b2v_inst22|ReadOnly_16x16_Register_File_High:b2v_inst251|Registers16bit:b2v_inst41|REG_OUTPUT_ALTERA_SYNTHESIZED[8]  ;
; IMEM:b2v_inst22|ReadOnly_16x16_Register_File_High:b2v_inst251|Registers16bit:b2v_inst22|REG_OUTPUT_ALTERA_SYNTHESIZED[8]             ; Merged with IMEM:b2v_inst22|ReadOnly_16x16_Register_File_High:b2v_inst251|Registers16bit:b2v_inst41|REG_OUTPUT_ALTERA_SYNTHESIZED[8]  ;
; IMEM:b2v_inst22|ReadOnly_16x16_Register_File_High:b2v_inst251|Registers16bit:b2v_inst31|REG_OUTPUT_ALTERA_SYNTHESIZED[5]             ; Merged with IMEM:b2v_inst22|ReadOnly_16x16_Register_File_High:b2v_inst251|Registers16bit:b2v_inst41|REG_OUTPUT_ALTERA_SYNTHESIZED[8]  ;
; IMEM:b2v_inst22|ReadOnly_16x16_Register_File_High:b2v_inst251|Registers16bit:b2v_inst22|REG_OUTPUT_ALTERA_SYNTHESIZED[15]            ; Merged with IMEM:b2v_inst22|ReadOnly_16x16_Register_File_High:b2v_inst251|Registers16bit:b2v_inst41|REG_OUTPUT_ALTERA_SYNTHESIZED[8]  ;
; IMEM:b2v_inst22|ReadOnly_16x16_Register_File_High:b2v_inst251|Registers16bit:b2v_inst30|REG_OUTPUT_ALTERA_SYNTHESIZED[10,13,14]      ; Merged with IMEM:b2v_inst22|ReadOnly_16x16_Register_File_High:b2v_inst251|Registers16bit:b2v_inst41|REG_OUTPUT_ALTERA_SYNTHESIZED[8]  ;
; IMEM:b2v_inst22|ReadOnly_16x16_Register_File_Low:b2v_inst2|Registers16bit:b2v_inst41|REG_OUTPUT_ALTERA_SYNTHESIZED[0,6]              ; Merged with IMEM:b2v_inst22|ReadOnly_16x16_Register_File_High:b2v_inst251|Registers16bit:b2v_inst41|REG_OUTPUT_ALTERA_SYNTHESIZED[8]  ;
; IMEM:b2v_inst22|ReadOnly_16x16_Register_File_High:b2v_inst251|Registers16bit:b2v_inst30|REG_OUTPUT_ALTERA_SYNTHESIZED[6]             ; Merged with IMEM:b2v_inst22|ReadOnly_16x16_Register_File_High:b2v_inst251|Registers16bit:b2v_inst41|REG_OUTPUT_ALTERA_SYNTHESIZED[8]  ;
; IMEM:b2v_inst22|ReadOnly_16x16_Register_File_Low:b2v_inst2|Registers16bit:b2v_inst38|REG_OUTPUT_ALTERA_SYNTHESIZED[12]               ; Merged with IMEM:b2v_inst22|ReadOnly_16x16_Register_File_High:b2v_inst251|Registers16bit:b2v_inst41|REG_OUTPUT_ALTERA_SYNTHESIZED[8]  ;
; IMEM:b2v_inst22|ReadOnly_16x16_Register_File_High:b2v_inst251|Registers16bit:b2v_inst34|REG_OUTPUT_ALTERA_SYNTHESIZED[12]            ; Merged with IMEM:b2v_inst22|ReadOnly_16x16_Register_File_High:b2v_inst251|Registers16bit:b2v_inst41|REG_OUTPUT_ALTERA_SYNTHESIZED[8]  ;
; IMEM:b2v_inst22|ReadOnly_16x16_Register_File_Low:b2v_inst2|Registers16bit:b2v_inst38|REG_OUTPUT_ALTERA_SYNTHESIZED[6]                ; Merged with IMEM:b2v_inst22|ReadOnly_16x16_Register_File_High:b2v_inst251|Registers16bit:b2v_inst41|REG_OUTPUT_ALTERA_SYNTHESIZED[8]  ;
; IMEM:b2v_inst22|ReadOnly_16x16_Register_File_High:b2v_inst251|Registers16bit:b2v_inst29|REG_OUTPUT_ALTERA_SYNTHESIZED[12]            ; Merged with IMEM:b2v_inst22|ReadOnly_16x16_Register_File_High:b2v_inst251|Registers16bit:b2v_inst41|REG_OUTPUT_ALTERA_SYNTHESIZED[8]  ;
; IMEM:b2v_inst22|ReadOnly_16x16_Register_File_Low:b2v_inst2|Registers16bit:b2v_inst36|REG_OUTPUT_ALTERA_SYNTHESIZED[0,6,12]           ; Merged with IMEM:b2v_inst22|ReadOnly_16x16_Register_File_High:b2v_inst251|Registers16bit:b2v_inst41|REG_OUTPUT_ALTERA_SYNTHESIZED[8]  ;
; IMEM:b2v_inst22|ReadOnly_16x16_Register_File_High:b2v_inst251|Registers16bit:b2v_inst29|REG_OUTPUT_ALTERA_SYNTHESIZED[6]             ; Merged with IMEM:b2v_inst22|ReadOnly_16x16_Register_File_High:b2v_inst251|Registers16bit:b2v_inst41|REG_OUTPUT_ALTERA_SYNTHESIZED[8]  ;
; IMEM:b2v_inst22|ReadOnly_16x16_Register_File_Low:b2v_inst2|Registers16bit:b2v_inst34|REG_OUTPUT_ALTERA_SYNTHESIZED[12]               ; Merged with IMEM:b2v_inst22|ReadOnly_16x16_Register_File_High:b2v_inst251|Registers16bit:b2v_inst41|REG_OUTPUT_ALTERA_SYNTHESIZED[8]  ;
; IMEM:b2v_inst22|ReadOnly_16x16_Register_File_High:b2v_inst251|Registers16bit:b2v_inst34|REG_OUTPUT_ALTERA_SYNTHESIZED[6]             ; Merged with IMEM:b2v_inst22|ReadOnly_16x16_Register_File_High:b2v_inst251|Registers16bit:b2v_inst41|REG_OUTPUT_ALTERA_SYNTHESIZED[8]  ;
; IMEM:b2v_inst22|ReadOnly_16x16_Register_File_Low:b2v_inst2|Registers16bit:b2v_inst34|REG_OUTPUT_ALTERA_SYNTHESIZED[6]                ; Merged with IMEM:b2v_inst22|ReadOnly_16x16_Register_File_High:b2v_inst251|Registers16bit:b2v_inst41|REG_OUTPUT_ALTERA_SYNTHESIZED[8]  ;
; IMEM:b2v_inst22|ReadOnly_16x16_Register_File_High:b2v_inst251|Registers16bit:b2v_inst28|REG_OUTPUT_ALTERA_SYNTHESIZED[12]            ; Merged with IMEM:b2v_inst22|ReadOnly_16x16_Register_File_High:b2v_inst251|Registers16bit:b2v_inst41|REG_OUTPUT_ALTERA_SYNTHESIZED[8]  ;
; IMEM:b2v_inst22|ReadOnly_16x16_Register_File_Low:b2v_inst2|Registers16bit:b2v_inst33|REG_OUTPUT_ALTERA_SYNTHESIZED[12]               ; Merged with IMEM:b2v_inst22|ReadOnly_16x16_Register_File_High:b2v_inst251|Registers16bit:b2v_inst41|REG_OUTPUT_ALTERA_SYNTHESIZED[8]  ;
; IMEM:b2v_inst22|ReadOnly_16x16_Register_File_High:b2v_inst251|Registers16bit:b2v_inst38|REG_OUTPUT_ALTERA_SYNTHESIZED[12]            ; Merged with IMEM:b2v_inst22|ReadOnly_16x16_Register_File_High:b2v_inst251|Registers16bit:b2v_inst41|REG_OUTPUT_ALTERA_SYNTHESIZED[8]  ;
; IMEM:b2v_inst22|ReadOnly_16x16_Register_File_Low:b2v_inst2|Registers16bit:b2v_inst33|REG_OUTPUT_ALTERA_SYNTHESIZED[6]                ; Merged with IMEM:b2v_inst22|ReadOnly_16x16_Register_File_High:b2v_inst251|Registers16bit:b2v_inst41|REG_OUTPUT_ALTERA_SYNTHESIZED[8]  ;
; IMEM:b2v_inst22|ReadOnly_16x16_Register_File_High:b2v_inst251|Registers16bit:b2v_inst28|REG_OUTPUT_ALTERA_SYNTHESIZED[6]             ; Merged with IMEM:b2v_inst22|ReadOnly_16x16_Register_File_High:b2v_inst251|Registers16bit:b2v_inst41|REG_OUTPUT_ALTERA_SYNTHESIZED[8]  ;
; IMEM:b2v_inst22|ReadOnly_16x16_Register_File_Low:b2v_inst2|Registers16bit:b2v_inst32|REG_OUTPUT_ALTERA_SYNTHESIZED[12]               ; Merged with IMEM:b2v_inst22|ReadOnly_16x16_Register_File_High:b2v_inst251|Registers16bit:b2v_inst41|REG_OUTPUT_ALTERA_SYNTHESIZED[8]  ;
; IMEM:b2v_inst22|ReadOnly_16x16_Register_File_High:b2v_inst251|Registers16bit:b2v_inst33|REG_OUTPUT_ALTERA_SYNTHESIZED[12]            ; Merged with IMEM:b2v_inst22|ReadOnly_16x16_Register_File_High:b2v_inst251|Registers16bit:b2v_inst41|REG_OUTPUT_ALTERA_SYNTHESIZED[8]  ;
; IMEM:b2v_inst22|ReadOnly_16x16_Register_File_Low:b2v_inst2|Registers16bit:b2v_inst32|REG_OUTPUT_ALTERA_SYNTHESIZED[6]                ; Merged with IMEM:b2v_inst22|ReadOnly_16x16_Register_File_High:b2v_inst251|Registers16bit:b2v_inst41|REG_OUTPUT_ALTERA_SYNTHESIZED[8]  ;
; IMEM:b2v_inst22|ReadOnly_16x16_Register_File_High:b2v_inst251|Registers16bit:b2v_inst27|REG_OUTPUT_ALTERA_SYNTHESIZED[12]            ; Merged with IMEM:b2v_inst22|ReadOnly_16x16_Register_File_High:b2v_inst251|Registers16bit:b2v_inst41|REG_OUTPUT_ALTERA_SYNTHESIZED[8]  ;
; IMEM:b2v_inst22|ReadOnly_16x16_Register_File_Low:b2v_inst2|Registers16bit:b2v_inst31|REG_OUTPUT_ALTERA_SYNTHESIZED[0,6,12]           ; Merged with IMEM:b2v_inst22|ReadOnly_16x16_Register_File_High:b2v_inst251|Registers16bit:b2v_inst41|REG_OUTPUT_ALTERA_SYNTHESIZED[8]  ;
; IMEM:b2v_inst22|ReadOnly_16x16_Register_File_High:b2v_inst251|Registers16bit:b2v_inst27|REG_OUTPUT_ALTERA_SYNTHESIZED[6]             ; Merged with IMEM:b2v_inst22|ReadOnly_16x16_Register_File_High:b2v_inst251|Registers16bit:b2v_inst41|REG_OUTPUT_ALTERA_SYNTHESIZED[8]  ;
; IMEM:b2v_inst22|ReadOnly_16x16_Register_File_Low:b2v_inst2|Registers16bit:b2v_inst30|REG_OUTPUT_ALTERA_SYNTHESIZED[12]               ; Merged with IMEM:b2v_inst22|ReadOnly_16x16_Register_File_High:b2v_inst251|Registers16bit:b2v_inst41|REG_OUTPUT_ALTERA_SYNTHESIZED[8]  ;
; IMEM:b2v_inst22|ReadOnly_16x16_Register_File_High:b2v_inst251|Registers16bit:b2v_inst33|REG_OUTPUT_ALTERA_SYNTHESIZED[6]             ; Merged with IMEM:b2v_inst22|ReadOnly_16x16_Register_File_High:b2v_inst251|Registers16bit:b2v_inst41|REG_OUTPUT_ALTERA_SYNTHESIZED[8]  ;
; IMEM:b2v_inst22|ReadOnly_16x16_Register_File_Low:b2v_inst2|Registers16bit:b2v_inst30|REG_OUTPUT_ALTERA_SYNTHESIZED[6]                ; Merged with IMEM:b2v_inst22|ReadOnly_16x16_Register_File_High:b2v_inst251|Registers16bit:b2v_inst41|REG_OUTPUT_ALTERA_SYNTHESIZED[8]  ;
; IMEM:b2v_inst22|ReadOnly_16x16_Register_File_High:b2v_inst251|Registers16bit:b2v_inst26|REG_OUTPUT_ALTERA_SYNTHESIZED[12]            ; Merged with IMEM:b2v_inst22|ReadOnly_16x16_Register_File_High:b2v_inst251|Registers16bit:b2v_inst41|REG_OUTPUT_ALTERA_SYNTHESIZED[8]  ;
; IMEM:b2v_inst22|ReadOnly_16x16_Register_File_Low:b2v_inst2|Registers16bit:b2v_inst29|REG_OUTPUT_ALTERA_SYNTHESIZED[12]               ; Merged with IMEM:b2v_inst22|ReadOnly_16x16_Register_File_High:b2v_inst251|Registers16bit:b2v_inst41|REG_OUTPUT_ALTERA_SYNTHESIZED[8]  ;
; IMEM:b2v_inst22|ReadOnly_16x16_Register_File_High:b2v_inst251|Registers16bit:b2v_inst38|REG_OUTPUT_ALTERA_SYNTHESIZED[6]             ; Merged with IMEM:b2v_inst22|ReadOnly_16x16_Register_File_High:b2v_inst251|Registers16bit:b2v_inst41|REG_OUTPUT_ALTERA_SYNTHESIZED[8]  ;
; IMEM:b2v_inst22|ReadOnly_16x16_Register_File_Low:b2v_inst2|Registers16bit:b2v_inst29|REG_OUTPUT_ALTERA_SYNTHESIZED[6]                ; Merged with IMEM:b2v_inst22|ReadOnly_16x16_Register_File_High:b2v_inst251|Registers16bit:b2v_inst41|REG_OUTPUT_ALTERA_SYNTHESIZED[8]  ;
; IMEM:b2v_inst22|ReadOnly_16x16_Register_File_High:b2v_inst251|Registers16bit:b2v_inst26|REG_OUTPUT_ALTERA_SYNTHESIZED[6]             ; Merged with IMEM:b2v_inst22|ReadOnly_16x16_Register_File_High:b2v_inst251|Registers16bit:b2v_inst41|REG_OUTPUT_ALTERA_SYNTHESIZED[8]  ;
; IMEM:b2v_inst22|ReadOnly_16x16_Register_File_Low:b2v_inst2|Registers16bit:b2v_inst28|REG_OUTPUT_ALTERA_SYNTHESIZED[12]               ; Merged with IMEM:b2v_inst22|ReadOnly_16x16_Register_File_High:b2v_inst251|Registers16bit:b2v_inst41|REG_OUTPUT_ALTERA_SYNTHESIZED[8]  ;
; IMEM:b2v_inst22|ReadOnly_16x16_Register_File_High:b2v_inst251|Registers16bit:b2v_inst32|REG_OUTPUT_ALTERA_SYNTHESIZED[12]            ; Merged with IMEM:b2v_inst22|ReadOnly_16x16_Register_File_High:b2v_inst251|Registers16bit:b2v_inst41|REG_OUTPUT_ALTERA_SYNTHESIZED[8]  ;
; IMEM:b2v_inst22|ReadOnly_16x16_Register_File_Low:b2v_inst2|Registers16bit:b2v_inst28|REG_OUTPUT_ALTERA_SYNTHESIZED[6]                ; Merged with IMEM:b2v_inst22|ReadOnly_16x16_Register_File_High:b2v_inst251|Registers16bit:b2v_inst41|REG_OUTPUT_ALTERA_SYNTHESIZED[8]  ;
; IMEM:b2v_inst22|ReadOnly_16x16_Register_File_High:b2v_inst251|Registers16bit:b2v_inst25|REG_OUTPUT_ALTERA_SYNTHESIZED[12]            ; Merged with IMEM:b2v_inst22|ReadOnly_16x16_Register_File_High:b2v_inst251|Registers16bit:b2v_inst41|REG_OUTPUT_ALTERA_SYNTHESIZED[8]  ;
; IMEM:b2v_inst22|ReadOnly_16x16_Register_File_Low:b2v_inst2|Registers16bit:b2v_inst27|REG_OUTPUT_ALTERA_SYNTHESIZED[8,12]             ; Merged with IMEM:b2v_inst22|ReadOnly_16x16_Register_File_High:b2v_inst251|Registers16bit:b2v_inst41|REG_OUTPUT_ALTERA_SYNTHESIZED[8]  ;
; IMEM:b2v_inst22|ReadOnly_16x16_Register_File_High:b2v_inst251|Registers16bit:b2v_inst41|REG_OUTPUT_ALTERA_SYNTHESIZED[12]            ; Merged with IMEM:b2v_inst22|ReadOnly_16x16_Register_File_High:b2v_inst251|Registers16bit:b2v_inst41|REG_OUTPUT_ALTERA_SYNTHESIZED[8]  ;
; IMEM:b2v_inst22|ReadOnly_16x16_Register_File_High:b2v_inst251|Registers16bit:b2v_inst36|REG_OUTPUT_ALTERA_SYNTHESIZED[8]             ; Merged with IMEM:b2v_inst22|ReadOnly_16x16_Register_File_High:b2v_inst251|Registers16bit:b2v_inst41|REG_OUTPUT_ALTERA_SYNTHESIZED[8]  ;
; IMEM:b2v_inst22|ReadOnly_16x16_Register_File_High:b2v_inst251|Registers16bit:b2v_inst32|REG_OUTPUT_ALTERA_SYNTHESIZED[15]            ; Merged with IMEM:b2v_inst22|ReadOnly_16x16_Register_File_High:b2v_inst251|Registers16bit:b2v_inst41|REG_OUTPUT_ALTERA_SYNTHESIZED[8]  ;
; IMEM:b2v_inst22|ReadOnly_16x16_Register_File_High:b2v_inst251|Registers16bit:b2v_inst25|REG_OUTPUT_ALTERA_SYNTHESIZED[15]            ; Merged with IMEM:b2v_inst22|ReadOnly_16x16_Register_File_High:b2v_inst251|Registers16bit:b2v_inst41|REG_OUTPUT_ALTERA_SYNTHESIZED[8]  ;
; IMEM:b2v_inst22|ReadOnly_16x16_Register_File_Low:b2v_inst2|Registers16bit:b2v_inst27|REG_OUTPUT_ALTERA_SYNTHESIZED[6,15]             ; Merged with IMEM:b2v_inst22|ReadOnly_16x16_Register_File_High:b2v_inst251|Registers16bit:b2v_inst41|REG_OUTPUT_ALTERA_SYNTHESIZED[8]  ;
; IMEM:b2v_inst22|ReadOnly_16x16_Register_File_High:b2v_inst251|Registers16bit:b2v_inst25|REG_OUTPUT_ALTERA_SYNTHESIZED[6]             ; Merged with IMEM:b2v_inst22|ReadOnly_16x16_Register_File_High:b2v_inst251|Registers16bit:b2v_inst41|REG_OUTPUT_ALTERA_SYNTHESIZED[8]  ;
; IMEM:b2v_inst22|ReadOnly_16x16_Register_File_Low:b2v_inst2|Registers16bit:b2v_inst26|REG_OUTPUT_ALTERA_SYNTHESIZED[8,12]             ; Merged with IMEM:b2v_inst22|ReadOnly_16x16_Register_File_High:b2v_inst251|Registers16bit:b2v_inst41|REG_OUTPUT_ALTERA_SYNTHESIZED[8]  ;
; IMEM:b2v_inst22|ReadOnly_16x16_Register_File_High:b2v_inst251|Registers16bit:b2v_inst32|REG_OUTPUT_ALTERA_SYNTHESIZED[6]             ; Merged with IMEM:b2v_inst22|ReadOnly_16x16_Register_File_High:b2v_inst251|Registers16bit:b2v_inst41|REG_OUTPUT_ALTERA_SYNTHESIZED[8]  ;
; IMEM:b2v_inst22|ReadOnly_16x16_Register_File_High:b2v_inst251|Registers16bit:b2v_inst24|REG_OUTPUT_ALTERA_SYNTHESIZED[8]             ; Merged with IMEM:b2v_inst22|ReadOnly_16x16_Register_File_High:b2v_inst251|Registers16bit:b2v_inst41|REG_OUTPUT_ALTERA_SYNTHESIZED[8]  ;
; IMEM:b2v_inst22|ReadOnly_16x16_Register_File_Low:b2v_inst2|Registers16bit:b2v_inst26|REG_OUTPUT_ALTERA_SYNTHESIZED[15]               ; Merged with IMEM:b2v_inst22|ReadOnly_16x16_Register_File_High:b2v_inst251|Registers16bit:b2v_inst41|REG_OUTPUT_ALTERA_SYNTHESIZED[8]  ;
; IMEM:b2v_inst22|ReadOnly_16x16_Register_File_Low:b2v_inst2|Registers16bit:b2v_inst26|REG_OUTPUT_ALTERA_SYNTHESIZED[6]                ; Merged with IMEM:b2v_inst22|ReadOnly_16x16_Register_File_High:b2v_inst251|Registers16bit:b2v_inst41|REG_OUTPUT_ALTERA_SYNTHESIZED[10] ;
; IMEM:b2v_inst22|ReadOnly_16x16_Register_File_High:b2v_inst251|Registers16bit:b2v_inst24|REG_OUTPUT_ALTERA_SYNTHESIZED[12]            ; Merged with IMEM:b2v_inst22|ReadOnly_16x16_Register_File_High:b2v_inst251|Registers16bit:b2v_inst41|REG_OUTPUT_ALTERA_SYNTHESIZED[10] ;
; IMEM:b2v_inst22|ReadOnly_16x16_Register_File_Low:b2v_inst2|Registers16bit:b2v_inst25|REG_OUTPUT_ALTERA_SYNTHESIZED[8]                ; Merged with IMEM:b2v_inst22|ReadOnly_16x16_Register_File_High:b2v_inst251|Registers16bit:b2v_inst41|REG_OUTPUT_ALTERA_SYNTHESIZED[10] ;
; IMEM:b2v_inst22|ReadOnly_16x16_Register_File_Low:b2v_inst2|Registers16bit:b2v_inst23|REG_OUTPUT_ALTERA_SYNTHESIZED[6]                ; Merged with IMEM:b2v_inst22|ReadOnly_16x16_Register_File_High:b2v_inst251|Registers16bit:b2v_inst41|REG_OUTPUT_ALTERA_SYNTHESIZED[10] ;
; IMEM:b2v_inst22|ReadOnly_16x16_Register_File_High:b2v_inst251|Registers16bit:b2v_inst23|REG_OUTPUT_ALTERA_SYNTHESIZED[6]             ; Merged with IMEM:b2v_inst22|ReadOnly_16x16_Register_File_High:b2v_inst251|Registers16bit:b2v_inst41|REG_OUTPUT_ALTERA_SYNTHESIZED[10] ;
; IMEM:b2v_inst22|ReadOnly_16x16_Register_File_Low:b2v_inst2|Registers16bit:b2v_inst22|REG_OUTPUT_ALTERA_SYNTHESIZED[12]               ; Merged with IMEM:b2v_inst22|ReadOnly_16x16_Register_File_High:b2v_inst251|Registers16bit:b2v_inst41|REG_OUTPUT_ALTERA_SYNTHESIZED[10] ;
; IMEM:b2v_inst22|ReadOnly_16x16_Register_File_High:b2v_inst251|Registers16bit:b2v_inst31|REG_OUTPUT_ALTERA_SYNTHESIZED[6]             ; Merged with IMEM:b2v_inst22|ReadOnly_16x16_Register_File_High:b2v_inst251|Registers16bit:b2v_inst41|REG_OUTPUT_ALTERA_SYNTHESIZED[10] ;
; IMEM:b2v_inst22|ReadOnly_16x16_Register_File_Low:b2v_inst2|Registers16bit:b2v_inst22|REG_OUTPUT_ALTERA_SYNTHESIZED[6]                ; Merged with IMEM:b2v_inst22|ReadOnly_16x16_Register_File_High:b2v_inst251|Registers16bit:b2v_inst41|REG_OUTPUT_ALTERA_SYNTHESIZED[10] ;
; IMEM:b2v_inst22|ReadOnly_16x16_Register_File_High:b2v_inst251|Registers16bit:b2v_inst36|REG_OUTPUT_ALTERA_SYNTHESIZED[3]             ; Merged with IMEM:b2v_inst22|ReadOnly_16x16_Register_File_High:b2v_inst251|Registers16bit:b2v_inst41|REG_OUTPUT_ALTERA_SYNTHESIZED[10] ;
; IMEM:b2v_inst22|ReadOnly_16x16_Register_File_High:b2v_inst251|Registers16bit:b2v_inst22|REG_OUTPUT_ALTERA_SYNTHESIZED[1,14]          ; Merged with IMEM:b2v_inst22|ReadOnly_16x16_Register_File_High:b2v_inst251|Registers16bit:b2v_inst41|REG_OUTPUT_ALTERA_SYNTHESIZED[10] ;
; IMEM:b2v_inst22|ReadOnly_16x16_Register_File_Low:b2v_inst2|Registers16bit:b2v_inst41|REG_OUTPUT_ALTERA_SYNTHESIZED[10]               ; Merged with IMEM:b2v_inst22|ReadOnly_16x16_Register_File_High:b2v_inst251|Registers16bit:b2v_inst41|REG_OUTPUT_ALTERA_SYNTHESIZED[10] ;
; IMEM:b2v_inst22|ReadOnly_16x16_Register_File_High:b2v_inst251|Registers16bit:b2v_inst22|REG_OUTPUT_ALTERA_SYNTHESIZED[3]             ; Merged with IMEM:b2v_inst22|ReadOnly_16x16_Register_File_High:b2v_inst251|Registers16bit:b2v_inst41|REG_OUTPUT_ALTERA_SYNTHESIZED[10] ;
; IMEM:b2v_inst22|ReadOnly_16x16_Register_File_High:b2v_inst251|Registers16bit:b2v_inst41|REG_OUTPUT_ALTERA_SYNTHESIZED[3]             ; Merged with IMEM:b2v_inst22|ReadOnly_16x16_Register_File_High:b2v_inst251|Registers16bit:b2v_inst41|REG_OUTPUT_ALTERA_SYNTHESIZED[10] ;
; IMEM:b2v_inst22|ReadOnly_16x16_Register_File_Low:b2v_inst2|Registers16bit:b2v_inst41|REG_OUTPUT_ALTERA_SYNTHESIZED[14]               ; Merged with IMEM:b2v_inst22|ReadOnly_16x16_Register_File_High:b2v_inst251|Registers16bit:b2v_inst41|REG_OUTPUT_ALTERA_SYNTHESIZED[10] ;
; IMEM:b2v_inst22|ReadOnly_16x16_Register_File_High:b2v_inst251|Registers16bit:b2v_inst41|REG_OUTPUT_ALTERA_SYNTHESIZED[6]             ; Merged with IMEM:b2v_inst22|ReadOnly_16x16_Register_File_High:b2v_inst251|Registers16bit:b2v_inst41|REG_OUTPUT_ALTERA_SYNTHESIZED[10] ;
; IMEM:b2v_inst22|ReadOnly_16x16_Register_File_Low:b2v_inst2|Registers16bit:b2v_inst41|REG_OUTPUT_ALTERA_SYNTHESIZED[9]                ; Merged with IMEM:b2v_inst22|ReadOnly_16x16_Register_File_High:b2v_inst251|Registers16bit:b2v_inst41|REG_OUTPUT_ALTERA_SYNTHESIZED[10] ;
; IMEM:b2v_inst22|ReadOnly_16x16_Register_File_High:b2v_inst251|Registers16bit:b2v_inst34|REG_OUTPUT_ALTERA_SYNTHESIZED[8]             ; Merged with IMEM:b2v_inst22|ReadOnly_16x16_Register_File_High:b2v_inst251|Registers16bit:b2v_inst41|REG_OUTPUT_ALTERA_SYNTHESIZED[10] ;
; IMEM:b2v_inst22|ReadOnly_16x16_Register_File_High:b2v_inst251|Registers16bit:b2v_inst22|REG_OUTPUT_ALTERA_SYNTHESIZED[11]            ; Merged with IMEM:b2v_inst22|ReadOnly_16x16_Register_File_High:b2v_inst251|Registers16bit:b2v_inst41|REG_OUTPUT_ALTERA_SYNTHESIZED[10] ;
; IMEM:b2v_inst22|ReadOnly_16x16_Register_File_Low:b2v_inst2|Registers16bit:b2v_inst41|REG_OUTPUT_ALTERA_SYNTHESIZED[2]                ; Merged with IMEM:b2v_inst22|ReadOnly_16x16_Register_File_High:b2v_inst251|Registers16bit:b2v_inst41|REG_OUTPUT_ALTERA_SYNTHESIZED[10] ;
; IMEM:b2v_inst22|ReadOnly_16x16_Register_File_High:b2v_inst251|Registers16bit:b2v_inst30|REG_OUTPUT_ALTERA_SYNTHESIZED[2]             ; Merged with IMEM:b2v_inst22|ReadOnly_16x16_Register_File_High:b2v_inst251|Registers16bit:b2v_inst41|REG_OUTPUT_ALTERA_SYNTHESIZED[10] ;
; IMEM:b2v_inst22|ReadOnly_16x16_Register_File_Low:b2v_inst2|Registers16bit:b2v_inst41|REG_OUTPUT_ALTERA_SYNTHESIZED[5]                ; Merged with IMEM:b2v_inst22|ReadOnly_16x16_Register_File_High:b2v_inst251|Registers16bit:b2v_inst41|REG_OUTPUT_ALTERA_SYNTHESIZED[10] ;
; IMEM:b2v_inst22|ReadOnly_16x16_Register_File_High:b2v_inst251|Registers16bit:b2v_inst34|REG_OUTPUT_ALTERA_SYNTHESIZED[10]            ; Merged with IMEM:b2v_inst22|ReadOnly_16x16_Register_File_High:b2v_inst251|Registers16bit:b2v_inst41|REG_OUTPUT_ALTERA_SYNTHESIZED[10] ;
; IMEM:b2v_inst22|ReadOnly_16x16_Register_File_Low:b2v_inst2|Registers16bit:b2v_inst38|REG_OUTPUT_ALTERA_SYNTHESIZED[10]               ; Merged with IMEM:b2v_inst22|ReadOnly_16x16_Register_File_High:b2v_inst251|Registers16bit:b2v_inst41|REG_OUTPUT_ALTERA_SYNTHESIZED[10] ;
; IMEM:b2v_inst22|ReadOnly_16x16_Register_File_High:b2v_inst251|Registers16bit:b2v_inst30|REG_OUTPUT_ALTERA_SYNTHESIZED[5]             ; Merged with IMEM:b2v_inst22|ReadOnly_16x16_Register_File_High:b2v_inst251|Registers16bit:b2v_inst41|REG_OUTPUT_ALTERA_SYNTHESIZED[10] ;
; IMEM:b2v_inst22|ReadOnly_16x16_Register_File_Low:b2v_inst2|Registers16bit:b2v_inst38|REG_OUTPUT_ALTERA_SYNTHESIZED[14]               ; Merged with IMEM:b2v_inst22|ReadOnly_16x16_Register_File_High:b2v_inst251|Registers16bit:b2v_inst41|REG_OUTPUT_ALTERA_SYNTHESIZED[10] ;
; IMEM:b2v_inst22|ReadOnly_16x16_Register_File_High:b2v_inst251|Registers16bit:b2v_inst41|REG_OUTPUT_ALTERA_SYNTHESIZED[5]             ; Merged with IMEM:b2v_inst22|ReadOnly_16x16_Register_File_High:b2v_inst251|Registers16bit:b2v_inst41|REG_OUTPUT_ALTERA_SYNTHESIZED[10] ;
; IMEM:b2v_inst22|ReadOnly_16x16_Register_File_Low:b2v_inst2|Registers16bit:b2v_inst38|REG_OUTPUT_ALTERA_SYNTHESIZED[2]                ; Merged with IMEM:b2v_inst22|ReadOnly_16x16_Register_File_High:b2v_inst251|Registers16bit:b2v_inst41|REG_OUTPUT_ALTERA_SYNTHESIZED[10] ;
; IMEM:b2v_inst22|ReadOnly_16x16_Register_File_High:b2v_inst251|Registers16bit:b2v_inst29|REG_OUTPUT_ALTERA_SYNTHESIZED[10]            ; Merged with IMEM:b2v_inst22|ReadOnly_16x16_Register_File_High:b2v_inst251|Registers16bit:b2v_inst41|REG_OUTPUT_ALTERA_SYNTHESIZED[10] ;
; IMEM:b2v_inst22|ReadOnly_16x16_Register_File_Low:b2v_inst2|Registers16bit:b2v_inst38|REG_OUTPUT_ALTERA_SYNTHESIZED[5]                ; Merged with IMEM:b2v_inst22|ReadOnly_16x16_Register_File_High:b2v_inst251|Registers16bit:b2v_inst41|REG_OUTPUT_ALTERA_SYNTHESIZED[10] ;
; IMEM:b2v_inst22|ReadOnly_16x16_Register_File_High:b2v_inst251|Registers16bit:b2v_inst34|REG_OUTPUT_ALTERA_SYNTHESIZED[14]            ; Merged with IMEM:b2v_inst22|ReadOnly_16x16_Register_File_High:b2v_inst251|Registers16bit:b2v_inst41|REG_OUTPUT_ALTERA_SYNTHESIZED[10] ;
; IMEM:b2v_inst22|ReadOnly_16x16_Register_File_Low:b2v_inst2|Registers16bit:b2v_inst36|REG_OUTPUT_ALTERA_SYNTHESIZED[10]               ; Merged with IMEM:b2v_inst22|ReadOnly_16x16_Register_File_High:b2v_inst251|Registers16bit:b2v_inst41|REG_OUTPUT_ALTERA_SYNTHESIZED[10] ;
; IMEM:b2v_inst22|ReadOnly_16x16_Register_File_High:b2v_inst251|Registers16bit:b2v_inst29|REG_OUTPUT_ALTERA_SYNTHESIZED[14]            ; Merged with IMEM:b2v_inst22|ReadOnly_16x16_Register_File_High:b2v_inst251|Registers16bit:b2v_inst41|REG_OUTPUT_ALTERA_SYNTHESIZED[10] ;
; IMEM:b2v_inst22|ReadOnly_16x16_Register_File_Low:b2v_inst2|Registers16bit:b2v_inst36|REG_OUTPUT_ALTERA_SYNTHESIZED[14]               ; Merged with IMEM:b2v_inst22|ReadOnly_16x16_Register_File_High:b2v_inst251|Registers16bit:b2v_inst41|REG_OUTPUT_ALTERA_SYNTHESIZED[10] ;
; IMEM:b2v_inst22|ReadOnly_16x16_Register_File_Low:b2v_inst2|Registers16bit:b2v_inst22|REG_OUTPUT_ALTERA_SYNTHESIZED[4]                ; Merged with IMEM:b2v_inst22|ReadOnly_16x16_Register_File_High:b2v_inst251|Registers16bit:b2v_inst41|REG_OUTPUT_ALTERA_SYNTHESIZED[10] ;
; IMEM:b2v_inst22|ReadOnly_16x16_Register_File_Low:b2v_inst2|Registers16bit:b2v_inst36|REG_OUTPUT_ALTERA_SYNTHESIZED[2]                ; Merged with IMEM:b2v_inst22|ReadOnly_16x16_Register_File_High:b2v_inst251|Registers16bit:b2v_inst41|REG_OUTPUT_ALTERA_SYNTHESIZED[10] ;
; IMEM:b2v_inst22|ReadOnly_16x16_Register_File_High:b2v_inst251|Registers16bit:b2v_inst29|REG_OUTPUT_ALTERA_SYNTHESIZED[2]             ; Merged with IMEM:b2v_inst22|ReadOnly_16x16_Register_File_High:b2v_inst251|Registers16bit:b2v_inst41|REG_OUTPUT_ALTERA_SYNTHESIZED[10] ;
; IMEM:b2v_inst22|ReadOnly_16x16_Register_File_Low:b2v_inst2|Registers16bit:b2v_inst36|REG_OUTPUT_ALTERA_SYNTHESIZED[5]                ; Merged with IMEM:b2v_inst22|ReadOnly_16x16_Register_File_High:b2v_inst251|Registers16bit:b2v_inst41|REG_OUTPUT_ALTERA_SYNTHESIZED[10] ;
; IMEM:b2v_inst22|ReadOnly_16x16_Register_File_High:b2v_inst251|Registers16bit:b2v_inst34|REG_OUTPUT_ALTERA_SYNTHESIZED[2]             ; Merged with IMEM:b2v_inst22|ReadOnly_16x16_Register_File_High:b2v_inst251|Registers16bit:b2v_inst41|REG_OUTPUT_ALTERA_SYNTHESIZED[10] ;
; IMEM:b2v_inst22|ReadOnly_16x16_Register_File_Low:b2v_inst2|Registers16bit:b2v_inst34|REG_OUTPUT_ALTERA_SYNTHESIZED[10]               ; Merged with IMEM:b2v_inst22|ReadOnly_16x16_Register_File_High:b2v_inst251|Registers16bit:b2v_inst41|REG_OUTPUT_ALTERA_SYNTHESIZED[10] ;
; IMEM:b2v_inst22|ReadOnly_16x16_Register_File_High:b2v_inst251|Registers16bit:b2v_inst29|REG_OUTPUT_ALTERA_SYNTHESIZED[5]             ; Merged with IMEM:b2v_inst22|ReadOnly_16x16_Register_File_High:b2v_inst251|Registers16bit:b2v_inst41|REG_OUTPUT_ALTERA_SYNTHESIZED[10] ;
; IMEM:b2v_inst22|ReadOnly_16x16_Register_File_Low:b2v_inst2|Registers16bit:b2v_inst34|REG_OUTPUT_ALTERA_SYNTHESIZED[14]               ; Merged with IMEM:b2v_inst22|ReadOnly_16x16_Register_File_High:b2v_inst251|Registers16bit:b2v_inst41|REG_OUTPUT_ALTERA_SYNTHESIZED[10] ;
; IMEM:b2v_inst22|ReadOnly_16x16_Register_File_High:b2v_inst251|Registers16bit:b2v_inst38|REG_OUTPUT_ALTERA_SYNTHESIZED[10]            ; Merged with IMEM:b2v_inst22|ReadOnly_16x16_Register_File_High:b2v_inst251|Registers16bit:b2v_inst41|REG_OUTPUT_ALTERA_SYNTHESIZED[10] ;
; IMEM:b2v_inst22|ReadOnly_16x16_Register_File_Low:b2v_inst2|Registers16bit:b2v_inst34|REG_OUTPUT_ALTERA_SYNTHESIZED[2]                ; Merged with IMEM:b2v_inst22|ReadOnly_16x16_Register_File_High:b2v_inst251|Registers16bit:b2v_inst41|REG_OUTPUT_ALTERA_SYNTHESIZED[10] ;
; IMEM:b2v_inst22|ReadOnly_16x16_Register_File_High:b2v_inst251|Registers16bit:b2v_inst28|REG_OUTPUT_ALTERA_SYNTHESIZED[10]            ; Merged with IMEM:b2v_inst22|ReadOnly_16x16_Register_File_High:b2v_inst251|Registers16bit:b2v_inst41|REG_OUTPUT_ALTERA_SYNTHESIZED[10] ;
; IMEM:b2v_inst22|ReadOnly_16x16_Register_File_Low:b2v_inst2|Registers16bit:b2v_inst34|REG_OUTPUT_ALTERA_SYNTHESIZED[5]                ; Merged with IMEM:b2v_inst22|ReadOnly_16x16_Register_File_High:b2v_inst251|Registers16bit:b2v_inst41|REG_OUTPUT_ALTERA_SYNTHESIZED[10] ;
; IMEM:b2v_inst22|ReadOnly_16x16_Register_File_High:b2v_inst251|Registers16bit:b2v_inst34|REG_OUTPUT_ALTERA_SYNTHESIZED[5]             ; Merged with IMEM:b2v_inst22|ReadOnly_16x16_Register_File_High:b2v_inst251|Registers16bit:b2v_inst41|REG_OUTPUT_ALTERA_SYNTHESIZED[10] ;
; IMEM:b2v_inst22|ReadOnly_16x16_Register_File_Low:b2v_inst2|Registers16bit:b2v_inst33|REG_OUTPUT_ALTERA_SYNTHESIZED[10]               ; Merged with IMEM:b2v_inst22|ReadOnly_16x16_Register_File_High:b2v_inst251|Registers16bit:b2v_inst41|REG_OUTPUT_ALTERA_SYNTHESIZED[10] ;
; IMEM:b2v_inst22|ReadOnly_16x16_Register_File_High:b2v_inst251|Registers16bit:b2v_inst28|REG_OUTPUT_ALTERA_SYNTHESIZED[14]            ; Merged with IMEM:b2v_inst22|ReadOnly_16x16_Register_File_High:b2v_inst251|Registers16bit:b2v_inst41|REG_OUTPUT_ALTERA_SYNTHESIZED[10] ;
; IMEM:b2v_inst22|ReadOnly_16x16_Register_File_Low:b2v_inst2|Registers16bit:b2v_inst33|REG_OUTPUT_ALTERA_SYNTHESIZED[0,2,14]           ; Merged with IMEM:b2v_inst22|ReadOnly_16x16_Register_File_High:b2v_inst251|Registers16bit:b2v_inst41|REG_OUTPUT_ALTERA_SYNTHESIZED[10] ;
; IMEM:b2v_inst22|ReadOnly_16x16_Register_File_High:b2v_inst251|Registers16bit:b2v_inst28|REG_OUTPUT_ALTERA_SYNTHESIZED[2]             ; Merged with IMEM:b2v_inst22|ReadOnly_16x16_Register_File_High:b2v_inst251|Registers16bit:b2v_inst41|REG_OUTPUT_ALTERA_SYNTHESIZED[10] ;
; IMEM:b2v_inst22|ReadOnly_16x16_Register_File_Low:b2v_inst2|Registers16bit:b2v_inst33|REG_OUTPUT_ALTERA_SYNTHESIZED[5]                ; Merged with IMEM:b2v_inst22|ReadOnly_16x16_Register_File_High:b2v_inst251|Registers16bit:b2v_inst41|REG_OUTPUT_ALTERA_SYNTHESIZED[10] ;
; IMEM:b2v_inst22|ReadOnly_16x16_Register_File_High:b2v_inst251|Registers16bit:b2v_inst33|REG_OUTPUT_ALTERA_SYNTHESIZED[10]            ; Merged with IMEM:b2v_inst22|ReadOnly_16x16_Register_File_High:b2v_inst251|Registers16bit:b2v_inst41|REG_OUTPUT_ALTERA_SYNTHESIZED[10] ;
; IMEM:b2v_inst22|ReadOnly_16x16_Register_File_Low:b2v_inst2|Registers16bit:b2v_inst32|REG_OUTPUT_ALTERA_SYNTHESIZED[10]               ; Merged with IMEM:b2v_inst22|ReadOnly_16x16_Register_File_High:b2v_inst251|Registers16bit:b2v_inst41|REG_OUTPUT_ALTERA_SYNTHESIZED[10] ;
; IMEM:b2v_inst22|ReadOnly_16x16_Register_File_High:b2v_inst251|Registers16bit:b2v_inst28|REG_OUTPUT_ALTERA_SYNTHESIZED[5]             ; Merged with IMEM:b2v_inst22|ReadOnly_16x16_Register_File_High:b2v_inst251|Registers16bit:b2v_inst41|REG_OUTPUT_ALTERA_SYNTHESIZED[10] ;
; IMEM:b2v_inst22|ReadOnly_16x16_Register_File_Low:b2v_inst2|Registers16bit:b2v_inst32|REG_OUTPUT_ALTERA_SYNTHESIZED[14]               ; Merged with IMEM:b2v_inst22|ReadOnly_16x16_Register_File_High:b2v_inst251|Registers16bit:b2v_inst41|REG_OUTPUT_ALTERA_SYNTHESIZED[10] ;
; IMEM:b2v_inst22|ReadOnly_16x16_Register_File_High:b2v_inst251|Registers16bit:b2v_inst38|REG_OUTPUT_ALTERA_SYNTHESIZED[14]            ; Merged with IMEM:b2v_inst22|ReadOnly_16x16_Register_File_High:b2v_inst251|Registers16bit:b2v_inst41|REG_OUTPUT_ALTERA_SYNTHESIZED[10] ;
; IMEM:b2v_inst22|ReadOnly_16x16_Register_File_Low:b2v_inst2|Registers16bit:b2v_inst32|REG_OUTPUT_ALTERA_SYNTHESIZED[2]                ; Merged with IMEM:b2v_inst22|ReadOnly_16x16_Register_File_High:b2v_inst251|Registers16bit:b2v_inst41|REG_OUTPUT_ALTERA_SYNTHESIZED[10] ;
; IMEM:b2v_inst22|ReadOnly_16x16_Register_File_High:b2v_inst251|Registers16bit:b2v_inst27|REG_OUTPUT_ALTERA_SYNTHESIZED[10]            ; Merged with IMEM:b2v_inst22|ReadOnly_16x16_Register_File_High:b2v_inst251|Registers16bit:b2v_inst41|REG_OUTPUT_ALTERA_SYNTHESIZED[10] ;
; IMEM:b2v_inst22|ReadOnly_16x16_Register_File_Low:b2v_inst2|Registers16bit:b2v_inst32|REG_OUTPUT_ALTERA_SYNTHESIZED[5]                ; Merged with IMEM:b2v_inst22|ReadOnly_16x16_Register_File_High:b2v_inst251|Registers16bit:b2v_inst41|REG_OUTPUT_ALTERA_SYNTHESIZED[10] ;
; IMEM:b2v_inst22|ReadOnly_16x16_Register_File_High:b2v_inst251|Registers16bit:b2v_inst33|REG_OUTPUT_ALTERA_SYNTHESIZED[14]            ; Merged with IMEM:b2v_inst22|ReadOnly_16x16_Register_File_High:b2v_inst251|Registers16bit:b2v_inst41|REG_OUTPUT_ALTERA_SYNTHESIZED[10] ;
; IMEM:b2v_inst22|ReadOnly_16x16_Register_File_Low:b2v_inst2|Registers16bit:b2v_inst31|REG_OUTPUT_ALTERA_SYNTHESIZED[10]               ; Merged with IMEM:b2v_inst22|ReadOnly_16x16_Register_File_High:b2v_inst251|Registers16bit:b2v_inst41|REG_OUTPUT_ALTERA_SYNTHESIZED[10] ;
; IMEM:b2v_inst22|ReadOnly_16x16_Register_File_High:b2v_inst251|Registers16bit:b2v_inst27|REG_OUTPUT_ALTERA_SYNTHESIZED[14]            ; Merged with IMEM:b2v_inst22|ReadOnly_16x16_Register_File_High:b2v_inst251|Registers16bit:b2v_inst41|REG_OUTPUT_ALTERA_SYNTHESIZED[10] ;
; IMEM:b2v_inst22|ReadOnly_16x16_Register_File_Low:b2v_inst2|Registers16bit:b2v_inst31|REG_OUTPUT_ALTERA_SYNTHESIZED[14]               ; Merged with IMEM:b2v_inst22|ReadOnly_16x16_Register_File_High:b2v_inst251|Registers16bit:b2v_inst41|REG_OUTPUT_ALTERA_SYNTHESIZED[10] ;
; IMEM:b2v_inst22|ReadOnly_16x16_Register_File_High:b2v_inst251|Registers16bit:b2v_inst31|REG_OUTPUT_ALTERA_SYNTHESIZED[4]             ; Merged with IMEM:b2v_inst22|ReadOnly_16x16_Register_File_High:b2v_inst251|Registers16bit:b2v_inst41|REG_OUTPUT_ALTERA_SYNTHESIZED[10] ;
; IMEM:b2v_inst22|ReadOnly_16x16_Register_File_Low:b2v_inst2|Registers16bit:b2v_inst31|REG_OUTPUT_ALTERA_SYNTHESIZED[2]                ; Merged with IMEM:b2v_inst22|ReadOnly_16x16_Register_File_High:b2v_inst251|Registers16bit:b2v_inst41|REG_OUTPUT_ALTERA_SYNTHESIZED[10] ;
; IMEM:b2v_inst22|ReadOnly_16x16_Register_File_High:b2v_inst251|Registers16bit:b2v_inst27|REG_OUTPUT_ALTERA_SYNTHESIZED[2]             ; Merged with IMEM:b2v_inst22|ReadOnly_16x16_Register_File_High:b2v_inst251|Registers16bit:b2v_inst41|REG_OUTPUT_ALTERA_SYNTHESIZED[10] ;
; IMEM:b2v_inst22|ReadOnly_16x16_Register_File_Low:b2v_inst2|Registers16bit:b2v_inst31|REG_OUTPUT_ALTERA_SYNTHESIZED[5]                ; Merged with IMEM:b2v_inst22|ReadOnly_16x16_Register_File_High:b2v_inst251|Registers16bit:b2v_inst41|REG_OUTPUT_ALTERA_SYNTHESIZED[10] ;
; IMEM:b2v_inst22|ReadOnly_16x16_Register_File_High:b2v_inst251|Registers16bit:b2v_inst33|REG_OUTPUT_ALTERA_SYNTHESIZED[2]             ; Merged with IMEM:b2v_inst22|ReadOnly_16x16_Register_File_High:b2v_inst251|Registers16bit:b2v_inst41|REG_OUTPUT_ALTERA_SYNTHESIZED[10] ;
; IMEM:b2v_inst22|ReadOnly_16x16_Register_File_Low:b2v_inst2|Registers16bit:b2v_inst30|REG_OUTPUT_ALTERA_SYNTHESIZED[10]               ; Merged with IMEM:b2v_inst22|ReadOnly_16x16_Register_File_High:b2v_inst251|Registers16bit:b2v_inst41|REG_OUTPUT_ALTERA_SYNTHESIZED[10] ;
; IMEM:b2v_inst22|ReadOnly_16x16_Register_File_High:b2v_inst251|Registers16bit:b2v_inst27|REG_OUTPUT_ALTERA_SYNTHESIZED[5]             ; Merged with IMEM:b2v_inst22|ReadOnly_16x16_Register_File_High:b2v_inst251|Registers16bit:b2v_inst41|REG_OUTPUT_ALTERA_SYNTHESIZED[10] ;
; IMEM:b2v_inst22|ReadOnly_16x16_Register_File_Low:b2v_inst2|Registers16bit:b2v_inst30|REG_OUTPUT_ALTERA_SYNTHESIZED[14]               ; Merged with IMEM:b2v_inst22|ReadOnly_16x16_Register_File_High:b2v_inst251|Registers16bit:b2v_inst41|REG_OUTPUT_ALTERA_SYNTHESIZED[10] ;
; IMEM:b2v_inst22|ReadOnly_16x16_Register_File_High:b2v_inst251|Registers16bit:b2v_inst38|REG_OUTPUT_ALTERA_SYNTHESIZED[2]             ; Merged with IMEM:b2v_inst22|ReadOnly_16x16_Register_File_High:b2v_inst251|Registers16bit:b2v_inst41|REG_OUTPUT_ALTERA_SYNTHESIZED[10] ;
; IMEM:b2v_inst22|ReadOnly_16x16_Register_File_Low:b2v_inst2|Registers16bit:b2v_inst30|REG_OUTPUT_ALTERA_SYNTHESIZED[2]                ; Merged with IMEM:b2v_inst22|ReadOnly_16x16_Register_File_High:b2v_inst251|Registers16bit:b2v_inst41|REG_OUTPUT_ALTERA_SYNTHESIZED[10] ;
; IMEM:b2v_inst22|ReadOnly_16x16_Register_File_High:b2v_inst251|Registers16bit:b2v_inst26|REG_OUTPUT_ALTERA_SYNTHESIZED[10]            ; Merged with IMEM:b2v_inst22|ReadOnly_16x16_Register_File_High:b2v_inst251|Registers16bit:b2v_inst41|REG_OUTPUT_ALTERA_SYNTHESIZED[10] ;
; IMEM:b2v_inst22|ReadOnly_16x16_Register_File_Low:b2v_inst2|Registers16bit:b2v_inst30|REG_OUTPUT_ALTERA_SYNTHESIZED[5]                ; Merged with IMEM:b2v_inst22|ReadOnly_16x16_Register_File_High:b2v_inst251|Registers16bit:b2v_inst41|REG_OUTPUT_ALTERA_SYNTHESIZED[10] ;
; IMEM:b2v_inst22|ReadOnly_16x16_Register_File_High:b2v_inst251|Registers16bit:b2v_inst33|REG_OUTPUT_ALTERA_SYNTHESIZED[5]             ; Merged with IMEM:b2v_inst22|ReadOnly_16x16_Register_File_High:b2v_inst251|Registers16bit:b2v_inst41|REG_OUTPUT_ALTERA_SYNTHESIZED[10] ;
; IMEM:b2v_inst22|ReadOnly_16x16_Register_File_Low:b2v_inst2|Registers16bit:b2v_inst29|REG_OUTPUT_ALTERA_SYNTHESIZED[10]               ; Merged with IMEM:b2v_inst22|ReadOnly_16x16_Register_File_High:b2v_inst251|Registers16bit:b2v_inst41|REG_OUTPUT_ALTERA_SYNTHESIZED[10] ;
; IMEM:b2v_inst22|ReadOnly_16x16_Register_File_High:b2v_inst251|Registers16bit:b2v_inst26|REG_OUTPUT_ALTERA_SYNTHESIZED[14]            ; Merged with IMEM:b2v_inst22|ReadOnly_16x16_Register_File_High:b2v_inst251|Registers16bit:b2v_inst41|REG_OUTPUT_ALTERA_SYNTHESIZED[10] ;
; IMEM:b2v_inst22|ReadOnly_16x16_Register_File_Low:b2v_inst2|Registers16bit:b2v_inst29|REG_OUTPUT_ALTERA_SYNTHESIZED[2,14]             ; Merged with IMEM:b2v_inst22|ReadOnly_16x16_Register_File_High:b2v_inst251|Registers16bit:b2v_inst41|REG_OUTPUT_ALTERA_SYNTHESIZED[10] ;
; IMEM:b2v_inst22|ReadOnly_16x16_Register_File_High:b2v_inst251|Registers16bit:b2v_inst26|REG_OUTPUT_ALTERA_SYNTHESIZED[2]             ; Merged with IMEM:b2v_inst22|ReadOnly_16x16_Register_File_High:b2v_inst251|Registers16bit:b2v_inst41|REG_OUTPUT_ALTERA_SYNTHESIZED[10] ;
; IMEM:b2v_inst22|ReadOnly_16x16_Register_File_Low:b2v_inst2|Registers16bit:b2v_inst29|REG_OUTPUT_ALTERA_SYNTHESIZED[5]                ; Merged with IMEM:b2v_inst22|ReadOnly_16x16_Register_File_High:b2v_inst251|Registers16bit:b2v_inst41|REG_OUTPUT_ALTERA_SYNTHESIZED[10] ;
; IMEM:b2v_inst22|ReadOnly_16x16_Register_File_High:b2v_inst251|Registers16bit:b2v_inst32|REG_OUTPUT_ALTERA_SYNTHESIZED[10]            ; Merged with IMEM:b2v_inst22|ReadOnly_16x16_Register_File_High:b2v_inst251|Registers16bit:b2v_inst41|REG_OUTPUT_ALTERA_SYNTHESIZED[10] ;
; IMEM:b2v_inst22|ReadOnly_16x16_Register_File_Low:b2v_inst2|Registers16bit:b2v_inst28|REG_OUTPUT_ALTERA_SYNTHESIZED[10]               ; Merged with IMEM:b2v_inst22|ReadOnly_16x16_Register_File_High:b2v_inst251|Registers16bit:b2v_inst41|REG_OUTPUT_ALTERA_SYNTHESIZED[10] ;
; IMEM:b2v_inst22|ReadOnly_16x16_Register_File_High:b2v_inst251|Registers16bit:b2v_inst26|REG_OUTPUT_ALTERA_SYNTHESIZED[5]             ; Merged with IMEM:b2v_inst22|ReadOnly_16x16_Register_File_High:b2v_inst251|Registers16bit:b2v_inst41|REG_OUTPUT_ALTERA_SYNTHESIZED[10] ;
; IMEM:b2v_inst22|ReadOnly_16x16_Register_File_Low:b2v_inst2|Registers16bit:b2v_inst28|REG_OUTPUT_ALTERA_SYNTHESIZED[14]               ; Merged with IMEM:b2v_inst22|ReadOnly_16x16_Register_File_High:b2v_inst251|Registers16bit:b2v_inst41|REG_OUTPUT_ALTERA_SYNTHESIZED[10] ;
; IMEM:b2v_inst22|ReadOnly_16x16_Register_File_High:b2v_inst251|Registers16bit:b2v_inst38|REG_OUTPUT_ALTERA_SYNTHESIZED[5]             ; Merged with IMEM:b2v_inst22|ReadOnly_16x16_Register_File_High:b2v_inst251|Registers16bit:b2v_inst41|REG_OUTPUT_ALTERA_SYNTHESIZED[10] ;
; IMEM:b2v_inst22|ReadOnly_16x16_Register_File_Low:b2v_inst2|Registers16bit:b2v_inst28|REG_OUTPUT_ALTERA_SYNTHESIZED[2]                ; Merged with IMEM:b2v_inst22|ReadOnly_16x16_Register_File_High:b2v_inst251|Registers16bit:b2v_inst41|REG_OUTPUT_ALTERA_SYNTHESIZED[10] ;
; IMEM:b2v_inst22|ReadOnly_16x16_Register_File_High:b2v_inst251|Registers16bit:b2v_inst25|REG_OUTPUT_ALTERA_SYNTHESIZED[10]            ; Merged with IMEM:b2v_inst22|ReadOnly_16x16_Register_File_High:b2v_inst251|Registers16bit:b2v_inst41|REG_OUTPUT_ALTERA_SYNTHESIZED[10] ;
; IMEM:b2v_inst22|ReadOnly_16x16_Register_File_Low:b2v_inst2|Registers16bit:b2v_inst28|REG_OUTPUT_ALTERA_SYNTHESIZED[5]                ; Merged with IMEM:b2v_inst22|ReadOnly_16x16_Register_File_High:b2v_inst251|Registers16bit:b2v_inst41|REG_OUTPUT_ALTERA_SYNTHESIZED[10] ;
; IMEM:b2v_inst22|ReadOnly_16x16_Register_File_High:b2v_inst251|Registers16bit:b2v_inst32|REG_OUTPUT_ALTERA_SYNTHESIZED[14]            ; Merged with IMEM:b2v_inst22|ReadOnly_16x16_Register_File_High:b2v_inst251|Registers16bit:b2v_inst41|REG_OUTPUT_ALTERA_SYNTHESIZED[10] ;
; IMEM:b2v_inst22|ReadOnly_16x16_Register_File_Low:b2v_inst2|Registers16bit:b2v_inst27|REG_OUTPUT_ALTERA_SYNTHESIZED[10]               ; Merged with IMEM:b2v_inst22|ReadOnly_16x16_Register_File_High:b2v_inst251|Registers16bit:b2v_inst41|REG_OUTPUT_ALTERA_SYNTHESIZED[10] ;
; IMEM:b2v_inst22|ReadOnly_16x16_Register_File_High:b2v_inst251|Registers16bit:b2v_inst25|REG_OUTPUT_ALTERA_SYNTHESIZED[14]            ; Merged with IMEM:b2v_inst22|ReadOnly_16x16_Register_File_High:b2v_inst251|Registers16bit:b2v_inst41|REG_OUTPUT_ALTERA_SYNTHESIZED[10] ;
; IMEM:b2v_inst22|ReadOnly_16x16_Register_File_Low:b2v_inst2|Registers16bit:b2v_inst27|REG_OUTPUT_ALTERA_SYNTHESIZED[0,2,14]           ; Merged with IMEM:b2v_inst22|ReadOnly_16x16_Register_File_High:b2v_inst251|Registers16bit:b2v_inst41|REG_OUTPUT_ALTERA_SYNTHESIZED[10] ;
; IMEM:b2v_inst22|ReadOnly_16x16_Register_File_High:b2v_inst251|Registers16bit:b2v_inst25|REG_OUTPUT_ALTERA_SYNTHESIZED[2]             ; Merged with IMEM:b2v_inst22|ReadOnly_16x16_Register_File_High:b2v_inst251|Registers16bit:b2v_inst41|REG_OUTPUT_ALTERA_SYNTHESIZED[10] ;
; IMEM:b2v_inst22|ReadOnly_16x16_Register_File_High:b2v_inst251|Registers16bit:b2v_inst25|REG_OUTPUT_ALTERA_SYNTHESIZED[7]             ; Merged with IMEM:b2v_inst22|ReadOnly_16x16_Register_File_High:b2v_inst251|Registers16bit:b2v_inst41|REG_OUTPUT_ALTERA_SYNTHESIZED[11] ;
; IMEM:b2v_inst22|ReadOnly_16x16_Register_File_Low:b2v_inst2|Registers16bit:b2v_inst28|REG_OUTPUT_ALTERA_SYNTHESIZED[0,1]              ; Merged with IMEM:b2v_inst22|ReadOnly_16x16_Register_File_High:b2v_inst251|Registers16bit:b2v_inst41|REG_OUTPUT_ALTERA_SYNTHESIZED[11] ;
; IMEM:b2v_inst22|ReadOnly_16x16_Register_File_High:b2v_inst251|Registers16bit:b2v_inst25|REG_OUTPUT_ALTERA_SYNTHESIZED[9]             ; Merged with IMEM:b2v_inst22|ReadOnly_16x16_Register_File_High:b2v_inst251|Registers16bit:b2v_inst41|REG_OUTPUT_ALTERA_SYNTHESIZED[11] ;
; IMEM:b2v_inst22|ReadOnly_16x16_Register_File_Low:b2v_inst2|Registers16bit:b2v_inst28|REG_OUTPUT_ALTERA_SYNTHESIZED[3]                ; Merged with IMEM:b2v_inst22|ReadOnly_16x16_Register_File_High:b2v_inst251|Registers16bit:b2v_inst41|REG_OUTPUT_ALTERA_SYNTHESIZED[11] ;
; IMEM:b2v_inst22|ReadOnly_16x16_Register_File_High:b2v_inst251|Registers16bit:b2v_inst32|REG_OUTPUT_ALTERA_SYNTHESIZED[13]            ; Merged with IMEM:b2v_inst22|ReadOnly_16x16_Register_File_High:b2v_inst251|Registers16bit:b2v_inst41|REG_OUTPUT_ALTERA_SYNTHESIZED[11] ;
; IMEM:b2v_inst22|ReadOnly_16x16_Register_File_Low:b2v_inst2|Registers16bit:b2v_inst28|REG_OUTPUT_ALTERA_SYNTHESIZED[4]                ; Merged with IMEM:b2v_inst22|ReadOnly_16x16_Register_File_High:b2v_inst251|Registers16bit:b2v_inst41|REG_OUTPUT_ALTERA_SYNTHESIZED[11] ;
; IMEM:b2v_inst22|ReadOnly_16x16_Register_File_High:b2v_inst251|Registers16bit:b2v_inst25|REG_OUTPUT_ALTERA_SYNTHESIZED[11]            ; Merged with IMEM:b2v_inst22|ReadOnly_16x16_Register_File_High:b2v_inst251|Registers16bit:b2v_inst41|REG_OUTPUT_ALTERA_SYNTHESIZED[11] ;
; IMEM:b2v_inst22|ReadOnly_16x16_Register_File_Low:b2v_inst2|Registers16bit:b2v_inst27|REG_OUTPUT_ALTERA_SYNTHESIZED[7]                ; Merged with IMEM:b2v_inst22|ReadOnly_16x16_Register_File_High:b2v_inst251|Registers16bit:b2v_inst41|REG_OUTPUT_ALTERA_SYNTHESIZED[11] ;
; IMEM:b2v_inst22|ReadOnly_16x16_Register_File_High:b2v_inst251|Registers16bit:b2v_inst36|REG_OUTPUT_ALTERA_SYNTHESIZED[7]             ; Merged with IMEM:b2v_inst22|ReadOnly_16x16_Register_File_High:b2v_inst251|Registers16bit:b2v_inst41|REG_OUTPUT_ALTERA_SYNTHESIZED[11] ;
; IMEM:b2v_inst22|ReadOnly_16x16_Register_File_Low:b2v_inst2|Registers16bit:b2v_inst27|REG_OUTPUT_ALTERA_SYNTHESIZED[9]                ; Merged with IMEM:b2v_inst22|ReadOnly_16x16_Register_File_High:b2v_inst251|Registers16bit:b2v_inst41|REG_OUTPUT_ALTERA_SYNTHESIZED[11] ;
; IMEM:b2v_inst22|ReadOnly_16x16_Register_File_High:b2v_inst251|Registers16bit:b2v_inst25|REG_OUTPUT_ALTERA_SYNTHESIZED[13]            ; Merged with IMEM:b2v_inst22|ReadOnly_16x16_Register_File_High:b2v_inst251|Registers16bit:b2v_inst41|REG_OUTPUT_ALTERA_SYNTHESIZED[11] ;
; IMEM:b2v_inst22|ReadOnly_16x16_Register_File_Low:b2v_inst2|Registers16bit:b2v_inst27|REG_OUTPUT_ALTERA_SYNTHESIZED[11]               ; Merged with IMEM:b2v_inst22|ReadOnly_16x16_Register_File_High:b2v_inst251|Registers16bit:b2v_inst41|REG_OUTPUT_ALTERA_SYNTHESIZED[11] ;
; IMEM:b2v_inst22|ReadOnly_16x16_Register_File_High:b2v_inst251|Registers16bit:b2v_inst32|REG_OUTPUT_ALTERA_SYNTHESIZED[0]             ; Merged with IMEM:b2v_inst22|ReadOnly_16x16_Register_File_High:b2v_inst251|Registers16bit:b2v_inst41|REG_OUTPUT_ALTERA_SYNTHESIZED[11] ;
; IMEM:b2v_inst22|ReadOnly_16x16_Register_File_Low:b2v_inst2|Registers16bit:b2v_inst27|REG_OUTPUT_ALTERA_SYNTHESIZED[13]               ; Merged with IMEM:b2v_inst22|ReadOnly_16x16_Register_File_High:b2v_inst251|Registers16bit:b2v_inst41|REG_OUTPUT_ALTERA_SYNTHESIZED[11] ;
; IMEM:b2v_inst22|ReadOnly_16x16_Register_File_High:b2v_inst251|Registers16bit:b2v_inst25|REG_OUTPUT_ALTERA_SYNTHESIZED[0]             ; Merged with IMEM:b2v_inst22|ReadOnly_16x16_Register_File_High:b2v_inst251|Registers16bit:b2v_inst41|REG_OUTPUT_ALTERA_SYNTHESIZED[11] ;
; IMEM:b2v_inst22|ReadOnly_16x16_Register_File_Low:b2v_inst2|Registers16bit:b2v_inst23|REG_OUTPUT_ALTERA_SYNTHESIZED[10]               ; Merged with IMEM:b2v_inst22|ReadOnly_16x16_Register_File_High:b2v_inst251|Registers16bit:b2v_inst41|REG_OUTPUT_ALTERA_SYNTHESIZED[11] ;
; IMEM:b2v_inst22|ReadOnly_16x16_Register_File_Low:b2v_inst2|Registers16bit:b2v_inst27|REG_OUTPUT_ALTERA_SYNTHESIZED[1]                ; Merged with IMEM:b2v_inst22|ReadOnly_16x16_Register_File_High:b2v_inst251|Registers16bit:b2v_inst41|REG_OUTPUT_ALTERA_SYNTHESIZED[11] ;
; IMEM:b2v_inst22|ReadOnly_16x16_Register_File_High:b2v_inst251|Registers16bit:b2v_inst25|REG_OUTPUT_ALTERA_SYNTHESIZED[1]             ; Merged with IMEM:b2v_inst22|ReadOnly_16x16_Register_File_High:b2v_inst251|Registers16bit:b2v_inst41|REG_OUTPUT_ALTERA_SYNTHESIZED[11] ;
; IMEM:b2v_inst22|ReadOnly_16x16_Register_File_Low:b2v_inst2|Registers16bit:b2v_inst27|REG_OUTPUT_ALTERA_SYNTHESIZED[3]                ; Merged with IMEM:b2v_inst22|ReadOnly_16x16_Register_File_High:b2v_inst251|Registers16bit:b2v_inst41|REG_OUTPUT_ALTERA_SYNTHESIZED[11] ;
; IMEM:b2v_inst22|ReadOnly_16x16_Register_File_High:b2v_inst251|Registers16bit:b2v_inst32|REG_OUTPUT_ALTERA_SYNTHESIZED[1]             ; Merged with IMEM:b2v_inst22|ReadOnly_16x16_Register_File_High:b2v_inst251|Registers16bit:b2v_inst41|REG_OUTPUT_ALTERA_SYNTHESIZED[11] ;
; IMEM:b2v_inst22|ReadOnly_16x16_Register_File_Low:b2v_inst2|Registers16bit:b2v_inst27|REG_OUTPUT_ALTERA_SYNTHESIZED[4]                ; Merged with IMEM:b2v_inst22|ReadOnly_16x16_Register_File_High:b2v_inst251|Registers16bit:b2v_inst41|REG_OUTPUT_ALTERA_SYNTHESIZED[11] ;
; IMEM:b2v_inst22|ReadOnly_16x16_Register_File_High:b2v_inst251|Registers16bit:b2v_inst25|REG_OUTPUT_ALTERA_SYNTHESIZED[3]             ; Merged with IMEM:b2v_inst22|ReadOnly_16x16_Register_File_High:b2v_inst251|Registers16bit:b2v_inst41|REG_OUTPUT_ALTERA_SYNTHESIZED[11] ;
; IMEM:b2v_inst22|ReadOnly_16x16_Register_File_Low:b2v_inst2|Registers16bit:b2v_inst26|REG_OUTPUT_ALTERA_SYNTHESIZED[7]                ; Merged with IMEM:b2v_inst22|ReadOnly_16x16_Register_File_High:b2v_inst251|Registers16bit:b2v_inst41|REG_OUTPUT_ALTERA_SYNTHESIZED[11] ;
; IMEM:b2v_inst22|ReadOnly_16x16_Register_File_High:b2v_inst251|Registers16bit:b2v_inst36|REG_OUTPUT_ALTERA_SYNTHESIZED[9]             ; Merged with IMEM:b2v_inst22|ReadOnly_16x16_Register_File_High:b2v_inst251|Registers16bit:b2v_inst41|REG_OUTPUT_ALTERA_SYNTHESIZED[11] ;
; IMEM:b2v_inst22|ReadOnly_16x16_Register_File_Low:b2v_inst2|Registers16bit:b2v_inst26|REG_OUTPUT_ALTERA_SYNTHESIZED[9]                ; Merged with IMEM:b2v_inst22|ReadOnly_16x16_Register_File_High:b2v_inst251|Registers16bit:b2v_inst41|REG_OUTPUT_ALTERA_SYNTHESIZED[11] ;
; IMEM:b2v_inst22|ReadOnly_16x16_Register_File_High:b2v_inst251|Registers16bit:b2v_inst25|REG_OUTPUT_ALTERA_SYNTHESIZED[4]             ; Merged with IMEM:b2v_inst22|ReadOnly_16x16_Register_File_High:b2v_inst251|Registers16bit:b2v_inst41|REG_OUTPUT_ALTERA_SYNTHESIZED[11] ;
; IMEM:b2v_inst22|ReadOnly_16x16_Register_File_Low:b2v_inst2|Registers16bit:b2v_inst26|REG_OUTPUT_ALTERA_SYNTHESIZED[11]               ; Merged with IMEM:b2v_inst22|ReadOnly_16x16_Register_File_High:b2v_inst251|Registers16bit:b2v_inst41|REG_OUTPUT_ALTERA_SYNTHESIZED[11] ;
; IMEM:b2v_inst22|ReadOnly_16x16_Register_File_High:b2v_inst251|Registers16bit:b2v_inst32|REG_OUTPUT_ALTERA_SYNTHESIZED[3]             ; Merged with IMEM:b2v_inst22|ReadOnly_16x16_Register_File_High:b2v_inst251|Registers16bit:b2v_inst41|REG_OUTPUT_ALTERA_SYNTHESIZED[11] ;
; IMEM:b2v_inst22|ReadOnly_16x16_Register_File_Low:b2v_inst2|Registers16bit:b2v_inst26|REG_OUTPUT_ALTERA_SYNTHESIZED[13]               ; Merged with IMEM:b2v_inst22|ReadOnly_16x16_Register_File_High:b2v_inst251|Registers16bit:b2v_inst41|REG_OUTPUT_ALTERA_SYNTHESIZED[11] ;
; IMEM:b2v_inst22|ReadOnly_16x16_Register_File_High:b2v_inst251|Registers16bit:b2v_inst24|REG_OUTPUT_ALTERA_SYNTHESIZED[7]             ; Merged with IMEM:b2v_inst22|ReadOnly_16x16_Register_File_High:b2v_inst251|Registers16bit:b2v_inst41|REG_OUTPUT_ALTERA_SYNTHESIZED[11] ;
; IMEM:b2v_inst22|ReadOnly_16x16_Register_File_Low:b2v_inst2|Registers16bit:b2v_inst26|REG_OUTPUT_ALTERA_SYNTHESIZED[0]                ; Merged with IMEM:b2v_inst22|ReadOnly_16x16_Register_File_High:b2v_inst251|Registers16bit:b2v_inst41|REG_OUTPUT_ALTERA_SYNTHESIZED[11] ;
; IMEM:b2v_inst22|ReadOnly_16x16_Register_File_High:b2v_inst251|Registers16bit:b2v_inst41|REG_OUTPUT_ALTERA_SYNTHESIZED[13]            ; Merged with IMEM:b2v_inst22|ReadOnly_16x16_Register_File_High:b2v_inst251|Registers16bit:b2v_inst41|REG_OUTPUT_ALTERA_SYNTHESIZED[11] ;
; IMEM:b2v_inst22|ReadOnly_16x16_Register_File_Low:b2v_inst2|Registers16bit:b2v_inst26|REG_OUTPUT_ALTERA_SYNTHESIZED[1]                ; Merged with IMEM:b2v_inst22|ReadOnly_16x16_Register_File_High:b2v_inst251|Registers16bit:b2v_inst41|REG_OUTPUT_ALTERA_SYNTHESIZED[11] ;
; IMEM:b2v_inst22|ReadOnly_16x16_Register_File_High:b2v_inst251|Registers16bit:b2v_inst24|REG_OUTPUT_ALTERA_SYNTHESIZED[9]             ; Merged with IMEM:b2v_inst22|ReadOnly_16x16_Register_File_High:b2v_inst251|Registers16bit:b2v_inst41|REG_OUTPUT_ALTERA_SYNTHESIZED[11] ;
; IMEM:b2v_inst22|ReadOnly_16x16_Register_File_Low:b2v_inst2|Registers16bit:b2v_inst26|REG_OUTPUT_ALTERA_SYNTHESIZED[3]                ; Merged with IMEM:b2v_inst22|ReadOnly_16x16_Register_File_High:b2v_inst251|Registers16bit:b2v_inst41|REG_OUTPUT_ALTERA_SYNTHESIZED[11] ;
; IMEM:b2v_inst22|ReadOnly_16x16_Register_File_High:b2v_inst251|Registers16bit:b2v_inst32|REG_OUTPUT_ALTERA_SYNTHESIZED[4]             ; Merged with IMEM:b2v_inst22|ReadOnly_16x16_Register_File_High:b2v_inst251|Registers16bit:b2v_inst41|REG_OUTPUT_ALTERA_SYNTHESIZED[11] ;
; IMEM:b2v_inst22|ReadOnly_16x16_Register_File_Low:b2v_inst2|Registers16bit:b2v_inst26|REG_OUTPUT_ALTERA_SYNTHESIZED[4]                ; Merged with IMEM:b2v_inst22|ReadOnly_16x16_Register_File_High:b2v_inst251|Registers16bit:b2v_inst41|REG_OUTPUT_ALTERA_SYNTHESIZED[11] ;
; IMEM:b2v_inst22|ReadOnly_16x16_Register_File_High:b2v_inst251|Registers16bit:b2v_inst24|REG_OUTPUT_ALTERA_SYNTHESIZED[11]            ; Merged with IMEM:b2v_inst22|ReadOnly_16x16_Register_File_High:b2v_inst251|Registers16bit:b2v_inst41|REG_OUTPUT_ALTERA_SYNTHESIZED[11] ;
; IMEM:b2v_inst22|ReadOnly_16x16_Register_File_Low:b2v_inst2|Registers16bit:b2v_inst25|REG_OUTPUT_ALTERA_SYNTHESIZED[7]                ; Merged with IMEM:b2v_inst22|ReadOnly_16x16_Register_File_High:b2v_inst251|Registers16bit:b2v_inst41|REG_OUTPUT_ALTERA_SYNTHESIZED[11] ;
; IMEM:b2v_inst22|ReadOnly_16x16_Register_File_High:b2v_inst251|Registers16bit:b2v_inst36|REG_OUTPUT_ALTERA_SYNTHESIZED[11]            ; Merged with IMEM:b2v_inst22|ReadOnly_16x16_Register_File_High:b2v_inst251|Registers16bit:b2v_inst41|REG_OUTPUT_ALTERA_SYNTHESIZED[11] ;
; IMEM:b2v_inst22|ReadOnly_16x16_Register_File_Low:b2v_inst2|Registers16bit:b2v_inst25|REG_OUTPUT_ALTERA_SYNTHESIZED[9]                ; Merged with IMEM:b2v_inst22|ReadOnly_16x16_Register_File_High:b2v_inst251|Registers16bit:b2v_inst41|REG_OUTPUT_ALTERA_SYNTHESIZED[11] ;
; IMEM:b2v_inst22|ReadOnly_16x16_Register_File_High:b2v_inst251|Registers16bit:b2v_inst24|REG_OUTPUT_ALTERA_SYNTHESIZED[13]            ; Merged with IMEM:b2v_inst22|ReadOnly_16x16_Register_File_High:b2v_inst251|Registers16bit:b2v_inst41|REG_OUTPUT_ALTERA_SYNTHESIZED[11] ;
; IMEM:b2v_inst22|ReadOnly_16x16_Register_File_Low:b2v_inst2|Registers16bit:b2v_inst25|REG_OUTPUT_ALTERA_SYNTHESIZED[11]               ; Merged with IMEM:b2v_inst22|ReadOnly_16x16_Register_File_High:b2v_inst251|Registers16bit:b2v_inst41|REG_OUTPUT_ALTERA_SYNTHESIZED[11] ;
; IMEM:b2v_inst22|ReadOnly_16x16_Register_File_High:b2v_inst251|Registers16bit:b2v_inst31|REG_OUTPUT_ALTERA_SYNTHESIZED[7]             ; Merged with IMEM:b2v_inst22|ReadOnly_16x16_Register_File_High:b2v_inst251|Registers16bit:b2v_inst41|REG_OUTPUT_ALTERA_SYNTHESIZED[11] ;
; IMEM:b2v_inst22|ReadOnly_16x16_Register_File_Low:b2v_inst2|Registers16bit:b2v_inst25|REG_OUTPUT_ALTERA_SYNTHESIZED[13]               ; Merged with IMEM:b2v_inst22|ReadOnly_16x16_Register_File_High:b2v_inst251|Registers16bit:b2v_inst41|REG_OUTPUT_ALTERA_SYNTHESIZED[11] ;
; IMEM:b2v_inst22|ReadOnly_16x16_Register_File_High:b2v_inst251|Registers16bit:b2v_inst24|REG_OUTPUT_ALTERA_SYNTHESIZED[0]             ; Merged with IMEM:b2v_inst22|ReadOnly_16x16_Register_File_High:b2v_inst251|Registers16bit:b2v_inst41|REG_OUTPUT_ALTERA_SYNTHESIZED[11] ;
; IMEM:b2v_inst22|ReadOnly_16x16_Register_File_Low:b2v_inst2|Registers16bit:b2v_inst25|REG_OUTPUT_ALTERA_SYNTHESIZED[0]                ; Merged with IMEM:b2v_inst22|ReadOnly_16x16_Register_File_High:b2v_inst251|Registers16bit:b2v_inst41|REG_OUTPUT_ALTERA_SYNTHESIZED[11] ;
; IMEM:b2v_inst22|ReadOnly_16x16_Register_File_High:b2v_inst251|Registers16bit:b2v_inst23|REG_OUTPUT_ALTERA_SYNTHESIZED[14]            ; Merged with IMEM:b2v_inst22|ReadOnly_16x16_Register_File_High:b2v_inst251|Registers16bit:b2v_inst41|REG_OUTPUT_ALTERA_SYNTHESIZED[11] ;
; IMEM:b2v_inst22|ReadOnly_16x16_Register_File_Low:b2v_inst2|Registers16bit:b2v_inst23|REG_OUTPUT_ALTERA_SYNTHESIZED[12]               ; Merged with IMEM:b2v_inst22|ReadOnly_16x16_Register_File_High:b2v_inst251|Registers16bit:b2v_inst41|REG_OUTPUT_ALTERA_SYNTHESIZED[11] ;
; IMEM:b2v_inst22|ReadOnly_16x16_Register_File_Low:b2v_inst2|Registers16bit:b2v_inst25|REG_OUTPUT_ALTERA_SYNTHESIZED[1]                ; Merged with IMEM:b2v_inst22|ReadOnly_16x16_Register_File_High:b2v_inst251|Registers16bit:b2v_inst41|REG_OUTPUT_ALTERA_SYNTHESIZED[11] ;
; IMEM:b2v_inst22|ReadOnly_16x16_Register_File_High:b2v_inst251|Registers16bit:b2v_inst24|REG_OUTPUT_ALTERA_SYNTHESIZED[1]             ; Merged with IMEM:b2v_inst22|ReadOnly_16x16_Register_File_High:b2v_inst251|Registers16bit:b2v_inst41|REG_OUTPUT_ALTERA_SYNTHESIZED[11] ;
; IMEM:b2v_inst22|ReadOnly_16x16_Register_File_Low:b2v_inst2|Registers16bit:b2v_inst25|REG_OUTPUT_ALTERA_SYNTHESIZED[3]                ; Merged with IMEM:b2v_inst22|ReadOnly_16x16_Register_File_High:b2v_inst251|Registers16bit:b2v_inst41|REG_OUTPUT_ALTERA_SYNTHESIZED[11] ;
; IMEM:b2v_inst22|ReadOnly_16x16_Register_File_High:b2v_inst251|Registers16bit:b2v_inst31|REG_OUTPUT_ALTERA_SYNTHESIZED[9]             ; Merged with IMEM:b2v_inst22|ReadOnly_16x16_Register_File_High:b2v_inst251|Registers16bit:b2v_inst41|REG_OUTPUT_ALTERA_SYNTHESIZED[11] ;
; IMEM:b2v_inst22|ReadOnly_16x16_Register_File_Low:b2v_inst2|Registers16bit:b2v_inst25|REG_OUTPUT_ALTERA_SYNTHESIZED[4]                ; Merged with IMEM:b2v_inst22|ReadOnly_16x16_Register_File_High:b2v_inst251|Registers16bit:b2v_inst41|REG_OUTPUT_ALTERA_SYNTHESIZED[11] ;
; IMEM:b2v_inst22|ReadOnly_16x16_Register_File_High:b2v_inst251|Registers16bit:b2v_inst24|REG_OUTPUT_ALTERA_SYNTHESIZED[3]             ; Merged with IMEM:b2v_inst22|ReadOnly_16x16_Register_File_High:b2v_inst251|Registers16bit:b2v_inst41|REG_OUTPUT_ALTERA_SYNTHESIZED[11] ;
; IMEM:b2v_inst22|ReadOnly_16x16_Register_File_Low:b2v_inst2|Registers16bit:b2v_inst24|REG_OUTPUT_ALTERA_SYNTHESIZED[7]                ; Merged with IMEM:b2v_inst22|ReadOnly_16x16_Register_File_High:b2v_inst251|Registers16bit:b2v_inst41|REG_OUTPUT_ALTERA_SYNTHESIZED[11] ;
; IMEM:b2v_inst22|ReadOnly_16x16_Register_File_High:b2v_inst251|Registers16bit:b2v_inst36|REG_OUTPUT_ALTERA_SYNTHESIZED[13]            ; Merged with IMEM:b2v_inst22|ReadOnly_16x16_Register_File_High:b2v_inst251|Registers16bit:b2v_inst41|REG_OUTPUT_ALTERA_SYNTHESIZED[11] ;
; IMEM:b2v_inst22|ReadOnly_16x16_Register_File_Low:b2v_inst2|Registers16bit:b2v_inst24|REG_OUTPUT_ALTERA_SYNTHESIZED[9]                ; Merged with IMEM:b2v_inst22|ReadOnly_16x16_Register_File_High:b2v_inst251|Registers16bit:b2v_inst41|REG_OUTPUT_ALTERA_SYNTHESIZED[11] ;
; IMEM:b2v_inst22|ReadOnly_16x16_Register_File_High:b2v_inst251|Registers16bit:b2v_inst24|REG_OUTPUT_ALTERA_SYNTHESIZED[4]             ; Merged with IMEM:b2v_inst22|ReadOnly_16x16_Register_File_High:b2v_inst251|Registers16bit:b2v_inst41|REG_OUTPUT_ALTERA_SYNTHESIZED[11] ;
; IMEM:b2v_inst22|ReadOnly_16x16_Register_File_Low:b2v_inst2|Registers16bit:b2v_inst24|REG_OUTPUT_ALTERA_SYNTHESIZED[11]               ; Merged with IMEM:b2v_inst22|ReadOnly_16x16_Register_File_High:b2v_inst251|Registers16bit:b2v_inst41|REG_OUTPUT_ALTERA_SYNTHESIZED[11] ;
; IMEM:b2v_inst22|ReadOnly_16x16_Register_File_High:b2v_inst251|Registers16bit:b2v_inst31|REG_OUTPUT_ALTERA_SYNTHESIZED[11]            ; Merged with IMEM:b2v_inst22|ReadOnly_16x16_Register_File_High:b2v_inst251|Registers16bit:b2v_inst41|REG_OUTPUT_ALTERA_SYNTHESIZED[11] ;
; IMEM:b2v_inst22|ReadOnly_16x16_Register_File_Low:b2v_inst2|Registers16bit:b2v_inst24|REG_OUTPUT_ALTERA_SYNTHESIZED[13]               ; Merged with IMEM:b2v_inst22|ReadOnly_16x16_Register_File_High:b2v_inst251|Registers16bit:b2v_inst41|REG_OUTPUT_ALTERA_SYNTHESIZED[11] ;
; IMEM:b2v_inst22|ReadOnly_16x16_Register_File_High:b2v_inst251|Registers16bit:b2v_inst23|REG_OUTPUT_ALTERA_SYNTHESIZED[7]             ; Merged with IMEM:b2v_inst22|ReadOnly_16x16_Register_File_High:b2v_inst251|Registers16bit:b2v_inst41|REG_OUTPUT_ALTERA_SYNTHESIZED[11] ;
; IMEM:b2v_inst22|ReadOnly_16x16_Register_File_Low:b2v_inst2|Registers16bit:b2v_inst24|REG_OUTPUT_ALTERA_SYNTHESIZED[0]                ; Merged with IMEM:b2v_inst22|ReadOnly_16x16_Register_File_High:b2v_inst251|Registers16bit:b2v_inst41|REG_OUTPUT_ALTERA_SYNTHESIZED[11] ;
; IMEM:b2v_inst22|ReadOnly_16x16_Register_File_High:b2v_inst251|Registers16bit:b2v_inst41|REG_OUTPUT_ALTERA_SYNTHESIZED[0]             ; Merged with IMEM:b2v_inst22|ReadOnly_16x16_Register_File_High:b2v_inst251|Registers16bit:b2v_inst41|REG_OUTPUT_ALTERA_SYNTHESIZED[11] ;
; IMEM:b2v_inst22|ReadOnly_16x16_Register_File_Low:b2v_inst2|Registers16bit:b2v_inst24|REG_OUTPUT_ALTERA_SYNTHESIZED[1]                ; Merged with IMEM:b2v_inst22|ReadOnly_16x16_Register_File_High:b2v_inst251|Registers16bit:b2v_inst41|REG_OUTPUT_ALTERA_SYNTHESIZED[11] ;
; IMEM:b2v_inst22|ReadOnly_16x16_Register_File_High:b2v_inst251|Registers16bit:b2v_inst23|REG_OUTPUT_ALTERA_SYNTHESIZED[9]             ; Merged with IMEM:b2v_inst22|ReadOnly_16x16_Register_File_High:b2v_inst251|Registers16bit:b2v_inst41|REG_OUTPUT_ALTERA_SYNTHESIZED[11] ;
; IMEM:b2v_inst22|ReadOnly_16x16_Register_File_Low:b2v_inst2|Registers16bit:b2v_inst24|REG_OUTPUT_ALTERA_SYNTHESIZED[3]                ; Merged with IMEM:b2v_inst22|ReadOnly_16x16_Register_File_High:b2v_inst251|Registers16bit:b2v_inst41|REG_OUTPUT_ALTERA_SYNTHESIZED[11] ;
; IMEM:b2v_inst22|ReadOnly_16x16_Register_File_High:b2v_inst251|Registers16bit:b2v_inst31|REG_OUTPUT_ALTERA_SYNTHESIZED[13]            ; Merged with IMEM:b2v_inst22|ReadOnly_16x16_Register_File_High:b2v_inst251|Registers16bit:b2v_inst41|REG_OUTPUT_ALTERA_SYNTHESIZED[11] ;
; IMEM:b2v_inst22|ReadOnly_16x16_Register_File_Low:b2v_inst2|Registers16bit:b2v_inst24|REG_OUTPUT_ALTERA_SYNTHESIZED[4]                ; Merged with IMEM:b2v_inst22|ReadOnly_16x16_Register_File_High:b2v_inst251|Registers16bit:b2v_inst41|REG_OUTPUT_ALTERA_SYNTHESIZED[11] ;
; IMEM:b2v_inst22|ReadOnly_16x16_Register_File_High:b2v_inst251|Registers16bit:b2v_inst23|REG_OUTPUT_ALTERA_SYNTHESIZED[11]            ; Merged with IMEM:b2v_inst22|ReadOnly_16x16_Register_File_High:b2v_inst251|Registers16bit:b2v_inst41|REG_OUTPUT_ALTERA_SYNTHESIZED[11] ;
; IMEM:b2v_inst22|ReadOnly_16x16_Register_File_Low:b2v_inst2|Registers16bit:b2v_inst23|REG_OUTPUT_ALTERA_SYNTHESIZED[7]                ; Merged with IMEM:b2v_inst22|ReadOnly_16x16_Register_File_High:b2v_inst251|Registers16bit:b2v_inst41|REG_OUTPUT_ALTERA_SYNTHESIZED[11] ;
; IMEM:b2v_inst22|ReadOnly_16x16_Register_File_High:b2v_inst251|Registers16bit:b2v_inst36|REG_OUTPUT_ALTERA_SYNTHESIZED[0]             ; Merged with IMEM:b2v_inst22|ReadOnly_16x16_Register_File_High:b2v_inst251|Registers16bit:b2v_inst41|REG_OUTPUT_ALTERA_SYNTHESIZED[11] ;
; IMEM:b2v_inst22|ReadOnly_16x16_Register_File_Low:b2v_inst2|Registers16bit:b2v_inst23|REG_OUTPUT_ALTERA_SYNTHESIZED[9]                ; Merged with IMEM:b2v_inst22|ReadOnly_16x16_Register_File_High:b2v_inst251|Registers16bit:b2v_inst41|REG_OUTPUT_ALTERA_SYNTHESIZED[11] ;
; IMEM:b2v_inst22|ReadOnly_16x16_Register_File_High:b2v_inst251|Registers16bit:b2v_inst23|REG_OUTPUT_ALTERA_SYNTHESIZED[13]            ; Merged with IMEM:b2v_inst22|ReadOnly_16x16_Register_File_High:b2v_inst251|Registers16bit:b2v_inst41|REG_OUTPUT_ALTERA_SYNTHESIZED[11] ;
; IMEM:b2v_inst22|ReadOnly_16x16_Register_File_Low:b2v_inst2|Registers16bit:b2v_inst23|REG_OUTPUT_ALTERA_SYNTHESIZED[11]               ; Merged with IMEM:b2v_inst22|ReadOnly_16x16_Register_File_High:b2v_inst251|Registers16bit:b2v_inst41|REG_OUTPUT_ALTERA_SYNTHESIZED[11] ;
; IMEM:b2v_inst22|ReadOnly_16x16_Register_File_High:b2v_inst251|Registers16bit:b2v_inst31|REG_OUTPUT_ALTERA_SYNTHESIZED[0]             ; Merged with IMEM:b2v_inst22|ReadOnly_16x16_Register_File_High:b2v_inst251|Registers16bit:b2v_inst41|REG_OUTPUT_ALTERA_SYNTHESIZED[11] ;
; IMEM:b2v_inst22|ReadOnly_16x16_Register_File_Low:b2v_inst2|Registers16bit:b2v_inst23|REG_OUTPUT_ALTERA_SYNTHESIZED[13]               ; Merged with IMEM:b2v_inst22|ReadOnly_16x16_Register_File_High:b2v_inst251|Registers16bit:b2v_inst41|REG_OUTPUT_ALTERA_SYNTHESIZED[11] ;
; IMEM:b2v_inst22|ReadOnly_16x16_Register_File_High:b2v_inst251|Registers16bit:b2v_inst23|REG_OUTPUT_ALTERA_SYNTHESIZED[0]             ; Merged with IMEM:b2v_inst22|ReadOnly_16x16_Register_File_High:b2v_inst251|Registers16bit:b2v_inst41|REG_OUTPUT_ALTERA_SYNTHESIZED[11] ;
; IMEM:b2v_inst22|ReadOnly_16x16_Register_File_Low:b2v_inst2|Registers16bit:b2v_inst23|REG_OUTPUT_ALTERA_SYNTHESIZED[1,14]             ; Merged with IMEM:b2v_inst22|ReadOnly_16x16_Register_File_High:b2v_inst251|Registers16bit:b2v_inst41|REG_OUTPUT_ALTERA_SYNTHESIZED[11] ;
; IMEM:b2v_inst22|ReadOnly_16x16_Register_File_High:b2v_inst251|Registers16bit:b2v_inst23|REG_OUTPUT_ALTERA_SYNTHESIZED[1]             ; Merged with IMEM:b2v_inst22|ReadOnly_16x16_Register_File_High:b2v_inst251|Registers16bit:b2v_inst41|REG_OUTPUT_ALTERA_SYNTHESIZED[11] ;
; IMEM:b2v_inst22|ReadOnly_16x16_Register_File_Low:b2v_inst2|Registers16bit:b2v_inst23|REG_OUTPUT_ALTERA_SYNTHESIZED[3]                ; Merged with IMEM:b2v_inst22|ReadOnly_16x16_Register_File_High:b2v_inst251|Registers16bit:b2v_inst41|REG_OUTPUT_ALTERA_SYNTHESIZED[11] ;
; IMEM:b2v_inst22|ReadOnly_16x16_Register_File_High:b2v_inst251|Registers16bit:b2v_inst31|REG_OUTPUT_ALTERA_SYNTHESIZED[1]             ; Merged with IMEM:b2v_inst22|ReadOnly_16x16_Register_File_High:b2v_inst251|Registers16bit:b2v_inst41|REG_OUTPUT_ALTERA_SYNTHESIZED[11] ;
; IMEM:b2v_inst22|ReadOnly_16x16_Register_File_Low:b2v_inst2|Registers16bit:b2v_inst23|REG_OUTPUT_ALTERA_SYNTHESIZED[4]                ; Merged with IMEM:b2v_inst22|ReadOnly_16x16_Register_File_High:b2v_inst251|Registers16bit:b2v_inst41|REG_OUTPUT_ALTERA_SYNTHESIZED[11] ;
; IMEM:b2v_inst22|ReadOnly_16x16_Register_File_High:b2v_inst251|Registers16bit:b2v_inst23|REG_OUTPUT_ALTERA_SYNTHESIZED[3]             ; Merged with IMEM:b2v_inst22|ReadOnly_16x16_Register_File_High:b2v_inst251|Registers16bit:b2v_inst41|REG_OUTPUT_ALTERA_SYNTHESIZED[11] ;
; IMEM:b2v_inst22|ReadOnly_16x16_Register_File_Low:b2v_inst2|Registers16bit:b2v_inst22|REG_OUTPUT_ALTERA_SYNTHESIZED[7]                ; Merged with IMEM:b2v_inst22|ReadOnly_16x16_Register_File_High:b2v_inst251|Registers16bit:b2v_inst41|REG_OUTPUT_ALTERA_SYNTHESIZED[11] ;
; IMEM:b2v_inst22|ReadOnly_16x16_Register_File_High:b2v_inst251|Registers16bit:b2v_inst36|REG_OUTPUT_ALTERA_SYNTHESIZED[1]             ; Merged with IMEM:b2v_inst22|ReadOnly_16x16_Register_File_High:b2v_inst251|Registers16bit:b2v_inst41|REG_OUTPUT_ALTERA_SYNTHESIZED[11] ;
; IMEM:b2v_inst22|ReadOnly_16x16_Register_File_Low:b2v_inst2|Registers16bit:b2v_inst22|REG_OUTPUT_ALTERA_SYNTHESIZED[9]                ; Merged with IMEM:b2v_inst22|ReadOnly_16x16_Register_File_High:b2v_inst251|Registers16bit:b2v_inst41|REG_OUTPUT_ALTERA_SYNTHESIZED[11] ;
; IMEM:b2v_inst22|ReadOnly_16x16_Register_File_High:b2v_inst251|Registers16bit:b2v_inst23|REG_OUTPUT_ALTERA_SYNTHESIZED[4]             ; Merged with IMEM:b2v_inst22|ReadOnly_16x16_Register_File_High:b2v_inst251|Registers16bit:b2v_inst41|REG_OUTPUT_ALTERA_SYNTHESIZED[11] ;
; IMEM:b2v_inst22|ReadOnly_16x16_Register_File_Low:b2v_inst2|Registers16bit:b2v_inst22|REG_OUTPUT_ALTERA_SYNTHESIZED[11]               ; Merged with IMEM:b2v_inst22|ReadOnly_16x16_Register_File_High:b2v_inst251|Registers16bit:b2v_inst41|REG_OUTPUT_ALTERA_SYNTHESIZED[11] ;
; IMEM:b2v_inst22|ReadOnly_16x16_Register_File_High:b2v_inst251|Registers16bit:b2v_inst31|REG_OUTPUT_ALTERA_SYNTHESIZED[3]             ; Merged with IMEM:b2v_inst22|ReadOnly_16x16_Register_File_High:b2v_inst251|Registers16bit:b2v_inst41|REG_OUTPUT_ALTERA_SYNTHESIZED[11] ;
; IMEM:b2v_inst22|ReadOnly_16x16_Register_File_Low:b2v_inst2|Registers16bit:b2v_inst22|REG_OUTPUT_ALTERA_SYNTHESIZED[13]               ; Merged with IMEM:b2v_inst22|ReadOnly_16x16_Register_File_High:b2v_inst251|Registers16bit:b2v_inst41|REG_OUTPUT_ALTERA_SYNTHESIZED[11] ;
; IMEM:b2v_inst22|ReadOnly_16x16_Register_File_High:b2v_inst251|Registers16bit:b2v_inst22|REG_OUTPUT_ALTERA_SYNTHESIZED[7]             ; Merged with IMEM:b2v_inst22|ReadOnly_16x16_Register_File_High:b2v_inst251|Registers16bit:b2v_inst41|REG_OUTPUT_ALTERA_SYNTHESIZED[11] ;
; IMEM:b2v_inst22|ReadOnly_16x16_Register_File_Low:b2v_inst2|Registers16bit:b2v_inst22|REG_OUTPUT_ALTERA_SYNTHESIZED[0]                ; Merged with IMEM:b2v_inst22|ReadOnly_16x16_Register_File_High:b2v_inst251|Registers16bit:b2v_inst41|REG_OUTPUT_ALTERA_SYNTHESIZED[11] ;
; IMEM:b2v_inst22|ReadOnly_16x16_Register_File_High:b2v_inst251|Registers16bit:b2v_inst41|REG_OUTPUT_ALTERA_SYNTHESIZED[1]             ; Merged with IMEM:b2v_inst22|ReadOnly_16x16_Register_File_High:b2v_inst251|Registers16bit:b2v_inst41|REG_OUTPUT_ALTERA_SYNTHESIZED[11] ;
; IMEM:b2v_inst22|ReadOnly_16x16_Register_File_Low:b2v_inst2|Registers16bit:b2v_inst22|REG_OUTPUT_ALTERA_SYNTHESIZED[1]                ; Merged with IMEM:b2v_inst22|ReadOnly_16x16_Register_File_High:b2v_inst251|Registers16bit:b2v_inst41|REG_OUTPUT_ALTERA_SYNTHESIZED[11] ;
; IMEM:b2v_inst22|ReadOnly_16x16_Register_File_High:b2v_inst251|Registers16bit:b2v_inst22|REG_OUTPUT_ALTERA_SYNTHESIZED[9]             ; Merged with IMEM:b2v_inst22|ReadOnly_16x16_Register_File_High:b2v_inst251|Registers16bit:b2v_inst41|REG_OUTPUT_ALTERA_SYNTHESIZED[11] ;
; IMEM:b2v_inst22|ReadOnly_16x16_Register_File_Low:b2v_inst2|Registers16bit:b2v_inst22|REG_OUTPUT_ALTERA_SYNTHESIZED[3]                ; Merged with IMEM:b2v_inst22|ReadOnly_16x16_Register_File_High:b2v_inst251|Registers16bit:b2v_inst41|REG_OUTPUT_ALTERA_SYNTHESIZED[11] ;
; IMEM:b2v_inst22|ReadOnly_16x16_Register_File_Low:b2v_inst2|Registers16bit:b2v_inst27|REG_OUTPUT_ALTERA_SYNTHESIZED[5]                ; Merged with IMEM:b2v_inst22|ReadOnly_16x16_Register_File_High:b2v_inst251|Registers16bit:b2v_inst41|REG_OUTPUT_ALTERA_SYNTHESIZED[14] ;
; IMEM:b2v_inst22|ReadOnly_16x16_Register_File_High:b2v_inst251|Registers16bit:b2v_inst32|REG_OUTPUT_ALTERA_SYNTHESIZED[2]             ; Merged with IMEM:b2v_inst22|ReadOnly_16x16_Register_File_High:b2v_inst251|Registers16bit:b2v_inst41|REG_OUTPUT_ALTERA_SYNTHESIZED[14] ;
; IMEM:b2v_inst22|ReadOnly_16x16_Register_File_Low:b2v_inst2|Registers16bit:b2v_inst26|REG_OUTPUT_ALTERA_SYNTHESIZED[10]               ; Merged with IMEM:b2v_inst22|ReadOnly_16x16_Register_File_High:b2v_inst251|Registers16bit:b2v_inst41|REG_OUTPUT_ALTERA_SYNTHESIZED[14] ;
; IMEM:b2v_inst22|ReadOnly_16x16_Register_File_High:b2v_inst251|Registers16bit:b2v_inst25|REG_OUTPUT_ALTERA_SYNTHESIZED[5]             ; Merged with IMEM:b2v_inst22|ReadOnly_16x16_Register_File_High:b2v_inst251|Registers16bit:b2v_inst41|REG_OUTPUT_ALTERA_SYNTHESIZED[14] ;
; IMEM:b2v_inst22|ReadOnly_16x16_Register_File_Low:b2v_inst2|Registers16bit:b2v_inst26|REG_OUTPUT_ALTERA_SYNTHESIZED[14]               ; Merged with IMEM:b2v_inst22|ReadOnly_16x16_Register_File_High:b2v_inst251|Registers16bit:b2v_inst41|REG_OUTPUT_ALTERA_SYNTHESIZED[14] ;
; IMEM:b2v_inst22|ReadOnly_16x16_Register_File_High:b2v_inst251|Registers16bit:b2v_inst36|REG_OUTPUT_ALTERA_SYNTHESIZED[10]            ; Merged with IMEM:b2v_inst22|ReadOnly_16x16_Register_File_High:b2v_inst251|Registers16bit:b2v_inst41|REG_OUTPUT_ALTERA_SYNTHESIZED[14] ;
; IMEM:b2v_inst22|ReadOnly_16x16_Register_File_Low:b2v_inst2|Registers16bit:b2v_inst26|REG_OUTPUT_ALTERA_SYNTHESIZED[2]                ; Merged with IMEM:b2v_inst22|ReadOnly_16x16_Register_File_High:b2v_inst251|Registers16bit:b2v_inst41|REG_OUTPUT_ALTERA_SYNTHESIZED[14] ;
; IMEM:b2v_inst22|ReadOnly_16x16_Register_File_High:b2v_inst251|Registers16bit:b2v_inst24|REG_OUTPUT_ALTERA_SYNTHESIZED[10]            ; Merged with IMEM:b2v_inst22|ReadOnly_16x16_Register_File_High:b2v_inst251|Registers16bit:b2v_inst41|REG_OUTPUT_ALTERA_SYNTHESIZED[14] ;
; IMEM:b2v_inst22|ReadOnly_16x16_Register_File_Low:b2v_inst2|Registers16bit:b2v_inst26|REG_OUTPUT_ALTERA_SYNTHESIZED[5]                ; Merged with IMEM:b2v_inst22|ReadOnly_16x16_Register_File_High:b2v_inst251|Registers16bit:b2v_inst41|REG_OUTPUT_ALTERA_SYNTHESIZED[14] ;
; IMEM:b2v_inst22|ReadOnly_16x16_Register_File_High:b2v_inst251|Registers16bit:b2v_inst32|REG_OUTPUT_ALTERA_SYNTHESIZED[5]             ; Merged with IMEM:b2v_inst22|ReadOnly_16x16_Register_File_High:b2v_inst251|Registers16bit:b2v_inst41|REG_OUTPUT_ALTERA_SYNTHESIZED[14] ;
; IMEM:b2v_inst22|ReadOnly_16x16_Register_File_Low:b2v_inst2|Registers16bit:b2v_inst25|REG_OUTPUT_ALTERA_SYNTHESIZED[10]               ; Merged with IMEM:b2v_inst22|ReadOnly_16x16_Register_File_High:b2v_inst251|Registers16bit:b2v_inst41|REG_OUTPUT_ALTERA_SYNTHESIZED[14] ;
; IMEM:b2v_inst22|ReadOnly_16x16_Register_File_High:b2v_inst251|Registers16bit:b2v_inst24|REG_OUTPUT_ALTERA_SYNTHESIZED[14]            ; Merged with IMEM:b2v_inst22|ReadOnly_16x16_Register_File_High:b2v_inst251|Registers16bit:b2v_inst41|REG_OUTPUT_ALTERA_SYNTHESIZED[14] ;
; IMEM:b2v_inst22|ReadOnly_16x16_Register_File_Low:b2v_inst2|Registers16bit:b2v_inst25|REG_OUTPUT_ALTERA_SYNTHESIZED[12,14]            ; Merged with IMEM:b2v_inst22|ReadOnly_16x16_Register_File_High:b2v_inst251|Registers16bit:b2v_inst41|REG_OUTPUT_ALTERA_SYNTHESIZED[14] ;
; IMEM:b2v_inst22|ReadOnly_16x16_Register_File_High:b2v_inst251|Registers16bit:b2v_inst36|REG_OUTPUT_ALTERA_SYNTHESIZED[12]            ; Merged with IMEM:b2v_inst22|ReadOnly_16x16_Register_File_High:b2v_inst251|Registers16bit:b2v_inst41|REG_OUTPUT_ALTERA_SYNTHESIZED[14] ;
; IMEM:b2v_inst22|ReadOnly_16x16_Register_File_High:b2v_inst251|Registers16bit:b2v_inst31|REG_OUTPUT_ALTERA_SYNTHESIZED[8]             ; Merged with IMEM:b2v_inst22|ReadOnly_16x16_Register_File_High:b2v_inst251|Registers16bit:b2v_inst41|REG_OUTPUT_ALTERA_SYNTHESIZED[14] ;
; IMEM:b2v_inst22|ReadOnly_16x16_Register_File_High:b2v_inst251|Registers16bit:b2v_inst24|REG_OUTPUT_ALTERA_SYNTHESIZED[15]            ; Merged with IMEM:b2v_inst22|ReadOnly_16x16_Register_File_High:b2v_inst251|Registers16bit:b2v_inst41|REG_OUTPUT_ALTERA_SYNTHESIZED[14] ;
; IMEM:b2v_inst22|ReadOnly_16x16_Register_File_Low:b2v_inst2|Registers16bit:b2v_inst25|REG_OUTPUT_ALTERA_SYNTHESIZED[2,15]             ; Merged with IMEM:b2v_inst22|ReadOnly_16x16_Register_File_High:b2v_inst251|Registers16bit:b2v_inst41|REG_OUTPUT_ALTERA_SYNTHESIZED[14] ;
; IMEM:b2v_inst22|ReadOnly_16x16_Register_File_High:b2v_inst251|Registers16bit:b2v_inst24|REG_OUTPUT_ALTERA_SYNTHESIZED[2]             ; Merged with IMEM:b2v_inst22|ReadOnly_16x16_Register_File_High:b2v_inst251|Registers16bit:b2v_inst41|REG_OUTPUT_ALTERA_SYNTHESIZED[14] ;
; IMEM:b2v_inst22|ReadOnly_16x16_Register_File_Low:b2v_inst2|Registers16bit:b2v_inst25|REG_OUTPUT_ALTERA_SYNTHESIZED[5,6]              ; Merged with IMEM:b2v_inst22|ReadOnly_16x16_Register_File_High:b2v_inst251|Registers16bit:b2v_inst41|REG_OUTPUT_ALTERA_SYNTHESIZED[14] ;
; IMEM:b2v_inst22|ReadOnly_16x16_Register_File_High:b2v_inst251|Registers16bit:b2v_inst31|REG_OUTPUT_ALTERA_SYNTHESIZED[10]            ; Merged with IMEM:b2v_inst22|ReadOnly_16x16_Register_File_High:b2v_inst251|Registers16bit:b2v_inst41|REG_OUTPUT_ALTERA_SYNTHESIZED[14] ;
; IMEM:b2v_inst22|ReadOnly_16x16_Register_File_High:b2v_inst251|Registers16bit:b2v_inst24|REG_OUTPUT_ALTERA_SYNTHESIZED[6]             ; Merged with IMEM:b2v_inst22|ReadOnly_16x16_Register_File_High:b2v_inst251|Registers16bit:b2v_inst41|REG_OUTPUT_ALTERA_SYNTHESIZED[14] ;
; IMEM:b2v_inst22|ReadOnly_16x16_Register_File_Low:b2v_inst2|Registers16bit:b2v_inst24|REG_OUTPUT_ALTERA_SYNTHESIZED[8,10]             ; Merged with IMEM:b2v_inst22|ReadOnly_16x16_Register_File_High:b2v_inst251|Registers16bit:b2v_inst41|REG_OUTPUT_ALTERA_SYNTHESIZED[14] ;
; IMEM:b2v_inst22|ReadOnly_16x16_Register_File_High:b2v_inst251|Registers16bit:b2v_inst24|REG_OUTPUT_ALTERA_SYNTHESIZED[5]             ; Merged with IMEM:b2v_inst22|ReadOnly_16x16_Register_File_High:b2v_inst251|Registers16bit:b2v_inst41|REG_OUTPUT_ALTERA_SYNTHESIZED[14] ;
; IMEM:b2v_inst22|ReadOnly_16x16_Register_File_Low:b2v_inst2|Registers16bit:b2v_inst24|REG_OUTPUT_ALTERA_SYNTHESIZED[12]               ; Merged with IMEM:b2v_inst22|ReadOnly_16x16_Register_File_High:b2v_inst251|Registers16bit:b2v_inst41|REG_OUTPUT_ALTERA_SYNTHESIZED[14] ;
; IMEM:b2v_inst22|ReadOnly_16x16_Register_File_Low:b2v_inst2|Registers16bit:b2v_inst23|REG_OUTPUT_ALTERA_SYNTHESIZED[2]                ; Merged with IMEM:b2v_inst22|ReadOnly_16x16_Register_File_High:b2v_inst251|Registers16bit:b2v_inst41|REG_OUTPUT_ALTERA_SYNTHESIZED[14] ;
; IMEM:b2v_inst22|ReadOnly_16x16_Register_File_High:b2v_inst251|Registers16bit:b2v_inst23|REG_OUTPUT_ALTERA_SYNTHESIZED[2]             ; Merged with IMEM:b2v_inst22|ReadOnly_16x16_Register_File_High:b2v_inst251|Registers16bit:b2v_inst41|REG_OUTPUT_ALTERA_SYNTHESIZED[14] ;
; IMEM:b2v_inst22|ReadOnly_16x16_Register_File_Low:b2v_inst2|Registers16bit:b2v_inst23|REG_OUTPUT_ALTERA_SYNTHESIZED[5]                ; Merged with IMEM:b2v_inst22|ReadOnly_16x16_Register_File_High:b2v_inst251|Registers16bit:b2v_inst41|REG_OUTPUT_ALTERA_SYNTHESIZED[14] ;
; IMEM:b2v_inst22|ReadOnly_16x16_Register_File_High:b2v_inst251|Registers16bit:b2v_inst31|REG_OUTPUT_ALTERA_SYNTHESIZED[2]             ; Merged with IMEM:b2v_inst22|ReadOnly_16x16_Register_File_High:b2v_inst251|Registers16bit:b2v_inst41|REG_OUTPUT_ALTERA_SYNTHESIZED[14] ;
; IMEM:b2v_inst22|ReadOnly_16x16_Register_File_Low:b2v_inst2|Registers16bit:b2v_inst22|REG_OUTPUT_ALTERA_SYNTHESIZED[10]               ; Merged with IMEM:b2v_inst22|ReadOnly_16x16_Register_File_High:b2v_inst251|Registers16bit:b2v_inst41|REG_OUTPUT_ALTERA_SYNTHESIZED[14] ;
; IMEM:b2v_inst22|ReadOnly_16x16_Register_File_High:b2v_inst251|Registers16bit:b2v_inst23|REG_OUTPUT_ALTERA_SYNTHESIZED[5]             ; Merged with IMEM:b2v_inst22|ReadOnly_16x16_Register_File_High:b2v_inst251|Registers16bit:b2v_inst41|REG_OUTPUT_ALTERA_SYNTHESIZED[14] ;
; IMEM:b2v_inst22|ReadOnly_16x16_Register_File_Low:b2v_inst2|Registers16bit:b2v_inst22|REG_OUTPUT_ALTERA_SYNTHESIZED[14]               ; Merged with IMEM:b2v_inst22|ReadOnly_16x16_Register_File_High:b2v_inst251|Registers16bit:b2v_inst41|REG_OUTPUT_ALTERA_SYNTHESIZED[14] ;
; IMEM:b2v_inst22|ReadOnly_16x16_Register_File_High:b2v_inst251|Registers16bit:b2v_inst36|REG_OUTPUT_ALTERA_SYNTHESIZED[2]             ; Merged with IMEM:b2v_inst22|ReadOnly_16x16_Register_File_High:b2v_inst251|Registers16bit:b2v_inst41|REG_OUTPUT_ALTERA_SYNTHESIZED[14] ;
; IMEM:b2v_inst22|ReadOnly_16x16_Register_File_Low:b2v_inst2|Registers16bit:b2v_inst22|REG_OUTPUT_ALTERA_SYNTHESIZED[2]                ; Merged with IMEM:b2v_inst22|ReadOnly_16x16_Register_File_High:b2v_inst251|Registers16bit:b2v_inst41|REG_OUTPUT_ALTERA_SYNTHESIZED[14] ;
; IMEM:b2v_inst22|ReadOnly_16x16_Register_File_High:b2v_inst251|Registers16bit:b2v_inst22|REG_OUTPUT_ALTERA_SYNTHESIZED[10]            ; Merged with IMEM:b2v_inst22|ReadOnly_16x16_Register_File_High:b2v_inst251|Registers16bit:b2v_inst41|REG_OUTPUT_ALTERA_SYNTHESIZED[14] ;
; IMEM:b2v_inst22|ReadOnly_16x16_Register_File_Low:b2v_inst2|Registers16bit:b2v_inst22|REG_OUTPUT_ALTERA_SYNTHESIZED[5]                ; Merged with IMEM:b2v_inst22|ReadOnly_16x16_Register_File_High:b2v_inst251|Registers16bit:b2v_inst41|REG_OUTPUT_ALTERA_SYNTHESIZED[14] ;
; IMEM:b2v_inst22|ReadOnly_16x16_Register_File_High:b2v_inst251|Registers16bit:b2v_inst41|REG_OUTPUT_ALTERA_SYNTHESIZED[2]             ; Merged with IMEM:b2v_inst22|ReadOnly_16x16_Register_File_High:b2v_inst251|Registers16bit:b2v_inst41|REG_OUTPUT_ALTERA_SYNTHESIZED[14] ;
; IMEM:b2v_inst22|ReadOnly_16x16_Register_File_High:b2v_inst251|Registers16bit:b2v_inst30|REG_OUTPUT_ALTERA_SYNTHESIZED[7]             ; Merged with IMEM:b2v_inst22|ReadOnly_16x16_Register_File_High:b2v_inst251|Registers16bit:b2v_inst41|REG_OUTPUT_ALTERA_SYNTHESIZED[14] ;
; IMEM:b2v_inst22|ReadOnly_16x16_Register_File_Low:b2v_inst2|Registers16bit:b2v_inst41|REG_OUTPUT_ALTERA_SYNTHESIZED[8]                ; Merged with IMEM:b2v_inst22|ReadOnly_16x16_Register_File_High:b2v_inst251|Registers16bit:b2v_inst41|REG_OUTPUT_ALTERA_SYNTHESIZED[14] ;
; IMEM:b2v_inst22|ReadOnly_16x16_Register_File_High:b2v_inst251|Registers16bit:b2v_inst22|REG_OUTPUT_ALTERA_SYNTHESIZED[0,12]          ; Merged with IMEM:b2v_inst22|ReadOnly_16x16_Register_File_High:b2v_inst251|Registers16bit:b2v_inst41|REG_OUTPUT_ALTERA_SYNTHESIZED[14] ;
; IMEM:b2v_inst22|ReadOnly_16x16_Register_File_High:b2v_inst251|Registers16bit:b2v_inst30|REG_OUTPUT_ALTERA_SYNTHESIZED[0,9]           ; Merged with IMEM:b2v_inst22|ReadOnly_16x16_Register_File_High:b2v_inst251|Registers16bit:b2v_inst41|REG_OUTPUT_ALTERA_SYNTHESIZED[14] ;
; IMEM:b2v_inst22|ReadOnly_16x16_Register_File_Low:b2v_inst2|Registers16bit:b2v_inst41|REG_OUTPUT_ALTERA_SYNTHESIZED[12]               ; Merged with IMEM:b2v_inst22|ReadOnly_16x16_Register_File_High:b2v_inst251|Registers16bit:b2v_inst41|REG_OUTPUT_ALTERA_SYNTHESIZED[14] ;
; IMEM:b2v_inst22|ReadOnly_16x16_Register_File_High:b2v_inst251|Registers16bit:b2v_inst30|REG_OUTPUT_ALTERA_SYNTHESIZED[11]            ; Merged with IMEM:b2v_inst22|ReadOnly_16x16_Register_File_High:b2v_inst251|Registers16bit:b2v_inst41|REG_OUTPUT_ALTERA_SYNTHESIZED[14] ;
; IMEM:b2v_inst22|ReadOnly_16x16_Register_File_High:b2v_inst251|Registers16bit:b2v_inst22|REG_OUTPUT_ALTERA_SYNTHESIZED[4]             ; Merged with IMEM:b2v_inst22|ReadOnly_16x16_Register_File_High:b2v_inst251|Registers16bit:b2v_inst41|REG_OUTPUT_ALTERA_SYNTHESIZED[14] ;
; IMEM:b2v_inst22|ReadOnly_16x16_Register_File_High:b2v_inst251|Registers16bit:b2v_inst36|REG_OUTPUT_ALTERA_SYNTHESIZED[4]             ; Merged with IMEM:b2v_inst22|ReadOnly_16x16_Register_File_High:b2v_inst251|Registers16bit:b2v_inst41|REG_OUTPUT_ALTERA_SYNTHESIZED[14] ;
; IMEM:b2v_inst22|ReadOnly_16x16_Register_File_High:b2v_inst251|Registers16bit:b2v_inst22|REG_OUTPUT_ALTERA_SYNTHESIZED[13]            ; Merged with IMEM:b2v_inst22|ReadOnly_16x16_Register_File_High:b2v_inst251|Registers16bit:b2v_inst41|REG_OUTPUT_ALTERA_SYNTHESIZED[14] ;
; IMEM:b2v_inst22|ReadOnly_16x16_Register_File_Low:b2v_inst2|Registers16bit:b2v_inst41|REG_OUTPUT_ALTERA_SYNTHESIZED[7]                ; Merged with IMEM:b2v_inst22|ReadOnly_16x16_Register_File_High:b2v_inst251|Registers16bit:b2v_inst41|REG_OUTPUT_ALTERA_SYNTHESIZED[14] ;
; IMEM:b2v_inst22|ReadOnly_16x16_Register_File_High:b2v_inst251|Registers16bit:b2v_inst34|REG_OUTPUT_ALTERA_SYNTHESIZED[7]             ; Merged with IMEM:b2v_inst22|ReadOnly_16x16_Register_File_High:b2v_inst251|Registers16bit:b2v_inst41|REG_OUTPUT_ALTERA_SYNTHESIZED[14] ;
; IMEM:b2v_inst22|ReadOnly_16x16_Register_File_High:b2v_inst251|Registers16bit:b2v_inst22|REG_OUTPUT_ALTERA_SYNTHESIZED[2,5]           ; Merged with IMEM:b2v_inst22|ReadOnly_16x16_Register_File_High:b2v_inst251|Registers16bit:b2v_inst41|REG_OUTPUT_ALTERA_SYNTHESIZED[14] ;
; IMEM:b2v_inst22|ReadOnly_16x16_Register_File_Low:b2v_inst2|Registers16bit:b2v_inst41|REG_OUTPUT_ALTERA_SYNTHESIZED[11,13]            ; Merged with IMEM:b2v_inst22|ReadOnly_16x16_Register_File_High:b2v_inst251|Registers16bit:b2v_inst41|REG_OUTPUT_ALTERA_SYNTHESIZED[14] ;
; IMEM:b2v_inst22|ReadOnly_16x16_Register_File_Low:b2v_inst2|Registers16bit:b2v_inst24|REG_OUTPUT_ALTERA_SYNTHESIZED[14]               ; Merged with IMEM:b2v_inst22|ReadOnly_16x16_Register_File_High:b2v_inst251|Registers16bit:b2v_inst41|REG_OUTPUT_ALTERA_SYNTHESIZED[14] ;
; IMEM:b2v_inst22|ReadOnly_16x16_Register_File_High:b2v_inst251|Registers16bit:b2v_inst36|REG_OUTPUT_ALTERA_SYNTHESIZED[14]            ; Merged with IMEM:b2v_inst22|ReadOnly_16x16_Register_File_High:b2v_inst251|Registers16bit:b2v_inst41|REG_OUTPUT_ALTERA_SYNTHESIZED[14] ;
; IMEM:b2v_inst22|ReadOnly_16x16_Register_File_High:b2v_inst251|Registers16bit:b2v_inst31|REG_OUTPUT_ALTERA_SYNTHESIZED[12]            ; Merged with IMEM:b2v_inst22|ReadOnly_16x16_Register_File_High:b2v_inst251|Registers16bit:b2v_inst41|REG_OUTPUT_ALTERA_SYNTHESIZED[14] ;
; IMEM:b2v_inst22|ReadOnly_16x16_Register_File_High:b2v_inst251|Registers16bit:b2v_inst23|REG_OUTPUT_ALTERA_SYNTHESIZED[8]             ; Merged with IMEM:b2v_inst22|ReadOnly_16x16_Register_File_High:b2v_inst251|Registers16bit:b2v_inst41|REG_OUTPUT_ALTERA_SYNTHESIZED[14] ;
; IMEM:b2v_inst22|ReadOnly_16x16_Register_File_Low:b2v_inst2|Registers16bit:b2v_inst24|REG_OUTPUT_ALTERA_SYNTHESIZED[15]               ; Merged with IMEM:b2v_inst22|ReadOnly_16x16_Register_File_High:b2v_inst251|Registers16bit:b2v_inst41|REG_OUTPUT_ALTERA_SYNTHESIZED[14] ;
; IMEM:b2v_inst22|ReadOnly_16x16_Register_File_Low:b2v_inst2|Registers16bit:b2v_inst41|REG_OUTPUT_ALTERA_SYNTHESIZED[1]                ; Merged with IMEM:b2v_inst22|ReadOnly_16x16_Register_File_High:b2v_inst251|Registers16bit:b2v_inst41|REG_OUTPUT_ALTERA_SYNTHESIZED[14] ;
; IMEM:b2v_inst22|ReadOnly_16x16_Register_File_High:b2v_inst251|Registers16bit:b2v_inst30|REG_OUTPUT_ALTERA_SYNTHESIZED[1]             ; Merged with IMEM:b2v_inst22|ReadOnly_16x16_Register_File_High:b2v_inst251|Registers16bit:b2v_inst41|REG_OUTPUT_ALTERA_SYNTHESIZED[14] ;
; IMEM:b2v_inst22|ReadOnly_16x16_Register_File_Low:b2v_inst2|Registers16bit:b2v_inst41|REG_OUTPUT_ALTERA_SYNTHESIZED[3]                ; Merged with IMEM:b2v_inst22|ReadOnly_16x16_Register_File_High:b2v_inst251|Registers16bit:b2v_inst41|REG_OUTPUT_ALTERA_SYNTHESIZED[14] ;
; IMEM:b2v_inst22|ReadOnly_16x16_Register_File_High:b2v_inst251|Registers16bit:b2v_inst34|REG_OUTPUT_ALTERA_SYNTHESIZED[9]             ; Merged with IMEM:b2v_inst22|ReadOnly_16x16_Register_File_High:b2v_inst251|Registers16bit:b2v_inst41|REG_OUTPUT_ALTERA_SYNTHESIZED[14] ;
; IMEM:b2v_inst22|ReadOnly_16x16_Register_File_Low:b2v_inst2|Registers16bit:b2v_inst41|REG_OUTPUT_ALTERA_SYNTHESIZED[4]                ; Merged with IMEM:b2v_inst22|ReadOnly_16x16_Register_File_High:b2v_inst251|Registers16bit:b2v_inst41|REG_OUTPUT_ALTERA_SYNTHESIZED[14] ;
; IMEM:b2v_inst22|ReadOnly_16x16_Register_File_High:b2v_inst251|Registers16bit:b2v_inst30|REG_OUTPUT_ALTERA_SYNTHESIZED[3]             ; Merged with IMEM:b2v_inst22|ReadOnly_16x16_Register_File_High:b2v_inst251|Registers16bit:b2v_inst41|REG_OUTPUT_ALTERA_SYNTHESIZED[14] ;
; IMEM:b2v_inst22|ReadOnly_16x16_Register_File_Low:b2v_inst2|Registers16bit:b2v_inst38|REG_OUTPUT_ALTERA_SYNTHESIZED[7]                ; Merged with IMEM:b2v_inst22|ReadOnly_16x16_Register_File_High:b2v_inst251|Registers16bit:b2v_inst41|REG_OUTPUT_ALTERA_SYNTHESIZED[14] ;
; IMEM:b2v_inst22|ReadOnly_16x16_Register_File_High:b2v_inst251|Registers16bit:b2v_inst41|REG_OUTPUT_ALTERA_SYNTHESIZED[4]             ; Merged with IMEM:b2v_inst22|ReadOnly_16x16_Register_File_High:b2v_inst251|Registers16bit:b2v_inst41|REG_OUTPUT_ALTERA_SYNTHESIZED[14] ;
; IMEM:b2v_inst22|ReadOnly_16x16_Register_File_Low:b2v_inst2|Registers16bit:b2v_inst38|REG_OUTPUT_ALTERA_SYNTHESIZED[9]                ; Merged with IMEM:b2v_inst22|ReadOnly_16x16_Register_File_High:b2v_inst251|Registers16bit:b2v_inst41|REG_OUTPUT_ALTERA_SYNTHESIZED[14] ;
; IMEM:b2v_inst22|ReadOnly_16x16_Register_File_High:b2v_inst251|Registers16bit:b2v_inst30|REG_OUTPUT_ALTERA_SYNTHESIZED[4]             ; Merged with IMEM:b2v_inst22|ReadOnly_16x16_Register_File_High:b2v_inst251|Registers16bit:b2v_inst41|REG_OUTPUT_ALTERA_SYNTHESIZED[14] ;
; IMEM:b2v_inst22|ReadOnly_16x16_Register_File_Low:b2v_inst2|Registers16bit:b2v_inst38|REG_OUTPUT_ALTERA_SYNTHESIZED[11]               ; Merged with IMEM:b2v_inst22|ReadOnly_16x16_Register_File_High:b2v_inst251|Registers16bit:b2v_inst41|REG_OUTPUT_ALTERA_SYNTHESIZED[14] ;
; IMEM:b2v_inst22|ReadOnly_16x16_Register_File_High:b2v_inst251|Registers16bit:b2v_inst34|REG_OUTPUT_ALTERA_SYNTHESIZED[11]            ; Merged with IMEM:b2v_inst22|ReadOnly_16x16_Register_File_High:b2v_inst251|Registers16bit:b2v_inst41|REG_OUTPUT_ALTERA_SYNTHESIZED[14] ;
; IMEM:b2v_inst22|ReadOnly_16x16_Register_File_Low:b2v_inst2|Registers16bit:b2v_inst38|REG_OUTPUT_ALTERA_SYNTHESIZED[13]               ; Merged with IMEM:b2v_inst22|ReadOnly_16x16_Register_File_High:b2v_inst251|Registers16bit:b2v_inst41|REG_OUTPUT_ALTERA_SYNTHESIZED[14] ;
; IMEM:b2v_inst22|ReadOnly_16x16_Register_File_High:b2v_inst251|Registers16bit:b2v_inst29|REG_OUTPUT_ALTERA_SYNTHESIZED[7]             ; Merged with IMEM:b2v_inst22|ReadOnly_16x16_Register_File_High:b2v_inst251|Registers16bit:b2v_inst41|REG_OUTPUT_ALTERA_SYNTHESIZED[14] ;
; IMEM:b2v_inst22|ReadOnly_16x16_Register_File_Low:b2v_inst2|Registers16bit:b2v_inst38|REG_OUTPUT_ALTERA_SYNTHESIZED[0,1]              ; Merged with IMEM:b2v_inst22|ReadOnly_16x16_Register_File_High:b2v_inst251|Registers16bit:b2v_inst41|REG_OUTPUT_ALTERA_SYNTHESIZED[14] ;
; IMEM:b2v_inst22|ReadOnly_16x16_Register_File_High:b2v_inst251|Registers16bit:b2v_inst29|REG_OUTPUT_ALTERA_SYNTHESIZED[9]             ; Merged with IMEM:b2v_inst22|ReadOnly_16x16_Register_File_High:b2v_inst251|Registers16bit:b2v_inst41|REG_OUTPUT_ALTERA_SYNTHESIZED[14] ;
; IMEM:b2v_inst22|ReadOnly_16x16_Register_File_Low:b2v_inst2|Registers16bit:b2v_inst38|REG_OUTPUT_ALTERA_SYNTHESIZED[3]                ; Merged with IMEM:b2v_inst22|ReadOnly_16x16_Register_File_High:b2v_inst251|Registers16bit:b2v_inst41|REG_OUTPUT_ALTERA_SYNTHESIZED[14] ;
; IMEM:b2v_inst22|ReadOnly_16x16_Register_File_High:b2v_inst251|Registers16bit:b2v_inst34|REG_OUTPUT_ALTERA_SYNTHESIZED[13]            ; Merged with IMEM:b2v_inst22|ReadOnly_16x16_Register_File_High:b2v_inst251|Registers16bit:b2v_inst41|REG_OUTPUT_ALTERA_SYNTHESIZED[14] ;
; IMEM:b2v_inst22|ReadOnly_16x16_Register_File_Low:b2v_inst2|Registers16bit:b2v_inst38|REG_OUTPUT_ALTERA_SYNTHESIZED[4]                ; Merged with IMEM:b2v_inst22|ReadOnly_16x16_Register_File_High:b2v_inst251|Registers16bit:b2v_inst41|REG_OUTPUT_ALTERA_SYNTHESIZED[14] ;
; IMEM:b2v_inst22|ReadOnly_16x16_Register_File_High:b2v_inst251|Registers16bit:b2v_inst29|REG_OUTPUT_ALTERA_SYNTHESIZED[11]            ; Merged with IMEM:b2v_inst22|ReadOnly_16x16_Register_File_High:b2v_inst251|Registers16bit:b2v_inst41|REG_OUTPUT_ALTERA_SYNTHESIZED[14] ;
; IMEM:b2v_inst22|ReadOnly_16x16_Register_File_Low:b2v_inst2|Registers16bit:b2v_inst36|REG_OUTPUT_ALTERA_SYNTHESIZED[7]                ; Merged with IMEM:b2v_inst22|ReadOnly_16x16_Register_File_High:b2v_inst251|Registers16bit:b2v_inst41|REG_OUTPUT_ALTERA_SYNTHESIZED[14] ;
; IMEM:b2v_inst22|ReadOnly_16x16_Register_File_High:b2v_inst251|Registers16bit:b2v_inst38|REG_OUTPUT_ALTERA_SYNTHESIZED[7]             ; Merged with IMEM:b2v_inst22|ReadOnly_16x16_Register_File_High:b2v_inst251|Registers16bit:b2v_inst41|REG_OUTPUT_ALTERA_SYNTHESIZED[14] ;
; IMEM:b2v_inst22|ReadOnly_16x16_Register_File_Low:b2v_inst2|Registers16bit:b2v_inst36|REG_OUTPUT_ALTERA_SYNTHESIZED[9]                ; Merged with IMEM:b2v_inst22|ReadOnly_16x16_Register_File_High:b2v_inst251|Registers16bit:b2v_inst41|REG_OUTPUT_ALTERA_SYNTHESIZED[14] ;
; IMEM:b2v_inst22|ReadOnly_16x16_Register_File_High:b2v_inst251|Registers16bit:b2v_inst29|REG_OUTPUT_ALTERA_SYNTHESIZED[13]            ; Merged with IMEM:b2v_inst22|ReadOnly_16x16_Register_File_High:b2v_inst251|Registers16bit:b2v_inst41|REG_OUTPUT_ALTERA_SYNTHESIZED[14] ;
; IMEM:b2v_inst22|ReadOnly_16x16_Register_File_Low:b2v_inst2|Registers16bit:b2v_inst36|REG_OUTPUT_ALTERA_SYNTHESIZED[11]               ; Merged with IMEM:b2v_inst22|ReadOnly_16x16_Register_File_High:b2v_inst251|Registers16bit:b2v_inst41|REG_OUTPUT_ALTERA_SYNTHESIZED[14] ;
; IMEM:b2v_inst22|ReadOnly_16x16_Register_File_High:b2v_inst251|Registers16bit:b2v_inst34|REG_OUTPUT_ALTERA_SYNTHESIZED[0]             ; Merged with IMEM:b2v_inst22|ReadOnly_16x16_Register_File_High:b2v_inst251|Registers16bit:b2v_inst41|REG_OUTPUT_ALTERA_SYNTHESIZED[14] ;
; IMEM:b2v_inst22|ReadOnly_16x16_Register_File_Low:b2v_inst2|Registers16bit:b2v_inst36|REG_OUTPUT_ALTERA_SYNTHESIZED[13]               ; Merged with IMEM:b2v_inst22|ReadOnly_16x16_Register_File_High:b2v_inst251|Registers16bit:b2v_inst41|REG_OUTPUT_ALTERA_SYNTHESIZED[14] ;
; IMEM:b2v_inst22|ReadOnly_16x16_Register_File_High:b2v_inst251|Registers16bit:b2v_inst29|REG_OUTPUT_ALTERA_SYNTHESIZED[0]             ; Merged with IMEM:b2v_inst22|ReadOnly_16x16_Register_File_High:b2v_inst251|Registers16bit:b2v_inst41|REG_OUTPUT_ALTERA_SYNTHESIZED[14] ;
; IMEM:b2v_inst22|ReadOnly_16x16_Register_File_Low:b2v_inst2|Registers16bit:b2v_inst36|REG_OUTPUT_ALTERA_SYNTHESIZED[1]                ; Merged with IMEM:b2v_inst22|ReadOnly_16x16_Register_File_High:b2v_inst251|Registers16bit:b2v_inst41|REG_OUTPUT_ALTERA_SYNTHESIZED[14] ;
; IMEM:b2v_inst22|ReadOnly_16x16_Register_File_High:b2v_inst251|Registers16bit:b2v_inst29|REG_OUTPUT_ALTERA_SYNTHESIZED[1]             ; Merged with IMEM:b2v_inst22|ReadOnly_16x16_Register_File_High:b2v_inst251|Registers16bit:b2v_inst41|REG_OUTPUT_ALTERA_SYNTHESIZED[14] ;
; IMEM:b2v_inst22|ReadOnly_16x16_Register_File_Low:b2v_inst2|Registers16bit:b2v_inst36|REG_OUTPUT_ALTERA_SYNTHESIZED[3]                ; Merged with IMEM:b2v_inst22|ReadOnly_16x16_Register_File_High:b2v_inst251|Registers16bit:b2v_inst41|REG_OUTPUT_ALTERA_SYNTHESIZED[14] ;
; IMEM:b2v_inst22|ReadOnly_16x16_Register_File_High:b2v_inst251|Registers16bit:b2v_inst34|REG_OUTPUT_ALTERA_SYNTHESIZED[1]             ; Merged with IMEM:b2v_inst22|ReadOnly_16x16_Register_File_High:b2v_inst251|Registers16bit:b2v_inst41|REG_OUTPUT_ALTERA_SYNTHESIZED[14] ;
; IMEM:b2v_inst22|ReadOnly_16x16_Register_File_Low:b2v_inst2|Registers16bit:b2v_inst36|REG_OUTPUT_ALTERA_SYNTHESIZED[4]                ; Merged with IMEM:b2v_inst22|ReadOnly_16x16_Register_File_High:b2v_inst251|Registers16bit:b2v_inst41|REG_OUTPUT_ALTERA_SYNTHESIZED[14] ;
; IMEM:b2v_inst22|ReadOnly_16x16_Register_File_High:b2v_inst251|Registers16bit:b2v_inst29|REG_OUTPUT_ALTERA_SYNTHESIZED[3]             ; Merged with IMEM:b2v_inst22|ReadOnly_16x16_Register_File_High:b2v_inst251|Registers16bit:b2v_inst41|REG_OUTPUT_ALTERA_SYNTHESIZED[14] ;
; IMEM:b2v_inst22|ReadOnly_16x16_Register_File_Low:b2v_inst2|Registers16bit:b2v_inst34|REG_OUTPUT_ALTERA_SYNTHESIZED[7]                ; Merged with IMEM:b2v_inst22|ReadOnly_16x16_Register_File_High:b2v_inst251|Registers16bit:b2v_inst41|REG_OUTPUT_ALTERA_SYNTHESIZED[14] ;
; IMEM:b2v_inst22|ReadOnly_16x16_Register_File_High:b2v_inst251|Registers16bit:b2v_inst38|REG_OUTPUT_ALTERA_SYNTHESIZED[9]             ; Merged with IMEM:b2v_inst22|ReadOnly_16x16_Register_File_High:b2v_inst251|Registers16bit:b2v_inst41|REG_OUTPUT_ALTERA_SYNTHESIZED[14] ;
; IMEM:b2v_inst22|ReadOnly_16x16_Register_File_Low:b2v_inst2|Registers16bit:b2v_inst34|REG_OUTPUT_ALTERA_SYNTHESIZED[9]                ; Merged with IMEM:b2v_inst22|ReadOnly_16x16_Register_File_High:b2v_inst251|Registers16bit:b2v_inst41|REG_OUTPUT_ALTERA_SYNTHESIZED[14] ;
; IMEM:b2v_inst22|ReadOnly_16x16_Register_File_High:b2v_inst251|Registers16bit:b2v_inst22|REG_OUTPUT_ALTERA_SYNTHESIZED[6]             ; Merged with IMEM:b2v_inst22|ReadOnly_16x16_Register_File_High:b2v_inst251|Registers16bit:b2v_inst41|REG_OUTPUT_ALTERA_SYNTHESIZED[15] ;
; IMEM:b2v_inst22|ReadOnly_16x16_Register_File_Low:b2v_inst2|Registers16bit:b2v_inst23|REG_OUTPUT_ALTERA_SYNTHESIZED[0]                ; Merged with IMEM:b2v_inst22|ReadOnly_16x16_Register_File_High:b2v_inst251|Registers16bit:b2v_inst41|REG_OUTPUT_ALTERA_SYNTHESIZED[15] ;
; IMEM:b2v_inst22|ReadOnly_16x16_Register_File_High:b2v_inst251|Registers16bit:b2v_inst36|REG_OUTPUT_ALTERA_SYNTHESIZED[15]            ; Merged with IMEM:b2v_inst22|ReadOnly_16x16_Register_File_High:b2v_inst251|Registers16bit:b2v_inst41|REG_OUTPUT_ALTERA_SYNTHESIZED[15] ;
; IMEM:b2v_inst22|ReadOnly_16x16_Register_File_High:b2v_inst251|Registers16bit:b2v_inst31|REG_OUTPUT_ALTERA_SYNTHESIZED[15]            ; Merged with IMEM:b2v_inst22|ReadOnly_16x16_Register_File_High:b2v_inst251|Registers16bit:b2v_inst41|REG_OUTPUT_ALTERA_SYNTHESIZED[15] ;
; IMEM:b2v_inst22|ReadOnly_16x16_Register_File_High:b2v_inst251|Registers16bit:b2v_inst23|REG_OUTPUT_ALTERA_SYNTHESIZED[15]            ; Merged with IMEM:b2v_inst22|ReadOnly_16x16_Register_File_High:b2v_inst251|Registers16bit:b2v_inst41|REG_OUTPUT_ALTERA_SYNTHESIZED[15] ;
; IMEM:b2v_inst22|ReadOnly_16x16_Register_File_Low:b2v_inst2|Registers16bit:b2v_inst23|REG_OUTPUT_ALTERA_SYNTHESIZED[15]               ; Merged with IMEM:b2v_inst22|ReadOnly_16x16_Register_File_High:b2v_inst251|Registers16bit:b2v_inst41|REG_OUTPUT_ALTERA_SYNTHESIZED[15] ;
; IMEM:b2v_inst22|ReadOnly_16x16_Register_File_High:b2v_inst251|Registers16bit:b2v_inst41|REG_OUTPUT_ALTERA_SYNTHESIZED[8,10,11,14,15] ; Merged with IMEM:b2v_inst22|ReadOnly_16x16_Register_File_High:b2v_inst251|Registers16bit:b2v_inst41|REG_OUTPUT_ALTERA_SYNTHESIZED[7]  ;
; IMEM:b2v_inst22|ReadOnly_16x16_Register_File_High:b2v_inst251|Registers16bit:b2v_inst41|REG_OUTPUT_ALTERA_SYNTHESIZED[7]             ; Stuck at GND due to stuck port data_in                                                                                                ;
; IMEM:b2v_inst22|IMEM_low:b2v_inst5|Registers16bit:b2v_inst21|REG_OUTPUT_ALTERA_SYNTHESIZED[8]                                        ; Stuck at GND due to stuck port clock_enable                                                                                           ;
; IMEM:b2v_inst22|IMEM_low:b2v_inst5|Registers16bit:b2v_inst22|REG_OUTPUT_ALTERA_SYNTHESIZED[8]                                        ; Stuck at GND due to stuck port clock_enable                                                                                           ;
; IMEM:b2v_inst22|IMEM_low:b2v_inst5|Registers16bit:b2v_inst23|REG_OUTPUT_ALTERA_SYNTHESIZED[8]                                        ; Stuck at GND due to stuck port clock_enable                                                                                           ;
; IMEM:b2v_inst22|IMEM_low:b2v_inst5|Registers16bit:b2v_inst24|REG_OUTPUT_ALTERA_SYNTHESIZED[8]                                        ; Stuck at GND due to stuck port clock_enable                                                                                           ;
; IMEM:b2v_inst22|IMEM_low:b2v_inst5|Registers16bit:b2v_inst25|REG_OUTPUT_ALTERA_SYNTHESIZED[8]                                        ; Stuck at GND due to stuck port clock_enable                                                                                           ;
; IMEM:b2v_inst22|IMEM_low:b2v_inst5|Registers16bit:b2v_inst26|REG_OUTPUT_ALTERA_SYNTHESIZED[8]                                        ; Stuck at GND due to stuck port clock_enable                                                                                           ;
; IMEM:b2v_inst22|IMEM_low:b2v_inst5|Registers16bit:b2v_inst27|REG_OUTPUT_ALTERA_SYNTHESIZED[8]                                        ; Stuck at GND due to stuck port clock_enable                                                                                           ;
; IMEM:b2v_inst22|IMEM_low:b2v_inst5|Registers16bit:b2v_inst28|REG_OUTPUT_ALTERA_SYNTHESIZED[8]                                        ; Stuck at GND due to stuck port clock_enable                                                                                           ;
; IMEM:b2v_inst22|IMEM_low:b2v_inst5|Registers16bit:b2v_inst29|REG_OUTPUT_ALTERA_SYNTHESIZED[8]                                        ; Stuck at GND due to stuck port clock_enable                                                                                           ;
; IMEM:b2v_inst22|IMEM_low:b2v_inst5|Registers16bit:b2v_inst30|REG_OUTPUT_ALTERA_SYNTHESIZED[8]                                        ; Stuck at GND due to stuck port clock_enable                                                                                           ;
; IMEM:b2v_inst22|IMEM_low:b2v_inst5|Registers16bit:b2v_inst31|REG_OUTPUT_ALTERA_SYNTHESIZED[8]                                        ; Stuck at GND due to stuck port clock_enable                                                                                           ;
; IMEM:b2v_inst22|IMEM_low:b2v_inst5|Registers16bit:b2v_inst32|REG_OUTPUT_ALTERA_SYNTHESIZED[8]                                        ; Stuck at GND due to stuck port clock_enable                                                                                           ;
; IMEM:b2v_inst22|IMEM_low:b2v_inst5|Registers16bit:b2v_inst33|REG_OUTPUT_ALTERA_SYNTHESIZED[8]                                        ; Stuck at GND due to stuck port clock_enable                                                                                           ;
; IMEM:b2v_inst22|IMEM_low:b2v_inst5|Registers16bit:b2v_inst34|REG_OUTPUT_ALTERA_SYNTHESIZED[8]                                        ; Stuck at GND due to stuck port clock_enable                                                                                           ;
; IMEM:b2v_inst22|IMEM_low:b2v_inst5|Registers16bit:b2v_inst36|REG_OUTPUT_ALTERA_SYNTHESIZED[8]                                        ; Stuck at GND due to stuck port clock_enable                                                                                           ;
; IMEM:b2v_inst22|IMEM_low:b2v_inst5|Registers16bit:b2v_inst38|REG_OUTPUT_ALTERA_SYNTHESIZED[8]                                        ; Stuck at GND due to stuck port clock_enable                                                                                           ;
; IMEM:b2v_inst22|IMEM_high:b2v_inst1|Registers16bit:b2v_inst22|REG_OUTPUT_ALTERA_SYNTHESIZED[8]                                       ; Stuck at GND due to stuck port clock_enable                                                                                           ;
; IMEM:b2v_inst22|IMEM_high:b2v_inst1|Registers16bit:b2v_inst23|REG_OUTPUT_ALTERA_SYNTHESIZED[8]                                       ; Stuck at GND due to stuck port clock_enable                                                                                           ;
; IMEM:b2v_inst22|IMEM_high:b2v_inst1|Registers16bit:b2v_inst24|REG_OUTPUT_ALTERA_SYNTHESIZED[8]                                       ; Stuck at GND due to stuck port clock_enable                                                                                           ;
; IMEM:b2v_inst22|IMEM_high:b2v_inst1|Registers16bit:b2v_inst25|REG_OUTPUT_ALTERA_SYNTHESIZED[8]                                       ; Stuck at GND due to stuck port clock_enable                                                                                           ;
; IMEM:b2v_inst22|IMEM_high:b2v_inst1|Registers16bit:b2v_inst26|REG_OUTPUT_ALTERA_SYNTHESIZED[8]                                       ; Stuck at GND due to stuck port clock_enable                                                                                           ;
; IMEM:b2v_inst22|IMEM_high:b2v_inst1|Registers16bit:b2v_inst27|REG_OUTPUT_ALTERA_SYNTHESIZED[8]                                       ; Stuck at GND due to stuck port clock_enable                                                                                           ;
; IMEM:b2v_inst22|IMEM_high:b2v_inst1|Registers16bit:b2v_inst28|REG_OUTPUT_ALTERA_SYNTHESIZED[8]                                       ; Stuck at GND due to stuck port clock_enable                                                                                           ;
; IMEM:b2v_inst22|IMEM_high:b2v_inst1|Registers16bit:b2v_inst29|REG_OUTPUT_ALTERA_SYNTHESIZED[8]                                       ; Stuck at GND due to stuck port clock_enable                                                                                           ;
; IMEM:b2v_inst22|IMEM_high:b2v_inst1|Registers16bit:b2v_inst30|REG_OUTPUT_ALTERA_SYNTHESIZED[8]                                       ; Stuck at GND due to stuck port clock_enable                                                                                           ;
; IMEM:b2v_inst22|IMEM_high:b2v_inst1|Registers16bit:b2v_inst31|REG_OUTPUT_ALTERA_SYNTHESIZED[8]                                       ; Stuck at GND due to stuck port clock_enable                                                                                           ;
; IMEM:b2v_inst22|IMEM_high:b2v_inst1|Registers16bit:b2v_inst32|REG_OUTPUT_ALTERA_SYNTHESIZED[8]                                       ; Stuck at GND due to stuck port clock_enable                                                                                           ;
; IMEM:b2v_inst22|IMEM_high:b2v_inst1|Registers16bit:b2v_inst33|REG_OUTPUT_ALTERA_SYNTHESIZED[8]                                       ; Stuck at GND due to stuck port clock_enable                                                                                           ;
; IMEM:b2v_inst22|IMEM_high:b2v_inst1|Registers16bit:b2v_inst34|REG_OUTPUT_ALTERA_SYNTHESIZED[8]                                       ; Stuck at GND due to stuck port clock_enable                                                                                           ;
; IMEM:b2v_inst22|IMEM_high:b2v_inst1|Registers16bit:b2v_inst36|REG_OUTPUT_ALTERA_SYNTHESIZED[8]                                       ; Stuck at GND due to stuck port clock_enable                                                                                           ;
; IMEM:b2v_inst22|IMEM_high:b2v_inst1|Registers16bit:b2v_inst38|REG_OUTPUT_ALTERA_SYNTHESIZED[8]                                       ; Stuck at GND due to stuck port clock_enable                                                                                           ;
; IMEM:b2v_inst22|IMEM_high:b2v_inst1|Registers16bit:b2v_inst41|REG_OUTPUT_ALTERA_SYNTHESIZED[8]                                       ; Stuck at GND due to stuck port clock_enable                                                                                           ;
; IMEM:b2v_inst22|IMEM_low:b2v_inst5|Registers16bit:b2v_inst21|REG_OUTPUT_ALTERA_SYNTHESIZED[9]                                        ; Stuck at GND due to stuck port clock_enable                                                                                           ;
; IMEM:b2v_inst22|IMEM_low:b2v_inst5|Registers16bit:b2v_inst22|REG_OUTPUT_ALTERA_SYNTHESIZED[9]                                        ; Stuck at GND due to stuck port clock_enable                                                                                           ;
; IMEM:b2v_inst22|IMEM_low:b2v_inst5|Registers16bit:b2v_inst23|REG_OUTPUT_ALTERA_SYNTHESIZED[9]                                        ; Stuck at GND due to stuck port clock_enable                                                                                           ;
; IMEM:b2v_inst22|IMEM_low:b2v_inst5|Registers16bit:b2v_inst24|REG_OUTPUT_ALTERA_SYNTHESIZED[9]                                        ; Stuck at GND due to stuck port clock_enable                                                                                           ;
; IMEM:b2v_inst22|IMEM_low:b2v_inst5|Registers16bit:b2v_inst25|REG_OUTPUT_ALTERA_SYNTHESIZED[9]                                        ; Stuck at GND due to stuck port clock_enable                                                                                           ;
; IMEM:b2v_inst22|IMEM_low:b2v_inst5|Registers16bit:b2v_inst26|REG_OUTPUT_ALTERA_SYNTHESIZED[9]                                        ; Stuck at GND due to stuck port clock_enable                                                                                           ;
; IMEM:b2v_inst22|IMEM_low:b2v_inst5|Registers16bit:b2v_inst27|REG_OUTPUT_ALTERA_SYNTHESIZED[9]                                        ; Stuck at GND due to stuck port clock_enable                                                                                           ;
; IMEM:b2v_inst22|IMEM_low:b2v_inst5|Registers16bit:b2v_inst28|REG_OUTPUT_ALTERA_SYNTHESIZED[9]                                        ; Stuck at GND due to stuck port clock_enable                                                                                           ;
; IMEM:b2v_inst22|IMEM_low:b2v_inst5|Registers16bit:b2v_inst29|REG_OUTPUT_ALTERA_SYNTHESIZED[9]                                        ; Stuck at GND due to stuck port clock_enable                                                                                           ;
; IMEM:b2v_inst22|IMEM_low:b2v_inst5|Registers16bit:b2v_inst30|REG_OUTPUT_ALTERA_SYNTHESIZED[9]                                        ; Stuck at GND due to stuck port clock_enable                                                                                           ;
; IMEM:b2v_inst22|IMEM_low:b2v_inst5|Registers16bit:b2v_inst31|REG_OUTPUT_ALTERA_SYNTHESIZED[9]                                        ; Stuck at GND due to stuck port clock_enable                                                                                           ;
; IMEM:b2v_inst22|IMEM_low:b2v_inst5|Registers16bit:b2v_inst32|REG_OUTPUT_ALTERA_SYNTHESIZED[9]                                        ; Stuck at GND due to stuck port clock_enable                                                                                           ;
; IMEM:b2v_inst22|IMEM_low:b2v_inst5|Registers16bit:b2v_inst33|REG_OUTPUT_ALTERA_SYNTHESIZED[9]                                        ; Stuck at GND due to stuck port clock_enable                                                                                           ;
; IMEM:b2v_inst22|IMEM_low:b2v_inst5|Registers16bit:b2v_inst34|REG_OUTPUT_ALTERA_SYNTHESIZED[9]                                        ; Stuck at GND due to stuck port clock_enable                                                                                           ;
; IMEM:b2v_inst22|IMEM_low:b2v_inst5|Registers16bit:b2v_inst36|REG_OUTPUT_ALTERA_SYNTHESIZED[9]                                        ; Stuck at GND due to stuck port clock_enable                                                                                           ;
; IMEM:b2v_inst22|IMEM_low:b2v_inst5|Registers16bit:b2v_inst38|REG_OUTPUT_ALTERA_SYNTHESIZED[9]                                        ; Stuck at GND due to stuck port clock_enable                                                                                           ;
; IMEM:b2v_inst22|IMEM_high:b2v_inst1|Registers16bit:b2v_inst22|REG_OUTPUT_ALTERA_SYNTHESIZED[9]                                       ; Stuck at GND due to stuck port clock_enable                                                                                           ;
; IMEM:b2v_inst22|IMEM_high:b2v_inst1|Registers16bit:b2v_inst23|REG_OUTPUT_ALTERA_SYNTHESIZED[9]                                       ; Stuck at GND due to stuck port clock_enable                                                                                           ;
; IMEM:b2v_inst22|IMEM_high:b2v_inst1|Registers16bit:b2v_inst24|REG_OUTPUT_ALTERA_SYNTHESIZED[9]                                       ; Stuck at GND due to stuck port clock_enable                                                                                           ;
; IMEM:b2v_inst22|IMEM_high:b2v_inst1|Registers16bit:b2v_inst25|REG_OUTPUT_ALTERA_SYNTHESIZED[9]                                       ; Stuck at GND due to stuck port clock_enable                                                                                           ;
; IMEM:b2v_inst22|IMEM_high:b2v_inst1|Registers16bit:b2v_inst26|REG_OUTPUT_ALTERA_SYNTHESIZED[9]                                       ; Stuck at GND due to stuck port clock_enable                                                                                           ;
; IMEM:b2v_inst22|IMEM_high:b2v_inst1|Registers16bit:b2v_inst27|REG_OUTPUT_ALTERA_SYNTHESIZED[9]                                       ; Stuck at GND due to stuck port clock_enable                                                                                           ;
; IMEM:b2v_inst22|IMEM_high:b2v_inst1|Registers16bit:b2v_inst28|REG_OUTPUT_ALTERA_SYNTHESIZED[9]                                       ; Stuck at GND due to stuck port clock_enable                                                                                           ;
; IMEM:b2v_inst22|IMEM_high:b2v_inst1|Registers16bit:b2v_inst29|REG_OUTPUT_ALTERA_SYNTHESIZED[9]                                       ; Stuck at GND due to stuck port clock_enable                                                                                           ;
; IMEM:b2v_inst22|IMEM_high:b2v_inst1|Registers16bit:b2v_inst30|REG_OUTPUT_ALTERA_SYNTHESIZED[9]                                       ; Stuck at GND due to stuck port clock_enable                                                                                           ;
; IMEM:b2v_inst22|IMEM_high:b2v_inst1|Registers16bit:b2v_inst31|REG_OUTPUT_ALTERA_SYNTHESIZED[9]                                       ; Stuck at GND due to stuck port clock_enable                                                                                           ;
; IMEM:b2v_inst22|IMEM_high:b2v_inst1|Registers16bit:b2v_inst32|REG_OUTPUT_ALTERA_SYNTHESIZED[9]                                       ; Stuck at GND due to stuck port clock_enable                                                                                           ;
; IMEM:b2v_inst22|IMEM_high:b2v_inst1|Registers16bit:b2v_inst33|REG_OUTPUT_ALTERA_SYNTHESIZED[9]                                       ; Stuck at GND due to stuck port clock_enable                                                                                           ;
; IMEM:b2v_inst22|IMEM_high:b2v_inst1|Registers16bit:b2v_inst34|REG_OUTPUT_ALTERA_SYNTHESIZED[9]                                       ; Stuck at GND due to stuck port clock_enable                                                                                           ;
; IMEM:b2v_inst22|IMEM_high:b2v_inst1|Registers16bit:b2v_inst36|REG_OUTPUT_ALTERA_SYNTHESIZED[9]                                       ; Stuck at GND due to stuck port clock_enable                                                                                           ;
; IMEM:b2v_inst22|IMEM_high:b2v_inst1|Registers16bit:b2v_inst38|REG_OUTPUT_ALTERA_SYNTHESIZED[9]                                       ; Stuck at GND due to stuck port clock_enable                                                                                           ;
; IMEM:b2v_inst22|IMEM_high:b2v_inst1|Registers16bit:b2v_inst41|REG_OUTPUT_ALTERA_SYNTHESIZED[9]                                       ; Stuck at GND due to stuck port clock_enable                                                                                           ;
; IMEM:b2v_inst22|IMEM_low:b2v_inst5|Registers16bit:b2v_inst21|REG_OUTPUT_ALTERA_SYNTHESIZED[10]                                       ; Stuck at GND due to stuck port clock_enable                                                                                           ;
; IMEM:b2v_inst22|IMEM_low:b2v_inst5|Registers16bit:b2v_inst22|REG_OUTPUT_ALTERA_SYNTHESIZED[10]                                       ; Stuck at GND due to stuck port clock_enable                                                                                           ;
; IMEM:b2v_inst22|IMEM_low:b2v_inst5|Registers16bit:b2v_inst23|REG_OUTPUT_ALTERA_SYNTHESIZED[10]                                       ; Stuck at GND due to stuck port clock_enable                                                                                           ;
; IMEM:b2v_inst22|IMEM_low:b2v_inst5|Registers16bit:b2v_inst24|REG_OUTPUT_ALTERA_SYNTHESIZED[10]                                       ; Stuck at GND due to stuck port clock_enable                                                                                           ;
; IMEM:b2v_inst22|IMEM_low:b2v_inst5|Registers16bit:b2v_inst25|REG_OUTPUT_ALTERA_SYNTHESIZED[10]                                       ; Stuck at GND due to stuck port clock_enable                                                                                           ;
; IMEM:b2v_inst22|IMEM_low:b2v_inst5|Registers16bit:b2v_inst26|REG_OUTPUT_ALTERA_SYNTHESIZED[10]                                       ; Stuck at GND due to stuck port clock_enable                                                                                           ;
; IMEM:b2v_inst22|IMEM_low:b2v_inst5|Registers16bit:b2v_inst27|REG_OUTPUT_ALTERA_SYNTHESIZED[10]                                       ; Stuck at GND due to stuck port clock_enable                                                                                           ;
; IMEM:b2v_inst22|IMEM_low:b2v_inst5|Registers16bit:b2v_inst28|REG_OUTPUT_ALTERA_SYNTHESIZED[10]                                       ; Stuck at GND due to stuck port clock_enable                                                                                           ;
; IMEM:b2v_inst22|IMEM_low:b2v_inst5|Registers16bit:b2v_inst29|REG_OUTPUT_ALTERA_SYNTHESIZED[10]                                       ; Stuck at GND due to stuck port clock_enable                                                                                           ;
; IMEM:b2v_inst22|IMEM_low:b2v_inst5|Registers16bit:b2v_inst30|REG_OUTPUT_ALTERA_SYNTHESIZED[10]                                       ; Stuck at GND due to stuck port clock_enable                                                                                           ;
; IMEM:b2v_inst22|IMEM_low:b2v_inst5|Registers16bit:b2v_inst31|REG_OUTPUT_ALTERA_SYNTHESIZED[10]                                       ; Stuck at GND due to stuck port clock_enable                                                                                           ;
; IMEM:b2v_inst22|IMEM_low:b2v_inst5|Registers16bit:b2v_inst32|REG_OUTPUT_ALTERA_SYNTHESIZED[10]                                       ; Stuck at GND due to stuck port clock_enable                                                                                           ;
; IMEM:b2v_inst22|IMEM_low:b2v_inst5|Registers16bit:b2v_inst33|REG_OUTPUT_ALTERA_SYNTHESIZED[10]                                       ; Stuck at GND due to stuck port clock_enable                                                                                           ;
; IMEM:b2v_inst22|IMEM_low:b2v_inst5|Registers16bit:b2v_inst34|REG_OUTPUT_ALTERA_SYNTHESIZED[10]                                       ; Stuck at GND due to stuck port clock_enable                                                                                           ;
; IMEM:b2v_inst22|IMEM_low:b2v_inst5|Registers16bit:b2v_inst36|REG_OUTPUT_ALTERA_SYNTHESIZED[10]                                       ; Stuck at GND due to stuck port clock_enable                                                                                           ;
; IMEM:b2v_inst22|IMEM_low:b2v_inst5|Registers16bit:b2v_inst38|REG_OUTPUT_ALTERA_SYNTHESIZED[10]                                       ; Stuck at GND due to stuck port clock_enable                                                                                           ;
; IMEM:b2v_inst22|IMEM_high:b2v_inst1|Registers16bit:b2v_inst22|REG_OUTPUT_ALTERA_SYNTHESIZED[10]                                      ; Stuck at GND due to stuck port clock_enable                                                                                           ;
; IMEM:b2v_inst22|IMEM_high:b2v_inst1|Registers16bit:b2v_inst23|REG_OUTPUT_ALTERA_SYNTHESIZED[10]                                      ; Stuck at GND due to stuck port clock_enable                                                                                           ;
; IMEM:b2v_inst22|IMEM_high:b2v_inst1|Registers16bit:b2v_inst24|REG_OUTPUT_ALTERA_SYNTHESIZED[10]                                      ; Stuck at GND due to stuck port clock_enable                                                                                           ;
; IMEM:b2v_inst22|IMEM_high:b2v_inst1|Registers16bit:b2v_inst25|REG_OUTPUT_ALTERA_SYNTHESIZED[10]                                      ; Stuck at GND due to stuck port clock_enable                                                                                           ;
; IMEM:b2v_inst22|IMEM_high:b2v_inst1|Registers16bit:b2v_inst26|REG_OUTPUT_ALTERA_SYNTHESIZED[10]                                      ; Stuck at GND due to stuck port clock_enable                                                                                           ;
; IMEM:b2v_inst22|IMEM_high:b2v_inst1|Registers16bit:b2v_inst27|REG_OUTPUT_ALTERA_SYNTHESIZED[10]                                      ; Stuck at GND due to stuck port clock_enable                                                                                           ;
; IMEM:b2v_inst22|IMEM_high:b2v_inst1|Registers16bit:b2v_inst28|REG_OUTPUT_ALTERA_SYNTHESIZED[10]                                      ; Stuck at GND due to stuck port clock_enable                                                                                           ;
; IMEM:b2v_inst22|IMEM_high:b2v_inst1|Registers16bit:b2v_inst29|REG_OUTPUT_ALTERA_SYNTHESIZED[10]                                      ; Stuck at GND due to stuck port clock_enable                                                                                           ;
; IMEM:b2v_inst22|IMEM_high:b2v_inst1|Registers16bit:b2v_inst30|REG_OUTPUT_ALTERA_SYNTHESIZED[10]                                      ; Stuck at GND due to stuck port clock_enable                                                                                           ;
; IMEM:b2v_inst22|IMEM_high:b2v_inst1|Registers16bit:b2v_inst31|REG_OUTPUT_ALTERA_SYNTHESIZED[10]                                      ; Stuck at GND due to stuck port clock_enable                                                                                           ;
; IMEM:b2v_inst22|IMEM_high:b2v_inst1|Registers16bit:b2v_inst32|REG_OUTPUT_ALTERA_SYNTHESIZED[10]                                      ; Stuck at GND due to stuck port clock_enable                                                                                           ;
; IMEM:b2v_inst22|IMEM_high:b2v_inst1|Registers16bit:b2v_inst33|REG_OUTPUT_ALTERA_SYNTHESIZED[10]                                      ; Stuck at GND due to stuck port clock_enable                                                                                           ;
; IMEM:b2v_inst22|IMEM_high:b2v_inst1|Registers16bit:b2v_inst34|REG_OUTPUT_ALTERA_SYNTHESIZED[10]                                      ; Stuck at GND due to stuck port clock_enable                                                                                           ;
; IMEM:b2v_inst22|IMEM_high:b2v_inst1|Registers16bit:b2v_inst36|REG_OUTPUT_ALTERA_SYNTHESIZED[10]                                      ; Stuck at GND due to stuck port clock_enable                                                                                           ;
; IMEM:b2v_inst22|IMEM_high:b2v_inst1|Registers16bit:b2v_inst38|REG_OUTPUT_ALTERA_SYNTHESIZED[10]                                      ; Stuck at GND due to stuck port clock_enable                                                                                           ;
; IMEM:b2v_inst22|IMEM_high:b2v_inst1|Registers16bit:b2v_inst41|REG_OUTPUT_ALTERA_SYNTHESIZED[10]                                      ; Stuck at GND due to stuck port clock_enable                                                                                           ;
; IMEM:b2v_inst22|IMEM_low:b2v_inst5|Registers16bit:b2v_inst21|REG_OUTPUT_ALTERA_SYNTHESIZED[11]                                       ; Stuck at GND due to stuck port clock_enable                                                                                           ;
; IMEM:b2v_inst22|IMEM_low:b2v_inst5|Registers16bit:b2v_inst22|REG_OUTPUT_ALTERA_SYNTHESIZED[11]                                       ; Stuck at GND due to stuck port clock_enable                                                                                           ;
; IMEM:b2v_inst22|IMEM_low:b2v_inst5|Registers16bit:b2v_inst23|REG_OUTPUT_ALTERA_SYNTHESIZED[11]                                       ; Stuck at GND due to stuck port clock_enable                                                                                           ;
; IMEM:b2v_inst22|IMEM_low:b2v_inst5|Registers16bit:b2v_inst24|REG_OUTPUT_ALTERA_SYNTHESIZED[11]                                       ; Stuck at GND due to stuck port clock_enable                                                                                           ;
; IMEM:b2v_inst22|IMEM_low:b2v_inst5|Registers16bit:b2v_inst25|REG_OUTPUT_ALTERA_SYNTHESIZED[11]                                       ; Stuck at GND due to stuck port clock_enable                                                                                           ;
; IMEM:b2v_inst22|IMEM_low:b2v_inst5|Registers16bit:b2v_inst26|REG_OUTPUT_ALTERA_SYNTHESIZED[11]                                       ; Stuck at GND due to stuck port clock_enable                                                                                           ;
; IMEM:b2v_inst22|IMEM_low:b2v_inst5|Registers16bit:b2v_inst27|REG_OUTPUT_ALTERA_SYNTHESIZED[11]                                       ; Stuck at GND due to stuck port clock_enable                                                                                           ;
; IMEM:b2v_inst22|IMEM_low:b2v_inst5|Registers16bit:b2v_inst28|REG_OUTPUT_ALTERA_SYNTHESIZED[11]                                       ; Stuck at GND due to stuck port clock_enable                                                                                           ;
; IMEM:b2v_inst22|IMEM_low:b2v_inst5|Registers16bit:b2v_inst29|REG_OUTPUT_ALTERA_SYNTHESIZED[11]                                       ; Stuck at GND due to stuck port clock_enable                                                                                           ;
; IMEM:b2v_inst22|IMEM_low:b2v_inst5|Registers16bit:b2v_inst30|REG_OUTPUT_ALTERA_SYNTHESIZED[11]                                       ; Stuck at GND due to stuck port clock_enable                                                                                           ;
; IMEM:b2v_inst22|IMEM_low:b2v_inst5|Registers16bit:b2v_inst31|REG_OUTPUT_ALTERA_SYNTHESIZED[11]                                       ; Stuck at GND due to stuck port clock_enable                                                                                           ;
; IMEM:b2v_inst22|IMEM_low:b2v_inst5|Registers16bit:b2v_inst32|REG_OUTPUT_ALTERA_SYNTHESIZED[11]                                       ; Stuck at GND due to stuck port clock_enable                                                                                           ;
; IMEM:b2v_inst22|IMEM_low:b2v_inst5|Registers16bit:b2v_inst33|REG_OUTPUT_ALTERA_SYNTHESIZED[11]                                       ; Stuck at GND due to stuck port clock_enable                                                                                           ;
; IMEM:b2v_inst22|IMEM_low:b2v_inst5|Registers16bit:b2v_inst34|REG_OUTPUT_ALTERA_SYNTHESIZED[11]                                       ; Stuck at GND due to stuck port clock_enable                                                                                           ;
; IMEM:b2v_inst22|IMEM_low:b2v_inst5|Registers16bit:b2v_inst36|REG_OUTPUT_ALTERA_SYNTHESIZED[11]                                       ; Stuck at GND due to stuck port clock_enable                                                                                           ;
; IMEM:b2v_inst22|IMEM_low:b2v_inst5|Registers16bit:b2v_inst38|REG_OUTPUT_ALTERA_SYNTHESIZED[11]                                       ; Stuck at GND due to stuck port clock_enable                                                                                           ;
; IMEM:b2v_inst22|IMEM_high:b2v_inst1|Registers16bit:b2v_inst22|REG_OUTPUT_ALTERA_SYNTHESIZED[11]                                      ; Stuck at GND due to stuck port clock_enable                                                                                           ;
; IMEM:b2v_inst22|IMEM_high:b2v_inst1|Registers16bit:b2v_inst23|REG_OUTPUT_ALTERA_SYNTHESIZED[11]                                      ; Stuck at GND due to stuck port clock_enable                                                                                           ;
; IMEM:b2v_inst22|IMEM_high:b2v_inst1|Registers16bit:b2v_inst24|REG_OUTPUT_ALTERA_SYNTHESIZED[11]                                      ; Stuck at GND due to stuck port clock_enable                                                                                           ;
; IMEM:b2v_inst22|IMEM_high:b2v_inst1|Registers16bit:b2v_inst25|REG_OUTPUT_ALTERA_SYNTHESIZED[11]                                      ; Stuck at GND due to stuck port clock_enable                                                                                           ;
; IMEM:b2v_inst22|IMEM_high:b2v_inst1|Registers16bit:b2v_inst26|REG_OUTPUT_ALTERA_SYNTHESIZED[11]                                      ; Stuck at GND due to stuck port clock_enable                                                                                           ;
; IMEM:b2v_inst22|IMEM_high:b2v_inst1|Registers16bit:b2v_inst27|REG_OUTPUT_ALTERA_SYNTHESIZED[11]                                      ; Stuck at GND due to stuck port clock_enable                                                                                           ;
; IMEM:b2v_inst22|IMEM_high:b2v_inst1|Registers16bit:b2v_inst28|REG_OUTPUT_ALTERA_SYNTHESIZED[11]                                      ; Stuck at GND due to stuck port clock_enable                                                                                           ;
; IMEM:b2v_inst22|IMEM_high:b2v_inst1|Registers16bit:b2v_inst29|REG_OUTPUT_ALTERA_SYNTHESIZED[11]                                      ; Stuck at GND due to stuck port clock_enable                                                                                           ;
; IMEM:b2v_inst22|IMEM_high:b2v_inst1|Registers16bit:b2v_inst30|REG_OUTPUT_ALTERA_SYNTHESIZED[11]                                      ; Stuck at GND due to stuck port clock_enable                                                                                           ;
; IMEM:b2v_inst22|IMEM_high:b2v_inst1|Registers16bit:b2v_inst31|REG_OUTPUT_ALTERA_SYNTHESIZED[11]                                      ; Stuck at GND due to stuck port clock_enable                                                                                           ;
; IMEM:b2v_inst22|IMEM_high:b2v_inst1|Registers16bit:b2v_inst32|REG_OUTPUT_ALTERA_SYNTHESIZED[11]                                      ; Stuck at GND due to stuck port clock_enable                                                                                           ;
; IMEM:b2v_inst22|IMEM_high:b2v_inst1|Registers16bit:b2v_inst33|REG_OUTPUT_ALTERA_SYNTHESIZED[11]                                      ; Stuck at GND due to stuck port clock_enable                                                                                           ;
; IMEM:b2v_inst22|IMEM_high:b2v_inst1|Registers16bit:b2v_inst34|REG_OUTPUT_ALTERA_SYNTHESIZED[11]                                      ; Stuck at GND due to stuck port clock_enable                                                                                           ;
; IMEM:b2v_inst22|IMEM_high:b2v_inst1|Registers16bit:b2v_inst36|REG_OUTPUT_ALTERA_SYNTHESIZED[11]                                      ; Stuck at GND due to stuck port clock_enable                                                                                           ;
; IMEM:b2v_inst22|IMEM_high:b2v_inst1|Registers16bit:b2v_inst38|REG_OUTPUT_ALTERA_SYNTHESIZED[11]                                      ; Stuck at GND due to stuck port clock_enable                                                                                           ;
; IMEM:b2v_inst22|IMEM_high:b2v_inst1|Registers16bit:b2v_inst41|REG_OUTPUT_ALTERA_SYNTHESIZED[11]                                      ; Stuck at GND due to stuck port clock_enable                                                                                           ;
; IMEM:b2v_inst22|IMEM_low:b2v_inst5|Registers16bit:b2v_inst21|REG_OUTPUT_ALTERA_SYNTHESIZED[12]                                       ; Stuck at GND due to stuck port clock_enable                                                                                           ;
; IMEM:b2v_inst22|IMEM_low:b2v_inst5|Registers16bit:b2v_inst22|REG_OUTPUT_ALTERA_SYNTHESIZED[12]                                       ; Stuck at GND due to stuck port clock_enable                                                                                           ;
; IMEM:b2v_inst22|IMEM_low:b2v_inst5|Registers16bit:b2v_inst23|REG_OUTPUT_ALTERA_SYNTHESIZED[12]                                       ; Stuck at GND due to stuck port clock_enable                                                                                           ;
; IMEM:b2v_inst22|IMEM_low:b2v_inst5|Registers16bit:b2v_inst24|REG_OUTPUT_ALTERA_SYNTHESIZED[12]                                       ; Stuck at GND due to stuck port clock_enable                                                                                           ;
; IMEM:b2v_inst22|IMEM_low:b2v_inst5|Registers16bit:b2v_inst25|REG_OUTPUT_ALTERA_SYNTHESIZED[12]                                       ; Stuck at GND due to stuck port clock_enable                                                                                           ;
; IMEM:b2v_inst22|IMEM_low:b2v_inst5|Registers16bit:b2v_inst26|REG_OUTPUT_ALTERA_SYNTHESIZED[12]                                       ; Stuck at GND due to stuck port clock_enable                                                                                           ;
; IMEM:b2v_inst22|IMEM_low:b2v_inst5|Registers16bit:b2v_inst27|REG_OUTPUT_ALTERA_SYNTHESIZED[12]                                       ; Stuck at GND due to stuck port clock_enable                                                                                           ;
; IMEM:b2v_inst22|IMEM_low:b2v_inst5|Registers16bit:b2v_inst28|REG_OUTPUT_ALTERA_SYNTHESIZED[12]                                       ; Stuck at GND due to stuck port clock_enable                                                                                           ;
; IMEM:b2v_inst22|IMEM_low:b2v_inst5|Registers16bit:b2v_inst29|REG_OUTPUT_ALTERA_SYNTHESIZED[12]                                       ; Stuck at GND due to stuck port clock_enable                                                                                           ;
; IMEM:b2v_inst22|IMEM_low:b2v_inst5|Registers16bit:b2v_inst30|REG_OUTPUT_ALTERA_SYNTHESIZED[12]                                       ; Stuck at GND due to stuck port clock_enable                                                                                           ;
; IMEM:b2v_inst22|IMEM_low:b2v_inst5|Registers16bit:b2v_inst31|REG_OUTPUT_ALTERA_SYNTHESIZED[12]                                       ; Stuck at GND due to stuck port clock_enable                                                                                           ;
; IMEM:b2v_inst22|IMEM_low:b2v_inst5|Registers16bit:b2v_inst32|REG_OUTPUT_ALTERA_SYNTHESIZED[12]                                       ; Stuck at GND due to stuck port clock_enable                                                                                           ;
; IMEM:b2v_inst22|IMEM_low:b2v_inst5|Registers16bit:b2v_inst33|REG_OUTPUT_ALTERA_SYNTHESIZED[12]                                       ; Stuck at GND due to stuck port clock_enable                                                                                           ;
; IMEM:b2v_inst22|IMEM_low:b2v_inst5|Registers16bit:b2v_inst34|REG_OUTPUT_ALTERA_SYNTHESIZED[12]                                       ; Stuck at GND due to stuck port clock_enable                                                                                           ;
; IMEM:b2v_inst22|IMEM_low:b2v_inst5|Registers16bit:b2v_inst36|REG_OUTPUT_ALTERA_SYNTHESIZED[12]                                       ; Stuck at GND due to stuck port clock_enable                                                                                           ;
; IMEM:b2v_inst22|IMEM_low:b2v_inst5|Registers16bit:b2v_inst38|REG_OUTPUT_ALTERA_SYNTHESIZED[12]                                       ; Stuck at GND due to stuck port clock_enable                                                                                           ;
; IMEM:b2v_inst22|IMEM_high:b2v_inst1|Registers16bit:b2v_inst22|REG_OUTPUT_ALTERA_SYNTHESIZED[12]                                      ; Stuck at GND due to stuck port clock_enable                                                                                           ;
; IMEM:b2v_inst22|IMEM_high:b2v_inst1|Registers16bit:b2v_inst23|REG_OUTPUT_ALTERA_SYNTHESIZED[12]                                      ; Stuck at GND due to stuck port clock_enable                                                                                           ;
; IMEM:b2v_inst22|IMEM_high:b2v_inst1|Registers16bit:b2v_inst24|REG_OUTPUT_ALTERA_SYNTHESIZED[12]                                      ; Stuck at GND due to stuck port clock_enable                                                                                           ;
; IMEM:b2v_inst22|IMEM_high:b2v_inst1|Registers16bit:b2v_inst25|REG_OUTPUT_ALTERA_SYNTHESIZED[12]                                      ; Stuck at GND due to stuck port clock_enable                                                                                           ;
; IMEM:b2v_inst22|IMEM_high:b2v_inst1|Registers16bit:b2v_inst26|REG_OUTPUT_ALTERA_SYNTHESIZED[12]                                      ; Stuck at GND due to stuck port clock_enable                                                                                           ;
; IMEM:b2v_inst22|IMEM_high:b2v_inst1|Registers16bit:b2v_inst27|REG_OUTPUT_ALTERA_SYNTHESIZED[12]                                      ; Stuck at GND due to stuck port clock_enable                                                                                           ;
; IMEM:b2v_inst22|IMEM_high:b2v_inst1|Registers16bit:b2v_inst28|REG_OUTPUT_ALTERA_SYNTHESIZED[12]                                      ; Stuck at GND due to stuck port clock_enable                                                                                           ;
; IMEM:b2v_inst22|IMEM_high:b2v_inst1|Registers16bit:b2v_inst29|REG_OUTPUT_ALTERA_SYNTHESIZED[12]                                      ; Stuck at GND due to stuck port clock_enable                                                                                           ;
; IMEM:b2v_inst22|IMEM_high:b2v_inst1|Registers16bit:b2v_inst30|REG_OUTPUT_ALTERA_SYNTHESIZED[12]                                      ; Stuck at GND due to stuck port clock_enable                                                                                           ;
; IMEM:b2v_inst22|IMEM_high:b2v_inst1|Registers16bit:b2v_inst31|REG_OUTPUT_ALTERA_SYNTHESIZED[12]                                      ; Stuck at GND due to stuck port clock_enable                                                                                           ;
; IMEM:b2v_inst22|IMEM_high:b2v_inst1|Registers16bit:b2v_inst32|REG_OUTPUT_ALTERA_SYNTHESIZED[12]                                      ; Stuck at GND due to stuck port clock_enable                                                                                           ;
; IMEM:b2v_inst22|IMEM_high:b2v_inst1|Registers16bit:b2v_inst33|REG_OUTPUT_ALTERA_SYNTHESIZED[12]                                      ; Stuck at GND due to stuck port clock_enable                                                                                           ;
; IMEM:b2v_inst22|IMEM_high:b2v_inst1|Registers16bit:b2v_inst34|REG_OUTPUT_ALTERA_SYNTHESIZED[12]                                      ; Stuck at GND due to stuck port clock_enable                                                                                           ;
; IMEM:b2v_inst22|IMEM_high:b2v_inst1|Registers16bit:b2v_inst36|REG_OUTPUT_ALTERA_SYNTHESIZED[12]                                      ; Stuck at GND due to stuck port clock_enable                                                                                           ;
; IMEM:b2v_inst22|IMEM_high:b2v_inst1|Registers16bit:b2v_inst38|REG_OUTPUT_ALTERA_SYNTHESIZED[12]                                      ; Stuck at GND due to stuck port clock_enable                                                                                           ;
; IMEM:b2v_inst22|IMEM_high:b2v_inst1|Registers16bit:b2v_inst41|REG_OUTPUT_ALTERA_SYNTHESIZED[12]                                      ; Stuck at GND due to stuck port clock_enable                                                                                           ;
; IMEM:b2v_inst22|IMEM_low:b2v_inst5|Registers16bit:b2v_inst21|REG_OUTPUT_ALTERA_SYNTHESIZED[13]                                       ; Stuck at GND due to stuck port clock_enable                                                                                           ;
; IMEM:b2v_inst22|IMEM_low:b2v_inst5|Registers16bit:b2v_inst22|REG_OUTPUT_ALTERA_SYNTHESIZED[13]                                       ; Stuck at GND due to stuck port clock_enable                                                                                           ;
; IMEM:b2v_inst22|IMEM_low:b2v_inst5|Registers16bit:b2v_inst23|REG_OUTPUT_ALTERA_SYNTHESIZED[13]                                       ; Stuck at GND due to stuck port clock_enable                                                                                           ;
; IMEM:b2v_inst22|IMEM_low:b2v_inst5|Registers16bit:b2v_inst24|REG_OUTPUT_ALTERA_SYNTHESIZED[13]                                       ; Stuck at GND due to stuck port clock_enable                                                                                           ;
; IMEM:b2v_inst22|IMEM_low:b2v_inst5|Registers16bit:b2v_inst25|REG_OUTPUT_ALTERA_SYNTHESIZED[13]                                       ; Stuck at GND due to stuck port clock_enable                                                                                           ;
; IMEM:b2v_inst22|IMEM_low:b2v_inst5|Registers16bit:b2v_inst26|REG_OUTPUT_ALTERA_SYNTHESIZED[13]                                       ; Stuck at GND due to stuck port clock_enable                                                                                           ;
; IMEM:b2v_inst22|IMEM_low:b2v_inst5|Registers16bit:b2v_inst27|REG_OUTPUT_ALTERA_SYNTHESIZED[13]                                       ; Stuck at GND due to stuck port clock_enable                                                                                           ;
; IMEM:b2v_inst22|IMEM_low:b2v_inst5|Registers16bit:b2v_inst28|REG_OUTPUT_ALTERA_SYNTHESIZED[13]                                       ; Stuck at GND due to stuck port clock_enable                                                                                           ;
; IMEM:b2v_inst22|IMEM_low:b2v_inst5|Registers16bit:b2v_inst29|REG_OUTPUT_ALTERA_SYNTHESIZED[13]                                       ; Stuck at GND due to stuck port clock_enable                                                                                           ;
; IMEM:b2v_inst22|IMEM_low:b2v_inst5|Registers16bit:b2v_inst30|REG_OUTPUT_ALTERA_SYNTHESIZED[13]                                       ; Stuck at GND due to stuck port clock_enable                                                                                           ;
; IMEM:b2v_inst22|IMEM_low:b2v_inst5|Registers16bit:b2v_inst31|REG_OUTPUT_ALTERA_SYNTHESIZED[13]                                       ; Stuck at GND due to stuck port clock_enable                                                                                           ;
; IMEM:b2v_inst22|IMEM_low:b2v_inst5|Registers16bit:b2v_inst32|REG_OUTPUT_ALTERA_SYNTHESIZED[13]                                       ; Stuck at GND due to stuck port clock_enable                                                                                           ;
; IMEM:b2v_inst22|IMEM_low:b2v_inst5|Registers16bit:b2v_inst33|REG_OUTPUT_ALTERA_SYNTHESIZED[13]                                       ; Stuck at GND due to stuck port clock_enable                                                                                           ;
; IMEM:b2v_inst22|IMEM_low:b2v_inst5|Registers16bit:b2v_inst34|REG_OUTPUT_ALTERA_SYNTHESIZED[13]                                       ; Stuck at GND due to stuck port clock_enable                                                                                           ;
; IMEM:b2v_inst22|IMEM_low:b2v_inst5|Registers16bit:b2v_inst36|REG_OUTPUT_ALTERA_SYNTHESIZED[13]                                       ; Stuck at GND due to stuck port clock_enable                                                                                           ;
; IMEM:b2v_inst22|IMEM_low:b2v_inst5|Registers16bit:b2v_inst38|REG_OUTPUT_ALTERA_SYNTHESIZED[13]                                       ; Stuck at GND due to stuck port clock_enable                                                                                           ;
; IMEM:b2v_inst22|IMEM_high:b2v_inst1|Registers16bit:b2v_inst22|REG_OUTPUT_ALTERA_SYNTHESIZED[13]                                      ; Stuck at GND due to stuck port clock_enable                                                                                           ;
; IMEM:b2v_inst22|IMEM_high:b2v_inst1|Registers16bit:b2v_inst23|REG_OUTPUT_ALTERA_SYNTHESIZED[13]                                      ; Stuck at GND due to stuck port clock_enable                                                                                           ;
; IMEM:b2v_inst22|IMEM_high:b2v_inst1|Registers16bit:b2v_inst24|REG_OUTPUT_ALTERA_SYNTHESIZED[13]                                      ; Stuck at GND due to stuck port clock_enable                                                                                           ;
; IMEM:b2v_inst22|IMEM_high:b2v_inst1|Registers16bit:b2v_inst25|REG_OUTPUT_ALTERA_SYNTHESIZED[13]                                      ; Stuck at GND due to stuck port clock_enable                                                                                           ;
; IMEM:b2v_inst22|IMEM_high:b2v_inst1|Registers16bit:b2v_inst26|REG_OUTPUT_ALTERA_SYNTHESIZED[13]                                      ; Stuck at GND due to stuck port clock_enable                                                                                           ;
; IMEM:b2v_inst22|IMEM_high:b2v_inst1|Registers16bit:b2v_inst27|REG_OUTPUT_ALTERA_SYNTHESIZED[13]                                      ; Stuck at GND due to stuck port clock_enable                                                                                           ;
; IMEM:b2v_inst22|IMEM_high:b2v_inst1|Registers16bit:b2v_inst28|REG_OUTPUT_ALTERA_SYNTHESIZED[13]                                      ; Stuck at GND due to stuck port clock_enable                                                                                           ;
; IMEM:b2v_inst22|IMEM_high:b2v_inst1|Registers16bit:b2v_inst29|REG_OUTPUT_ALTERA_SYNTHESIZED[13]                                      ; Stuck at GND due to stuck port clock_enable                                                                                           ;
; IMEM:b2v_inst22|IMEM_high:b2v_inst1|Registers16bit:b2v_inst30|REG_OUTPUT_ALTERA_SYNTHESIZED[13]                                      ; Stuck at GND due to stuck port clock_enable                                                                                           ;
; IMEM:b2v_inst22|IMEM_high:b2v_inst1|Registers16bit:b2v_inst31|REG_OUTPUT_ALTERA_SYNTHESIZED[13]                                      ; Stuck at GND due to stuck port clock_enable                                                                                           ;
; IMEM:b2v_inst22|IMEM_high:b2v_inst1|Registers16bit:b2v_inst32|REG_OUTPUT_ALTERA_SYNTHESIZED[13]                                      ; Stuck at GND due to stuck port clock_enable                                                                                           ;
; IMEM:b2v_inst22|IMEM_high:b2v_inst1|Registers16bit:b2v_inst33|REG_OUTPUT_ALTERA_SYNTHESIZED[13]                                      ; Stuck at GND due to stuck port clock_enable                                                                                           ;
; IMEM:b2v_inst22|IMEM_high:b2v_inst1|Registers16bit:b2v_inst34|REG_OUTPUT_ALTERA_SYNTHESIZED[13]                                      ; Stuck at GND due to stuck port clock_enable                                                                                           ;
; IMEM:b2v_inst22|IMEM_high:b2v_inst1|Registers16bit:b2v_inst36|REG_OUTPUT_ALTERA_SYNTHESIZED[13]                                      ; Stuck at GND due to stuck port clock_enable                                                                                           ;
; IMEM:b2v_inst22|IMEM_high:b2v_inst1|Registers16bit:b2v_inst38|REG_OUTPUT_ALTERA_SYNTHESIZED[13]                                      ; Stuck at GND due to stuck port clock_enable                                                                                           ;
; IMEM:b2v_inst22|IMEM_high:b2v_inst1|Registers16bit:b2v_inst41|REG_OUTPUT_ALTERA_SYNTHESIZED[13]                                      ; Stuck at GND due to stuck port clock_enable                                                                                           ;
; IMEM:b2v_inst22|IMEM_low:b2v_inst5|Registers16bit:b2v_inst21|REG_OUTPUT_ALTERA_SYNTHESIZED[14]                                       ; Stuck at GND due to stuck port clock_enable                                                                                           ;
; IMEM:b2v_inst22|IMEM_low:b2v_inst5|Registers16bit:b2v_inst22|REG_OUTPUT_ALTERA_SYNTHESIZED[14]                                       ; Stuck at GND due to stuck port clock_enable                                                                                           ;
; IMEM:b2v_inst22|IMEM_low:b2v_inst5|Registers16bit:b2v_inst23|REG_OUTPUT_ALTERA_SYNTHESIZED[14]                                       ; Stuck at GND due to stuck port clock_enable                                                                                           ;
; IMEM:b2v_inst22|IMEM_low:b2v_inst5|Registers16bit:b2v_inst24|REG_OUTPUT_ALTERA_SYNTHESIZED[14]                                       ; Stuck at GND due to stuck port clock_enable                                                                                           ;
; IMEM:b2v_inst22|IMEM_low:b2v_inst5|Registers16bit:b2v_inst25|REG_OUTPUT_ALTERA_SYNTHESIZED[14]                                       ; Stuck at GND due to stuck port clock_enable                                                                                           ;
; IMEM:b2v_inst22|IMEM_low:b2v_inst5|Registers16bit:b2v_inst26|REG_OUTPUT_ALTERA_SYNTHESIZED[14]                                       ; Stuck at GND due to stuck port clock_enable                                                                                           ;
; IMEM:b2v_inst22|IMEM_low:b2v_inst5|Registers16bit:b2v_inst27|REG_OUTPUT_ALTERA_SYNTHESIZED[14]                                       ; Stuck at GND due to stuck port clock_enable                                                                                           ;
; IMEM:b2v_inst22|IMEM_low:b2v_inst5|Registers16bit:b2v_inst28|REG_OUTPUT_ALTERA_SYNTHESIZED[14]                                       ; Stuck at GND due to stuck port clock_enable                                                                                           ;
; IMEM:b2v_inst22|IMEM_low:b2v_inst5|Registers16bit:b2v_inst29|REG_OUTPUT_ALTERA_SYNTHESIZED[14]                                       ; Stuck at GND due to stuck port clock_enable                                                                                           ;
; IMEM:b2v_inst22|IMEM_low:b2v_inst5|Registers16bit:b2v_inst30|REG_OUTPUT_ALTERA_SYNTHESIZED[14]                                       ; Stuck at GND due to stuck port clock_enable                                                                                           ;
; IMEM:b2v_inst22|IMEM_low:b2v_inst5|Registers16bit:b2v_inst31|REG_OUTPUT_ALTERA_SYNTHESIZED[14]                                       ; Stuck at GND due to stuck port clock_enable                                                                                           ;
; IMEM:b2v_inst22|IMEM_low:b2v_inst5|Registers16bit:b2v_inst32|REG_OUTPUT_ALTERA_SYNTHESIZED[14]                                       ; Stuck at GND due to stuck port clock_enable                                                                                           ;
; IMEM:b2v_inst22|IMEM_low:b2v_inst5|Registers16bit:b2v_inst33|REG_OUTPUT_ALTERA_SYNTHESIZED[14]                                       ; Stuck at GND due to stuck port clock_enable                                                                                           ;
; IMEM:b2v_inst22|IMEM_low:b2v_inst5|Registers16bit:b2v_inst34|REG_OUTPUT_ALTERA_SYNTHESIZED[14]                                       ; Stuck at GND due to stuck port clock_enable                                                                                           ;
; IMEM:b2v_inst22|IMEM_low:b2v_inst5|Registers16bit:b2v_inst36|REG_OUTPUT_ALTERA_SYNTHESIZED[14]                                       ; Stuck at GND due to stuck port clock_enable                                                                                           ;
; IMEM:b2v_inst22|IMEM_low:b2v_inst5|Registers16bit:b2v_inst38|REG_OUTPUT_ALTERA_SYNTHESIZED[14]                                       ; Stuck at GND due to stuck port clock_enable                                                                                           ;
; IMEM:b2v_inst22|IMEM_high:b2v_inst1|Registers16bit:b2v_inst22|REG_OUTPUT_ALTERA_SYNTHESIZED[14]                                      ; Stuck at GND due to stuck port clock_enable                                                                                           ;
; IMEM:b2v_inst22|IMEM_high:b2v_inst1|Registers16bit:b2v_inst23|REG_OUTPUT_ALTERA_SYNTHESIZED[14]                                      ; Stuck at GND due to stuck port clock_enable                                                                                           ;
; IMEM:b2v_inst22|IMEM_high:b2v_inst1|Registers16bit:b2v_inst24|REG_OUTPUT_ALTERA_SYNTHESIZED[14]                                      ; Stuck at GND due to stuck port clock_enable                                                                                           ;
; IMEM:b2v_inst22|IMEM_high:b2v_inst1|Registers16bit:b2v_inst25|REG_OUTPUT_ALTERA_SYNTHESIZED[14]                                      ; Stuck at GND due to stuck port clock_enable                                                                                           ;
; IMEM:b2v_inst22|IMEM_high:b2v_inst1|Registers16bit:b2v_inst26|REG_OUTPUT_ALTERA_SYNTHESIZED[14]                                      ; Stuck at GND due to stuck port clock_enable                                                                                           ;
; IMEM:b2v_inst22|IMEM_high:b2v_inst1|Registers16bit:b2v_inst27|REG_OUTPUT_ALTERA_SYNTHESIZED[14]                                      ; Stuck at GND due to stuck port clock_enable                                                                                           ;
; IMEM:b2v_inst22|IMEM_high:b2v_inst1|Registers16bit:b2v_inst28|REG_OUTPUT_ALTERA_SYNTHESIZED[14]                                      ; Stuck at GND due to stuck port clock_enable                                                                                           ;
; IMEM:b2v_inst22|IMEM_high:b2v_inst1|Registers16bit:b2v_inst29|REG_OUTPUT_ALTERA_SYNTHESIZED[14]                                      ; Stuck at GND due to stuck port clock_enable                                                                                           ;
; IMEM:b2v_inst22|IMEM_high:b2v_inst1|Registers16bit:b2v_inst30|REG_OUTPUT_ALTERA_SYNTHESIZED[14]                                      ; Stuck at GND due to stuck port clock_enable                                                                                           ;
; IMEM:b2v_inst22|IMEM_high:b2v_inst1|Registers16bit:b2v_inst31|REG_OUTPUT_ALTERA_SYNTHESIZED[14]                                      ; Stuck at GND due to stuck port clock_enable                                                                                           ;
; IMEM:b2v_inst22|IMEM_high:b2v_inst1|Registers16bit:b2v_inst32|REG_OUTPUT_ALTERA_SYNTHESIZED[14]                                      ; Stuck at GND due to stuck port clock_enable                                                                                           ;
; IMEM:b2v_inst22|IMEM_high:b2v_inst1|Registers16bit:b2v_inst33|REG_OUTPUT_ALTERA_SYNTHESIZED[14]                                      ; Stuck at GND due to stuck port clock_enable                                                                                           ;
; IMEM:b2v_inst22|IMEM_high:b2v_inst1|Registers16bit:b2v_inst34|REG_OUTPUT_ALTERA_SYNTHESIZED[14]                                      ; Stuck at GND due to stuck port clock_enable                                                                                           ;
; IMEM:b2v_inst22|IMEM_high:b2v_inst1|Registers16bit:b2v_inst36|REG_OUTPUT_ALTERA_SYNTHESIZED[14]                                      ; Stuck at GND due to stuck port clock_enable                                                                                           ;
; IMEM:b2v_inst22|IMEM_high:b2v_inst1|Registers16bit:b2v_inst38|REG_OUTPUT_ALTERA_SYNTHESIZED[14]                                      ; Stuck at GND due to stuck port clock_enable                                                                                           ;
; IMEM:b2v_inst22|IMEM_high:b2v_inst1|Registers16bit:b2v_inst41|REG_OUTPUT_ALTERA_SYNTHESIZED[14]                                      ; Stuck at GND due to stuck port clock_enable                                                                                           ;
; IMEM:b2v_inst22|IMEM_low:b2v_inst5|Registers16bit:b2v_inst21|REG_OUTPUT_ALTERA_SYNTHESIZED[15]                                       ; Stuck at GND due to stuck port clock_enable                                                                                           ;
; IMEM:b2v_inst22|IMEM_low:b2v_inst5|Registers16bit:b2v_inst22|REG_OUTPUT_ALTERA_SYNTHESIZED[15]                                       ; Stuck at GND due to stuck port clock_enable                                                                                           ;
; IMEM:b2v_inst22|IMEM_low:b2v_inst5|Registers16bit:b2v_inst23|REG_OUTPUT_ALTERA_SYNTHESIZED[15]                                       ; Stuck at GND due to stuck port clock_enable                                                                                           ;
; IMEM:b2v_inst22|IMEM_low:b2v_inst5|Registers16bit:b2v_inst24|REG_OUTPUT_ALTERA_SYNTHESIZED[15]                                       ; Stuck at GND due to stuck port clock_enable                                                                                           ;
; IMEM:b2v_inst22|IMEM_low:b2v_inst5|Registers16bit:b2v_inst25|REG_OUTPUT_ALTERA_SYNTHESIZED[15]                                       ; Stuck at GND due to stuck port clock_enable                                                                                           ;
; IMEM:b2v_inst22|IMEM_low:b2v_inst5|Registers16bit:b2v_inst26|REG_OUTPUT_ALTERA_SYNTHESIZED[15]                                       ; Stuck at GND due to stuck port clock_enable                                                                                           ;
; IMEM:b2v_inst22|IMEM_low:b2v_inst5|Registers16bit:b2v_inst27|REG_OUTPUT_ALTERA_SYNTHESIZED[15]                                       ; Stuck at GND due to stuck port clock_enable                                                                                           ;
; IMEM:b2v_inst22|IMEM_low:b2v_inst5|Registers16bit:b2v_inst28|REG_OUTPUT_ALTERA_SYNTHESIZED[15]                                       ; Stuck at GND due to stuck port clock_enable                                                                                           ;
; IMEM:b2v_inst22|IMEM_low:b2v_inst5|Registers16bit:b2v_inst29|REG_OUTPUT_ALTERA_SYNTHESIZED[15]                                       ; Stuck at GND due to stuck port clock_enable                                                                                           ;
; IMEM:b2v_inst22|IMEM_low:b2v_inst5|Registers16bit:b2v_inst30|REG_OUTPUT_ALTERA_SYNTHESIZED[15]                                       ; Stuck at GND due to stuck port clock_enable                                                                                           ;
; IMEM:b2v_inst22|IMEM_low:b2v_inst5|Registers16bit:b2v_inst31|REG_OUTPUT_ALTERA_SYNTHESIZED[15]                                       ; Stuck at GND due to stuck port clock_enable                                                                                           ;
; IMEM:b2v_inst22|IMEM_low:b2v_inst5|Registers16bit:b2v_inst32|REG_OUTPUT_ALTERA_SYNTHESIZED[15]                                       ; Stuck at GND due to stuck port clock_enable                                                                                           ;
; IMEM:b2v_inst22|IMEM_low:b2v_inst5|Registers16bit:b2v_inst33|REG_OUTPUT_ALTERA_SYNTHESIZED[15]                                       ; Stuck at GND due to stuck port clock_enable                                                                                           ;
; IMEM:b2v_inst22|IMEM_low:b2v_inst5|Registers16bit:b2v_inst34|REG_OUTPUT_ALTERA_SYNTHESIZED[15]                                       ; Stuck at GND due to stuck port clock_enable                                                                                           ;
; IMEM:b2v_inst22|IMEM_low:b2v_inst5|Registers16bit:b2v_inst36|REG_OUTPUT_ALTERA_SYNTHESIZED[15]                                       ; Stuck at GND due to stuck port clock_enable                                                                                           ;
; IMEM:b2v_inst22|IMEM_low:b2v_inst5|Registers16bit:b2v_inst38|REG_OUTPUT_ALTERA_SYNTHESIZED[15]                                       ; Stuck at GND due to stuck port clock_enable                                                                                           ;
; IMEM:b2v_inst22|IMEM_high:b2v_inst1|Registers16bit:b2v_inst22|REG_OUTPUT_ALTERA_SYNTHESIZED[15]                                      ; Stuck at GND due to stuck port clock_enable                                                                                           ;
; IMEM:b2v_inst22|IMEM_high:b2v_inst1|Registers16bit:b2v_inst23|REG_OUTPUT_ALTERA_SYNTHESIZED[15]                                      ; Stuck at GND due to stuck port clock_enable                                                                                           ;
; IMEM:b2v_inst22|IMEM_high:b2v_inst1|Registers16bit:b2v_inst24|REG_OUTPUT_ALTERA_SYNTHESIZED[15]                                      ; Stuck at GND due to stuck port clock_enable                                                                                           ;
; IMEM:b2v_inst22|IMEM_high:b2v_inst1|Registers16bit:b2v_inst25|REG_OUTPUT_ALTERA_SYNTHESIZED[15]                                      ; Stuck at GND due to stuck port clock_enable                                                                                           ;
; IMEM:b2v_inst22|IMEM_high:b2v_inst1|Registers16bit:b2v_inst26|REG_OUTPUT_ALTERA_SYNTHESIZED[15]                                      ; Stuck at GND due to stuck port clock_enable                                                                                           ;
; IMEM:b2v_inst22|IMEM_high:b2v_inst1|Registers16bit:b2v_inst27|REG_OUTPUT_ALTERA_SYNTHESIZED[15]                                      ; Stuck at GND due to stuck port clock_enable                                                                                           ;
; IMEM:b2v_inst22|IMEM_high:b2v_inst1|Registers16bit:b2v_inst28|REG_OUTPUT_ALTERA_SYNTHESIZED[15]                                      ; Stuck at GND due to stuck port clock_enable                                                                                           ;
; IMEM:b2v_inst22|IMEM_high:b2v_inst1|Registers16bit:b2v_inst29|REG_OUTPUT_ALTERA_SYNTHESIZED[15]                                      ; Stuck at GND due to stuck port clock_enable                                                                                           ;
; IMEM:b2v_inst22|IMEM_high:b2v_inst1|Registers16bit:b2v_inst30|REG_OUTPUT_ALTERA_SYNTHESIZED[15]                                      ; Stuck at GND due to stuck port clock_enable                                                                                           ;
; IMEM:b2v_inst22|IMEM_high:b2v_inst1|Registers16bit:b2v_inst31|REG_OUTPUT_ALTERA_SYNTHESIZED[15]                                      ; Stuck at GND due to stuck port clock_enable                                                                                           ;
; IMEM:b2v_inst22|IMEM_high:b2v_inst1|Registers16bit:b2v_inst32|REG_OUTPUT_ALTERA_SYNTHESIZED[15]                                      ; Stuck at GND due to stuck port clock_enable                                                                                           ;
; IMEM:b2v_inst22|IMEM_high:b2v_inst1|Registers16bit:b2v_inst33|REG_OUTPUT_ALTERA_SYNTHESIZED[15]                                      ; Stuck at GND due to stuck port clock_enable                                                                                           ;
; IMEM:b2v_inst22|IMEM_high:b2v_inst1|Registers16bit:b2v_inst34|REG_OUTPUT_ALTERA_SYNTHESIZED[15]                                      ; Stuck at GND due to stuck port clock_enable                                                                                           ;
; IMEM:b2v_inst22|IMEM_high:b2v_inst1|Registers16bit:b2v_inst36|REG_OUTPUT_ALTERA_SYNTHESIZED[15]                                      ; Stuck at GND due to stuck port clock_enable                                                                                           ;
; IMEM:b2v_inst22|IMEM_high:b2v_inst1|Registers16bit:b2v_inst38|REG_OUTPUT_ALTERA_SYNTHESIZED[15]                                      ; Stuck at GND due to stuck port clock_enable                                                                                           ;
; IMEM:b2v_inst22|IMEM_high:b2v_inst1|Registers16bit:b2v_inst41|REG_OUTPUT_ALTERA_SYNTHESIZED[15]                                      ; Stuck at GND due to stuck port clock_enable                                                                                           ;
; IMEM:b2v_inst22|IMEM_low:b2v_inst5|Registers16bit:b2v_inst21|REG_OUTPUT_ALTERA_SYNTHESIZED[0]                                        ; Stuck at GND due to stuck port clock_enable                                                                                           ;
; IMEM:b2v_inst22|IMEM_low:b2v_inst5|Registers16bit:b2v_inst22|REG_OUTPUT_ALTERA_SYNTHESIZED[0]                                        ; Stuck at GND due to stuck port clock_enable                                                                                           ;
; IMEM:b2v_inst22|IMEM_low:b2v_inst5|Registers16bit:b2v_inst23|REG_OUTPUT_ALTERA_SYNTHESIZED[0]                                        ; Stuck at GND due to stuck port clock_enable                                                                                           ;
; IMEM:b2v_inst22|IMEM_low:b2v_inst5|Registers16bit:b2v_inst24|REG_OUTPUT_ALTERA_SYNTHESIZED[0]                                        ; Stuck at GND due to stuck port clock_enable                                                                                           ;
; IMEM:b2v_inst22|IMEM_low:b2v_inst5|Registers16bit:b2v_inst25|REG_OUTPUT_ALTERA_SYNTHESIZED[0]                                        ; Stuck at GND due to stuck port clock_enable                                                                                           ;
; IMEM:b2v_inst22|IMEM_low:b2v_inst5|Registers16bit:b2v_inst26|REG_OUTPUT_ALTERA_SYNTHESIZED[0]                                        ; Stuck at GND due to stuck port clock_enable                                                                                           ;
; IMEM:b2v_inst22|IMEM_low:b2v_inst5|Registers16bit:b2v_inst27|REG_OUTPUT_ALTERA_SYNTHESIZED[0]                                        ; Stuck at GND due to stuck port clock_enable                                                                                           ;
; IMEM:b2v_inst22|IMEM_low:b2v_inst5|Registers16bit:b2v_inst28|REG_OUTPUT_ALTERA_SYNTHESIZED[0]                                        ; Stuck at GND due to stuck port clock_enable                                                                                           ;
; IMEM:b2v_inst22|IMEM_low:b2v_inst5|Registers16bit:b2v_inst29|REG_OUTPUT_ALTERA_SYNTHESIZED[0]                                        ; Stuck at GND due to stuck port clock_enable                                                                                           ;
; IMEM:b2v_inst22|IMEM_low:b2v_inst5|Registers16bit:b2v_inst30|REG_OUTPUT_ALTERA_SYNTHESIZED[0]                                        ; Stuck at GND due to stuck port clock_enable                                                                                           ;
; IMEM:b2v_inst22|IMEM_low:b2v_inst5|Registers16bit:b2v_inst31|REG_OUTPUT_ALTERA_SYNTHESIZED[0]                                        ; Stuck at GND due to stuck port clock_enable                                                                                           ;
; IMEM:b2v_inst22|IMEM_low:b2v_inst5|Registers16bit:b2v_inst32|REG_OUTPUT_ALTERA_SYNTHESIZED[0]                                        ; Stuck at GND due to stuck port clock_enable                                                                                           ;
; IMEM:b2v_inst22|IMEM_low:b2v_inst5|Registers16bit:b2v_inst33|REG_OUTPUT_ALTERA_SYNTHESIZED[0]                                        ; Stuck at GND due to stuck port clock_enable                                                                                           ;
; IMEM:b2v_inst22|IMEM_low:b2v_inst5|Registers16bit:b2v_inst34|REG_OUTPUT_ALTERA_SYNTHESIZED[0]                                        ; Stuck at GND due to stuck port clock_enable                                                                                           ;
; IMEM:b2v_inst22|IMEM_low:b2v_inst5|Registers16bit:b2v_inst36|REG_OUTPUT_ALTERA_SYNTHESIZED[0]                                        ; Stuck at GND due to stuck port clock_enable                                                                                           ;
; IMEM:b2v_inst22|IMEM_low:b2v_inst5|Registers16bit:b2v_inst38|REG_OUTPUT_ALTERA_SYNTHESIZED[0]                                        ; Stuck at GND due to stuck port clock_enable                                                                                           ;
; IMEM:b2v_inst22|IMEM_high:b2v_inst1|Registers16bit:b2v_inst22|REG_OUTPUT_ALTERA_SYNTHESIZED[0]                                       ; Stuck at GND due to stuck port clock_enable                                                                                           ;
; IMEM:b2v_inst22|IMEM_high:b2v_inst1|Registers16bit:b2v_inst23|REG_OUTPUT_ALTERA_SYNTHESIZED[0]                                       ; Stuck at GND due to stuck port clock_enable                                                                                           ;
; IMEM:b2v_inst22|IMEM_high:b2v_inst1|Registers16bit:b2v_inst24|REG_OUTPUT_ALTERA_SYNTHESIZED[0]                                       ; Stuck at GND due to stuck port clock_enable                                                                                           ;
; IMEM:b2v_inst22|IMEM_high:b2v_inst1|Registers16bit:b2v_inst25|REG_OUTPUT_ALTERA_SYNTHESIZED[0]                                       ; Stuck at GND due to stuck port clock_enable                                                                                           ;
; IMEM:b2v_inst22|IMEM_high:b2v_inst1|Registers16bit:b2v_inst26|REG_OUTPUT_ALTERA_SYNTHESIZED[0]                                       ; Stuck at GND due to stuck port clock_enable                                                                                           ;
; IMEM:b2v_inst22|IMEM_high:b2v_inst1|Registers16bit:b2v_inst27|REG_OUTPUT_ALTERA_SYNTHESIZED[0]                                       ; Stuck at GND due to stuck port clock_enable                                                                                           ;
; IMEM:b2v_inst22|IMEM_high:b2v_inst1|Registers16bit:b2v_inst28|REG_OUTPUT_ALTERA_SYNTHESIZED[0]                                       ; Stuck at GND due to stuck port clock_enable                                                                                           ;
; IMEM:b2v_inst22|IMEM_high:b2v_inst1|Registers16bit:b2v_inst29|REG_OUTPUT_ALTERA_SYNTHESIZED[0]                                       ; Stuck at GND due to stuck port clock_enable                                                                                           ;
; IMEM:b2v_inst22|IMEM_high:b2v_inst1|Registers16bit:b2v_inst30|REG_OUTPUT_ALTERA_SYNTHESIZED[0]                                       ; Stuck at GND due to stuck port clock_enable                                                                                           ;
; IMEM:b2v_inst22|IMEM_high:b2v_inst1|Registers16bit:b2v_inst31|REG_OUTPUT_ALTERA_SYNTHESIZED[0]                                       ; Stuck at GND due to stuck port clock_enable                                                                                           ;
; IMEM:b2v_inst22|IMEM_high:b2v_inst1|Registers16bit:b2v_inst32|REG_OUTPUT_ALTERA_SYNTHESIZED[0]                                       ; Stuck at GND due to stuck port clock_enable                                                                                           ;
; IMEM:b2v_inst22|IMEM_high:b2v_inst1|Registers16bit:b2v_inst33|REG_OUTPUT_ALTERA_SYNTHESIZED[0]                                       ; Stuck at GND due to stuck port clock_enable                                                                                           ;
; IMEM:b2v_inst22|IMEM_high:b2v_inst1|Registers16bit:b2v_inst34|REG_OUTPUT_ALTERA_SYNTHESIZED[0]                                       ; Stuck at GND due to stuck port clock_enable                                                                                           ;
; IMEM:b2v_inst22|IMEM_high:b2v_inst1|Registers16bit:b2v_inst36|REG_OUTPUT_ALTERA_SYNTHESIZED[0]                                       ; Stuck at GND due to stuck port clock_enable                                                                                           ;
; IMEM:b2v_inst22|IMEM_high:b2v_inst1|Registers16bit:b2v_inst38|REG_OUTPUT_ALTERA_SYNTHESIZED[0]                                       ; Stuck at GND due to stuck port clock_enable                                                                                           ;
; IMEM:b2v_inst22|IMEM_high:b2v_inst1|Registers16bit:b2v_inst41|REG_OUTPUT_ALTERA_SYNTHESIZED[0]                                       ; Stuck at GND due to stuck port clock_enable                                                                                           ;
; IMEM:b2v_inst22|IMEM_low:b2v_inst5|Registers16bit:b2v_inst21|REG_OUTPUT_ALTERA_SYNTHESIZED[1]                                        ; Stuck at GND due to stuck port clock_enable                                                                                           ;
; IMEM:b2v_inst22|IMEM_low:b2v_inst5|Registers16bit:b2v_inst22|REG_OUTPUT_ALTERA_SYNTHESIZED[1]                                        ; Stuck at GND due to stuck port clock_enable                                                                                           ;
; IMEM:b2v_inst22|IMEM_low:b2v_inst5|Registers16bit:b2v_inst23|REG_OUTPUT_ALTERA_SYNTHESIZED[1]                                        ; Stuck at GND due to stuck port clock_enable                                                                                           ;
; IMEM:b2v_inst22|IMEM_low:b2v_inst5|Registers16bit:b2v_inst24|REG_OUTPUT_ALTERA_SYNTHESIZED[1]                                        ; Stuck at GND due to stuck port clock_enable                                                                                           ;
; IMEM:b2v_inst22|IMEM_low:b2v_inst5|Registers16bit:b2v_inst25|REG_OUTPUT_ALTERA_SYNTHESIZED[1]                                        ; Stuck at GND due to stuck port clock_enable                                                                                           ;
; IMEM:b2v_inst22|IMEM_low:b2v_inst5|Registers16bit:b2v_inst26|REG_OUTPUT_ALTERA_SYNTHESIZED[1]                                        ; Stuck at GND due to stuck port clock_enable                                                                                           ;
; IMEM:b2v_inst22|IMEM_low:b2v_inst5|Registers16bit:b2v_inst27|REG_OUTPUT_ALTERA_SYNTHESIZED[1]                                        ; Stuck at GND due to stuck port clock_enable                                                                                           ;
; IMEM:b2v_inst22|IMEM_low:b2v_inst5|Registers16bit:b2v_inst28|REG_OUTPUT_ALTERA_SYNTHESIZED[1]                                        ; Stuck at GND due to stuck port clock_enable                                                                                           ;
; IMEM:b2v_inst22|IMEM_low:b2v_inst5|Registers16bit:b2v_inst29|REG_OUTPUT_ALTERA_SYNTHESIZED[1]                                        ; Stuck at GND due to stuck port clock_enable                                                                                           ;
; IMEM:b2v_inst22|IMEM_low:b2v_inst5|Registers16bit:b2v_inst30|REG_OUTPUT_ALTERA_SYNTHESIZED[1]                                        ; Stuck at GND due to stuck port clock_enable                                                                                           ;
; IMEM:b2v_inst22|IMEM_low:b2v_inst5|Registers16bit:b2v_inst31|REG_OUTPUT_ALTERA_SYNTHESIZED[1]                                        ; Stuck at GND due to stuck port clock_enable                                                                                           ;
; IMEM:b2v_inst22|IMEM_low:b2v_inst5|Registers16bit:b2v_inst32|REG_OUTPUT_ALTERA_SYNTHESIZED[1]                                        ; Stuck at GND due to stuck port clock_enable                                                                                           ;
; IMEM:b2v_inst22|IMEM_low:b2v_inst5|Registers16bit:b2v_inst33|REG_OUTPUT_ALTERA_SYNTHESIZED[1]                                        ; Stuck at GND due to stuck port clock_enable                                                                                           ;
; IMEM:b2v_inst22|IMEM_low:b2v_inst5|Registers16bit:b2v_inst34|REG_OUTPUT_ALTERA_SYNTHESIZED[1]                                        ; Stuck at GND due to stuck port clock_enable                                                                                           ;
; IMEM:b2v_inst22|IMEM_low:b2v_inst5|Registers16bit:b2v_inst36|REG_OUTPUT_ALTERA_SYNTHESIZED[1]                                        ; Stuck at GND due to stuck port clock_enable                                                                                           ;
; IMEM:b2v_inst22|IMEM_low:b2v_inst5|Registers16bit:b2v_inst38|REG_OUTPUT_ALTERA_SYNTHESIZED[1]                                        ; Stuck at GND due to stuck port clock_enable                                                                                           ;
; IMEM:b2v_inst22|IMEM_high:b2v_inst1|Registers16bit:b2v_inst22|REG_OUTPUT_ALTERA_SYNTHESIZED[1]                                       ; Stuck at GND due to stuck port clock_enable                                                                                           ;
; IMEM:b2v_inst22|IMEM_high:b2v_inst1|Registers16bit:b2v_inst23|REG_OUTPUT_ALTERA_SYNTHESIZED[1]                                       ; Stuck at GND due to stuck port clock_enable                                                                                           ;
; IMEM:b2v_inst22|IMEM_high:b2v_inst1|Registers16bit:b2v_inst24|REG_OUTPUT_ALTERA_SYNTHESIZED[1]                                       ; Stuck at GND due to stuck port clock_enable                                                                                           ;
; IMEM:b2v_inst22|IMEM_high:b2v_inst1|Registers16bit:b2v_inst25|REG_OUTPUT_ALTERA_SYNTHESIZED[1]                                       ; Stuck at GND due to stuck port clock_enable                                                                                           ;
; IMEM:b2v_inst22|IMEM_high:b2v_inst1|Registers16bit:b2v_inst26|REG_OUTPUT_ALTERA_SYNTHESIZED[1]                                       ; Stuck at GND due to stuck port clock_enable                                                                                           ;
; IMEM:b2v_inst22|IMEM_high:b2v_inst1|Registers16bit:b2v_inst27|REG_OUTPUT_ALTERA_SYNTHESIZED[1]                                       ; Stuck at GND due to stuck port clock_enable                                                                                           ;
; IMEM:b2v_inst22|IMEM_high:b2v_inst1|Registers16bit:b2v_inst28|REG_OUTPUT_ALTERA_SYNTHESIZED[1]                                       ; Stuck at GND due to stuck port clock_enable                                                                                           ;
; IMEM:b2v_inst22|IMEM_high:b2v_inst1|Registers16bit:b2v_inst29|REG_OUTPUT_ALTERA_SYNTHESIZED[1]                                       ; Stuck at GND due to stuck port clock_enable                                                                                           ;
; IMEM:b2v_inst22|IMEM_high:b2v_inst1|Registers16bit:b2v_inst30|REG_OUTPUT_ALTERA_SYNTHESIZED[1]                                       ; Stuck at GND due to stuck port clock_enable                                                                                           ;
; IMEM:b2v_inst22|IMEM_high:b2v_inst1|Registers16bit:b2v_inst31|REG_OUTPUT_ALTERA_SYNTHESIZED[1]                                       ; Stuck at GND due to stuck port clock_enable                                                                                           ;
; IMEM:b2v_inst22|IMEM_high:b2v_inst1|Registers16bit:b2v_inst32|REG_OUTPUT_ALTERA_SYNTHESIZED[1]                                       ; Stuck at GND due to stuck port clock_enable                                                                                           ;
; IMEM:b2v_inst22|IMEM_high:b2v_inst1|Registers16bit:b2v_inst33|REG_OUTPUT_ALTERA_SYNTHESIZED[1]                                       ; Stuck at GND due to stuck port clock_enable                                                                                           ;
; IMEM:b2v_inst22|IMEM_high:b2v_inst1|Registers16bit:b2v_inst34|REG_OUTPUT_ALTERA_SYNTHESIZED[1]                                       ; Stuck at GND due to stuck port clock_enable                                                                                           ;
; IMEM:b2v_inst22|IMEM_high:b2v_inst1|Registers16bit:b2v_inst36|REG_OUTPUT_ALTERA_SYNTHESIZED[1]                                       ; Stuck at GND due to stuck port clock_enable                                                                                           ;
; IMEM:b2v_inst22|IMEM_high:b2v_inst1|Registers16bit:b2v_inst38|REG_OUTPUT_ALTERA_SYNTHESIZED[1]                                       ; Stuck at GND due to stuck port clock_enable                                                                                           ;
; IMEM:b2v_inst22|IMEM_high:b2v_inst1|Registers16bit:b2v_inst41|REG_OUTPUT_ALTERA_SYNTHESIZED[1]                                       ; Stuck at GND due to stuck port clock_enable                                                                                           ;
; IMEM:b2v_inst22|IMEM_low:b2v_inst5|Registers16bit:b2v_inst21|REG_OUTPUT_ALTERA_SYNTHESIZED[2]                                        ; Stuck at GND due to stuck port clock_enable                                                                                           ;
; IMEM:b2v_inst22|IMEM_low:b2v_inst5|Registers16bit:b2v_inst22|REG_OUTPUT_ALTERA_SYNTHESIZED[2]                                        ; Stuck at GND due to stuck port clock_enable                                                                                           ;
; IMEM:b2v_inst22|IMEM_low:b2v_inst5|Registers16bit:b2v_inst23|REG_OUTPUT_ALTERA_SYNTHESIZED[2]                                        ; Stuck at GND due to stuck port clock_enable                                                                                           ;
; IMEM:b2v_inst22|IMEM_low:b2v_inst5|Registers16bit:b2v_inst24|REG_OUTPUT_ALTERA_SYNTHESIZED[2]                                        ; Stuck at GND due to stuck port clock_enable                                                                                           ;
; IMEM:b2v_inst22|IMEM_low:b2v_inst5|Registers16bit:b2v_inst25|REG_OUTPUT_ALTERA_SYNTHESIZED[2]                                        ; Stuck at GND due to stuck port clock_enable                                                                                           ;
; IMEM:b2v_inst22|IMEM_low:b2v_inst5|Registers16bit:b2v_inst26|REG_OUTPUT_ALTERA_SYNTHESIZED[2]                                        ; Stuck at GND due to stuck port clock_enable                                                                                           ;
; IMEM:b2v_inst22|IMEM_low:b2v_inst5|Registers16bit:b2v_inst27|REG_OUTPUT_ALTERA_SYNTHESIZED[2]                                        ; Stuck at GND due to stuck port clock_enable                                                                                           ;
; IMEM:b2v_inst22|IMEM_low:b2v_inst5|Registers16bit:b2v_inst28|REG_OUTPUT_ALTERA_SYNTHESIZED[2]                                        ; Stuck at GND due to stuck port clock_enable                                                                                           ;
; IMEM:b2v_inst22|IMEM_low:b2v_inst5|Registers16bit:b2v_inst29|REG_OUTPUT_ALTERA_SYNTHESIZED[2]                                        ; Stuck at GND due to stuck port clock_enable                                                                                           ;
; IMEM:b2v_inst22|IMEM_low:b2v_inst5|Registers16bit:b2v_inst30|REG_OUTPUT_ALTERA_SYNTHESIZED[2]                                        ; Stuck at GND due to stuck port clock_enable                                                                                           ;
; IMEM:b2v_inst22|IMEM_low:b2v_inst5|Registers16bit:b2v_inst31|REG_OUTPUT_ALTERA_SYNTHESIZED[2]                                        ; Stuck at GND due to stuck port clock_enable                                                                                           ;
; IMEM:b2v_inst22|IMEM_low:b2v_inst5|Registers16bit:b2v_inst32|REG_OUTPUT_ALTERA_SYNTHESIZED[2]                                        ; Stuck at GND due to stuck port clock_enable                                                                                           ;
; IMEM:b2v_inst22|IMEM_low:b2v_inst5|Registers16bit:b2v_inst33|REG_OUTPUT_ALTERA_SYNTHESIZED[2]                                        ; Stuck at GND due to stuck port clock_enable                                                                                           ;
; IMEM:b2v_inst22|IMEM_low:b2v_inst5|Registers16bit:b2v_inst34|REG_OUTPUT_ALTERA_SYNTHESIZED[2]                                        ; Stuck at GND due to stuck port clock_enable                                                                                           ;
; IMEM:b2v_inst22|IMEM_low:b2v_inst5|Registers16bit:b2v_inst36|REG_OUTPUT_ALTERA_SYNTHESIZED[2]                                        ; Stuck at GND due to stuck port clock_enable                                                                                           ;
; IMEM:b2v_inst22|IMEM_low:b2v_inst5|Registers16bit:b2v_inst38|REG_OUTPUT_ALTERA_SYNTHESIZED[2]                                        ; Stuck at GND due to stuck port clock_enable                                                                                           ;
; IMEM:b2v_inst22|IMEM_high:b2v_inst1|Registers16bit:b2v_inst22|REG_OUTPUT_ALTERA_SYNTHESIZED[2]                                       ; Stuck at GND due to stuck port clock_enable                                                                                           ;
; IMEM:b2v_inst22|IMEM_high:b2v_inst1|Registers16bit:b2v_inst23|REG_OUTPUT_ALTERA_SYNTHESIZED[2]                                       ; Stuck at GND due to stuck port clock_enable                                                                                           ;
; IMEM:b2v_inst22|IMEM_high:b2v_inst1|Registers16bit:b2v_inst24|REG_OUTPUT_ALTERA_SYNTHESIZED[2]                                       ; Stuck at GND due to stuck port clock_enable                                                                                           ;
; IMEM:b2v_inst22|IMEM_high:b2v_inst1|Registers16bit:b2v_inst25|REG_OUTPUT_ALTERA_SYNTHESIZED[2]                                       ; Stuck at GND due to stuck port clock_enable                                                                                           ;
; IMEM:b2v_inst22|IMEM_high:b2v_inst1|Registers16bit:b2v_inst26|REG_OUTPUT_ALTERA_SYNTHESIZED[2]                                       ; Stuck at GND due to stuck port clock_enable                                                                                           ;
; IMEM:b2v_inst22|IMEM_high:b2v_inst1|Registers16bit:b2v_inst27|REG_OUTPUT_ALTERA_SYNTHESIZED[2]                                       ; Stuck at GND due to stuck port clock_enable                                                                                           ;
; IMEM:b2v_inst22|IMEM_high:b2v_inst1|Registers16bit:b2v_inst28|REG_OUTPUT_ALTERA_SYNTHESIZED[2]                                       ; Stuck at GND due to stuck port clock_enable                                                                                           ;
; IMEM:b2v_inst22|IMEM_high:b2v_inst1|Registers16bit:b2v_inst29|REG_OUTPUT_ALTERA_SYNTHESIZED[2]                                       ; Stuck at GND due to stuck port clock_enable                                                                                           ;
; IMEM:b2v_inst22|IMEM_high:b2v_inst1|Registers16bit:b2v_inst30|REG_OUTPUT_ALTERA_SYNTHESIZED[2]                                       ; Stuck at GND due to stuck port clock_enable                                                                                           ;
; IMEM:b2v_inst22|IMEM_high:b2v_inst1|Registers16bit:b2v_inst31|REG_OUTPUT_ALTERA_SYNTHESIZED[2]                                       ; Stuck at GND due to stuck port clock_enable                                                                                           ;
; IMEM:b2v_inst22|IMEM_high:b2v_inst1|Registers16bit:b2v_inst32|REG_OUTPUT_ALTERA_SYNTHESIZED[2]                                       ; Stuck at GND due to stuck port clock_enable                                                                                           ;
; IMEM:b2v_inst22|IMEM_high:b2v_inst1|Registers16bit:b2v_inst33|REG_OUTPUT_ALTERA_SYNTHESIZED[2]                                       ; Stuck at GND due to stuck port clock_enable                                                                                           ;
; IMEM:b2v_inst22|IMEM_high:b2v_inst1|Registers16bit:b2v_inst34|REG_OUTPUT_ALTERA_SYNTHESIZED[2]                                       ; Stuck at GND due to stuck port clock_enable                                                                                           ;
; IMEM:b2v_inst22|IMEM_high:b2v_inst1|Registers16bit:b2v_inst36|REG_OUTPUT_ALTERA_SYNTHESIZED[2]                                       ; Stuck at GND due to stuck port clock_enable                                                                                           ;
; IMEM:b2v_inst22|IMEM_high:b2v_inst1|Registers16bit:b2v_inst38|REG_OUTPUT_ALTERA_SYNTHESIZED[2]                                       ; Stuck at GND due to stuck port clock_enable                                                                                           ;
; IMEM:b2v_inst22|IMEM_high:b2v_inst1|Registers16bit:b2v_inst41|REG_OUTPUT_ALTERA_SYNTHESIZED[2]                                       ; Stuck at GND due to stuck port clock_enable                                                                                           ;
; IMEM:b2v_inst22|IMEM_low:b2v_inst5|Registers16bit:b2v_inst21|REG_OUTPUT_ALTERA_SYNTHESIZED[3]                                        ; Stuck at GND due to stuck port clock_enable                                                                                           ;
; IMEM:b2v_inst22|IMEM_low:b2v_inst5|Registers16bit:b2v_inst22|REG_OUTPUT_ALTERA_SYNTHESIZED[3]                                        ; Stuck at GND due to stuck port clock_enable                                                                                           ;
; IMEM:b2v_inst22|IMEM_low:b2v_inst5|Registers16bit:b2v_inst23|REG_OUTPUT_ALTERA_SYNTHESIZED[3]                                        ; Stuck at GND due to stuck port clock_enable                                                                                           ;
; IMEM:b2v_inst22|IMEM_low:b2v_inst5|Registers16bit:b2v_inst24|REG_OUTPUT_ALTERA_SYNTHESIZED[3]                                        ; Stuck at GND due to stuck port clock_enable                                                                                           ;
; IMEM:b2v_inst22|IMEM_low:b2v_inst5|Registers16bit:b2v_inst25|REG_OUTPUT_ALTERA_SYNTHESIZED[3]                                        ; Stuck at GND due to stuck port clock_enable                                                                                           ;
; IMEM:b2v_inst22|IMEM_low:b2v_inst5|Registers16bit:b2v_inst26|REG_OUTPUT_ALTERA_SYNTHESIZED[3]                                        ; Stuck at GND due to stuck port clock_enable                                                                                           ;
; IMEM:b2v_inst22|IMEM_low:b2v_inst5|Registers16bit:b2v_inst27|REG_OUTPUT_ALTERA_SYNTHESIZED[3]                                        ; Stuck at GND due to stuck port clock_enable                                                                                           ;
; IMEM:b2v_inst22|IMEM_low:b2v_inst5|Registers16bit:b2v_inst28|REG_OUTPUT_ALTERA_SYNTHESIZED[3]                                        ; Stuck at GND due to stuck port clock_enable                                                                                           ;
; IMEM:b2v_inst22|IMEM_low:b2v_inst5|Registers16bit:b2v_inst29|REG_OUTPUT_ALTERA_SYNTHESIZED[3]                                        ; Stuck at GND due to stuck port clock_enable                                                                                           ;
; IMEM:b2v_inst22|IMEM_low:b2v_inst5|Registers16bit:b2v_inst30|REG_OUTPUT_ALTERA_SYNTHESIZED[3]                                        ; Stuck at GND due to stuck port clock_enable                                                                                           ;
; IMEM:b2v_inst22|IMEM_low:b2v_inst5|Registers16bit:b2v_inst31|REG_OUTPUT_ALTERA_SYNTHESIZED[3]                                        ; Stuck at GND due to stuck port clock_enable                                                                                           ;
; IMEM:b2v_inst22|IMEM_low:b2v_inst5|Registers16bit:b2v_inst32|REG_OUTPUT_ALTERA_SYNTHESIZED[3]                                        ; Stuck at GND due to stuck port clock_enable                                                                                           ;
; IMEM:b2v_inst22|IMEM_low:b2v_inst5|Registers16bit:b2v_inst33|REG_OUTPUT_ALTERA_SYNTHESIZED[3]                                        ; Stuck at GND due to stuck port clock_enable                                                                                           ;
; IMEM:b2v_inst22|IMEM_low:b2v_inst5|Registers16bit:b2v_inst34|REG_OUTPUT_ALTERA_SYNTHESIZED[3]                                        ; Stuck at GND due to stuck port clock_enable                                                                                           ;
; IMEM:b2v_inst22|IMEM_low:b2v_inst5|Registers16bit:b2v_inst36|REG_OUTPUT_ALTERA_SYNTHESIZED[3]                                        ; Stuck at GND due to stuck port clock_enable                                                                                           ;
; IMEM:b2v_inst22|IMEM_low:b2v_inst5|Registers16bit:b2v_inst38|REG_OUTPUT_ALTERA_SYNTHESIZED[3]                                        ; Stuck at GND due to stuck port clock_enable                                                                                           ;
; IMEM:b2v_inst22|IMEM_high:b2v_inst1|Registers16bit:b2v_inst22|REG_OUTPUT_ALTERA_SYNTHESIZED[3]                                       ; Stuck at GND due to stuck port clock_enable                                                                                           ;
; IMEM:b2v_inst22|IMEM_high:b2v_inst1|Registers16bit:b2v_inst23|REG_OUTPUT_ALTERA_SYNTHESIZED[3]                                       ; Stuck at GND due to stuck port clock_enable                                                                                           ;
; IMEM:b2v_inst22|IMEM_high:b2v_inst1|Registers16bit:b2v_inst24|REG_OUTPUT_ALTERA_SYNTHESIZED[3]                                       ; Stuck at GND due to stuck port clock_enable                                                                                           ;
; IMEM:b2v_inst22|IMEM_high:b2v_inst1|Registers16bit:b2v_inst25|REG_OUTPUT_ALTERA_SYNTHESIZED[3]                                       ; Stuck at GND due to stuck port clock_enable                                                                                           ;
; IMEM:b2v_inst22|IMEM_high:b2v_inst1|Registers16bit:b2v_inst26|REG_OUTPUT_ALTERA_SYNTHESIZED[3]                                       ; Stuck at GND due to stuck port clock_enable                                                                                           ;
; IMEM:b2v_inst22|IMEM_high:b2v_inst1|Registers16bit:b2v_inst27|REG_OUTPUT_ALTERA_SYNTHESIZED[3]                                       ; Stuck at GND due to stuck port clock_enable                                                                                           ;
; IMEM:b2v_inst22|IMEM_high:b2v_inst1|Registers16bit:b2v_inst28|REG_OUTPUT_ALTERA_SYNTHESIZED[3]                                       ; Stuck at GND due to stuck port clock_enable                                                                                           ;
; IMEM:b2v_inst22|IMEM_high:b2v_inst1|Registers16bit:b2v_inst29|REG_OUTPUT_ALTERA_SYNTHESIZED[3]                                       ; Stuck at GND due to stuck port clock_enable                                                                                           ;
; IMEM:b2v_inst22|IMEM_high:b2v_inst1|Registers16bit:b2v_inst30|REG_OUTPUT_ALTERA_SYNTHESIZED[3]                                       ; Stuck at GND due to stuck port clock_enable                                                                                           ;
; IMEM:b2v_inst22|IMEM_high:b2v_inst1|Registers16bit:b2v_inst31|REG_OUTPUT_ALTERA_SYNTHESIZED[3]                                       ; Stuck at GND due to stuck port clock_enable                                                                                           ;
; IMEM:b2v_inst22|IMEM_high:b2v_inst1|Registers16bit:b2v_inst32|REG_OUTPUT_ALTERA_SYNTHESIZED[3]                                       ; Stuck at GND due to stuck port clock_enable                                                                                           ;
; IMEM:b2v_inst22|IMEM_high:b2v_inst1|Registers16bit:b2v_inst33|REG_OUTPUT_ALTERA_SYNTHESIZED[3]                                       ; Stuck at GND due to stuck port clock_enable                                                                                           ;
; IMEM:b2v_inst22|IMEM_high:b2v_inst1|Registers16bit:b2v_inst34|REG_OUTPUT_ALTERA_SYNTHESIZED[3]                                       ; Stuck at GND due to stuck port clock_enable                                                                                           ;
; IMEM:b2v_inst22|IMEM_high:b2v_inst1|Registers16bit:b2v_inst36|REG_OUTPUT_ALTERA_SYNTHESIZED[3]                                       ; Stuck at GND due to stuck port clock_enable                                                                                           ;
; IMEM:b2v_inst22|IMEM_high:b2v_inst1|Registers16bit:b2v_inst38|REG_OUTPUT_ALTERA_SYNTHESIZED[3]                                       ; Stuck at GND due to stuck port clock_enable                                                                                           ;
; IMEM:b2v_inst22|IMEM_high:b2v_inst1|Registers16bit:b2v_inst41|REG_OUTPUT_ALTERA_SYNTHESIZED[3]                                       ; Stuck at GND due to stuck port clock_enable                                                                                           ;
; IMEM:b2v_inst22|IMEM_low:b2v_inst5|Registers16bit:b2v_inst21|REG_OUTPUT_ALTERA_SYNTHESIZED[4]                                        ; Stuck at GND due to stuck port clock_enable                                                                                           ;
; IMEM:b2v_inst22|IMEM_low:b2v_inst5|Registers16bit:b2v_inst22|REG_OUTPUT_ALTERA_SYNTHESIZED[4]                                        ; Stuck at GND due to stuck port clock_enable                                                                                           ;
; IMEM:b2v_inst22|IMEM_low:b2v_inst5|Registers16bit:b2v_inst23|REG_OUTPUT_ALTERA_SYNTHESIZED[4]                                        ; Stuck at GND due to stuck port clock_enable                                                                                           ;
; IMEM:b2v_inst22|IMEM_low:b2v_inst5|Registers16bit:b2v_inst24|REG_OUTPUT_ALTERA_SYNTHESIZED[4]                                        ; Stuck at GND due to stuck port clock_enable                                                                                           ;
; IMEM:b2v_inst22|IMEM_low:b2v_inst5|Registers16bit:b2v_inst25|REG_OUTPUT_ALTERA_SYNTHESIZED[4]                                        ; Stuck at GND due to stuck port clock_enable                                                                                           ;
; IMEM:b2v_inst22|IMEM_low:b2v_inst5|Registers16bit:b2v_inst26|REG_OUTPUT_ALTERA_SYNTHESIZED[4]                                        ; Stuck at GND due to stuck port clock_enable                                                                                           ;
; IMEM:b2v_inst22|IMEM_low:b2v_inst5|Registers16bit:b2v_inst27|REG_OUTPUT_ALTERA_SYNTHESIZED[4]                                        ; Stuck at GND due to stuck port clock_enable                                                                                           ;
; IMEM:b2v_inst22|IMEM_low:b2v_inst5|Registers16bit:b2v_inst28|REG_OUTPUT_ALTERA_SYNTHESIZED[4]                                        ; Stuck at GND due to stuck port clock_enable                                                                                           ;
; IMEM:b2v_inst22|IMEM_low:b2v_inst5|Registers16bit:b2v_inst29|REG_OUTPUT_ALTERA_SYNTHESIZED[4]                                        ; Stuck at GND due to stuck port clock_enable                                                                                           ;
; IMEM:b2v_inst22|IMEM_low:b2v_inst5|Registers16bit:b2v_inst30|REG_OUTPUT_ALTERA_SYNTHESIZED[4]                                        ; Stuck at GND due to stuck port clock_enable                                                                                           ;
; IMEM:b2v_inst22|IMEM_low:b2v_inst5|Registers16bit:b2v_inst31|REG_OUTPUT_ALTERA_SYNTHESIZED[4]                                        ; Stuck at GND due to stuck port clock_enable                                                                                           ;
; IMEM:b2v_inst22|IMEM_low:b2v_inst5|Registers16bit:b2v_inst32|REG_OUTPUT_ALTERA_SYNTHESIZED[4]                                        ; Stuck at GND due to stuck port clock_enable                                                                                           ;
; IMEM:b2v_inst22|IMEM_low:b2v_inst5|Registers16bit:b2v_inst33|REG_OUTPUT_ALTERA_SYNTHESIZED[4]                                        ; Stuck at GND due to stuck port clock_enable                                                                                           ;
; IMEM:b2v_inst22|IMEM_low:b2v_inst5|Registers16bit:b2v_inst34|REG_OUTPUT_ALTERA_SYNTHESIZED[4]                                        ; Stuck at GND due to stuck port clock_enable                                                                                           ;
; IMEM:b2v_inst22|IMEM_low:b2v_inst5|Registers16bit:b2v_inst36|REG_OUTPUT_ALTERA_SYNTHESIZED[4]                                        ; Stuck at GND due to stuck port clock_enable                                                                                           ;
; IMEM:b2v_inst22|IMEM_low:b2v_inst5|Registers16bit:b2v_inst38|REG_OUTPUT_ALTERA_SYNTHESIZED[4]                                        ; Stuck at GND due to stuck port clock_enable                                                                                           ;
; IMEM:b2v_inst22|IMEM_high:b2v_inst1|Registers16bit:b2v_inst22|REG_OUTPUT_ALTERA_SYNTHESIZED[4]                                       ; Stuck at GND due to stuck port clock_enable                                                                                           ;
; IMEM:b2v_inst22|IMEM_high:b2v_inst1|Registers16bit:b2v_inst23|REG_OUTPUT_ALTERA_SYNTHESIZED[4]                                       ; Stuck at GND due to stuck port clock_enable                                                                                           ;
; IMEM:b2v_inst22|IMEM_high:b2v_inst1|Registers16bit:b2v_inst24|REG_OUTPUT_ALTERA_SYNTHESIZED[4]                                       ; Stuck at GND due to stuck port clock_enable                                                                                           ;
; IMEM:b2v_inst22|IMEM_high:b2v_inst1|Registers16bit:b2v_inst25|REG_OUTPUT_ALTERA_SYNTHESIZED[4]                                       ; Stuck at GND due to stuck port clock_enable                                                                                           ;
; IMEM:b2v_inst22|IMEM_high:b2v_inst1|Registers16bit:b2v_inst26|REG_OUTPUT_ALTERA_SYNTHESIZED[4]                                       ; Stuck at GND due to stuck port clock_enable                                                                                           ;
; IMEM:b2v_inst22|IMEM_high:b2v_inst1|Registers16bit:b2v_inst27|REG_OUTPUT_ALTERA_SYNTHESIZED[4]                                       ; Stuck at GND due to stuck port clock_enable                                                                                           ;
; IMEM:b2v_inst22|IMEM_high:b2v_inst1|Registers16bit:b2v_inst28|REG_OUTPUT_ALTERA_SYNTHESIZED[4]                                       ; Stuck at GND due to stuck port clock_enable                                                                                           ;
; IMEM:b2v_inst22|IMEM_high:b2v_inst1|Registers16bit:b2v_inst29|REG_OUTPUT_ALTERA_SYNTHESIZED[4]                                       ; Stuck at GND due to stuck port clock_enable                                                                                           ;
; IMEM:b2v_inst22|IMEM_high:b2v_inst1|Registers16bit:b2v_inst30|REG_OUTPUT_ALTERA_SYNTHESIZED[4]                                       ; Stuck at GND due to stuck port clock_enable                                                                                           ;
; IMEM:b2v_inst22|IMEM_high:b2v_inst1|Registers16bit:b2v_inst31|REG_OUTPUT_ALTERA_SYNTHESIZED[4]                                       ; Stuck at GND due to stuck port clock_enable                                                                                           ;
; IMEM:b2v_inst22|IMEM_high:b2v_inst1|Registers16bit:b2v_inst32|REG_OUTPUT_ALTERA_SYNTHESIZED[4]                                       ; Stuck at GND due to stuck port clock_enable                                                                                           ;
; IMEM:b2v_inst22|IMEM_high:b2v_inst1|Registers16bit:b2v_inst33|REG_OUTPUT_ALTERA_SYNTHESIZED[4]                                       ; Stuck at GND due to stuck port clock_enable                                                                                           ;
; IMEM:b2v_inst22|IMEM_high:b2v_inst1|Registers16bit:b2v_inst34|REG_OUTPUT_ALTERA_SYNTHESIZED[4]                                       ; Stuck at GND due to stuck port clock_enable                                                                                           ;
; IMEM:b2v_inst22|IMEM_high:b2v_inst1|Registers16bit:b2v_inst36|REG_OUTPUT_ALTERA_SYNTHESIZED[4]                                       ; Stuck at GND due to stuck port clock_enable                                                                                           ;
; IMEM:b2v_inst22|IMEM_high:b2v_inst1|Registers16bit:b2v_inst38|REG_OUTPUT_ALTERA_SYNTHESIZED[4]                                       ; Stuck at GND due to stuck port clock_enable                                                                                           ;
; IMEM:b2v_inst22|IMEM_high:b2v_inst1|Registers16bit:b2v_inst41|REG_OUTPUT_ALTERA_SYNTHESIZED[4]                                       ; Stuck at GND due to stuck port clock_enable                                                                                           ;
; IMEM:b2v_inst22|IMEM_low:b2v_inst5|Registers16bit:b2v_inst21|REG_OUTPUT_ALTERA_SYNTHESIZED[5]                                        ; Stuck at GND due to stuck port clock_enable                                                                                           ;
; IMEM:b2v_inst22|IMEM_low:b2v_inst5|Registers16bit:b2v_inst22|REG_OUTPUT_ALTERA_SYNTHESIZED[5]                                        ; Stuck at GND due to stuck port clock_enable                                                                                           ;
; IMEM:b2v_inst22|IMEM_low:b2v_inst5|Registers16bit:b2v_inst23|REG_OUTPUT_ALTERA_SYNTHESIZED[5]                                        ; Stuck at GND due to stuck port clock_enable                                                                                           ;
; IMEM:b2v_inst22|IMEM_low:b2v_inst5|Registers16bit:b2v_inst24|REG_OUTPUT_ALTERA_SYNTHESIZED[5]                                        ; Stuck at GND due to stuck port clock_enable                                                                                           ;
; IMEM:b2v_inst22|IMEM_low:b2v_inst5|Registers16bit:b2v_inst25|REG_OUTPUT_ALTERA_SYNTHESIZED[5]                                        ; Stuck at GND due to stuck port clock_enable                                                                                           ;
; IMEM:b2v_inst22|IMEM_low:b2v_inst5|Registers16bit:b2v_inst26|REG_OUTPUT_ALTERA_SYNTHESIZED[5]                                        ; Stuck at GND due to stuck port clock_enable                                                                                           ;
; IMEM:b2v_inst22|IMEM_low:b2v_inst5|Registers16bit:b2v_inst27|REG_OUTPUT_ALTERA_SYNTHESIZED[5]                                        ; Stuck at GND due to stuck port clock_enable                                                                                           ;
; IMEM:b2v_inst22|IMEM_low:b2v_inst5|Registers16bit:b2v_inst28|REG_OUTPUT_ALTERA_SYNTHESIZED[5]                                        ; Stuck at GND due to stuck port clock_enable                                                                                           ;
; IMEM:b2v_inst22|IMEM_low:b2v_inst5|Registers16bit:b2v_inst29|REG_OUTPUT_ALTERA_SYNTHESIZED[5]                                        ; Stuck at GND due to stuck port clock_enable                                                                                           ;
; IMEM:b2v_inst22|IMEM_low:b2v_inst5|Registers16bit:b2v_inst30|REG_OUTPUT_ALTERA_SYNTHESIZED[5]                                        ; Stuck at GND due to stuck port clock_enable                                                                                           ;
; IMEM:b2v_inst22|IMEM_low:b2v_inst5|Registers16bit:b2v_inst31|REG_OUTPUT_ALTERA_SYNTHESIZED[5]                                        ; Stuck at GND due to stuck port clock_enable                                                                                           ;
; IMEM:b2v_inst22|IMEM_low:b2v_inst5|Registers16bit:b2v_inst32|REG_OUTPUT_ALTERA_SYNTHESIZED[5]                                        ; Stuck at GND due to stuck port clock_enable                                                                                           ;
; IMEM:b2v_inst22|IMEM_low:b2v_inst5|Registers16bit:b2v_inst33|REG_OUTPUT_ALTERA_SYNTHESIZED[5]                                        ; Stuck at GND due to stuck port clock_enable                                                                                           ;
; IMEM:b2v_inst22|IMEM_low:b2v_inst5|Registers16bit:b2v_inst34|REG_OUTPUT_ALTERA_SYNTHESIZED[5]                                        ; Stuck at GND due to stuck port clock_enable                                                                                           ;
; IMEM:b2v_inst22|IMEM_low:b2v_inst5|Registers16bit:b2v_inst36|REG_OUTPUT_ALTERA_SYNTHESIZED[5]                                        ; Stuck at GND due to stuck port clock_enable                                                                                           ;
; IMEM:b2v_inst22|IMEM_low:b2v_inst5|Registers16bit:b2v_inst38|REG_OUTPUT_ALTERA_SYNTHESIZED[5]                                        ; Stuck at GND due to stuck port clock_enable                                                                                           ;
; IMEM:b2v_inst22|IMEM_high:b2v_inst1|Registers16bit:b2v_inst22|REG_OUTPUT_ALTERA_SYNTHESIZED[5]                                       ; Stuck at GND due to stuck port clock_enable                                                                                           ;
; IMEM:b2v_inst22|IMEM_high:b2v_inst1|Registers16bit:b2v_inst23|REG_OUTPUT_ALTERA_SYNTHESIZED[5]                                       ; Stuck at GND due to stuck port clock_enable                                                                                           ;
; IMEM:b2v_inst22|IMEM_high:b2v_inst1|Registers16bit:b2v_inst24|REG_OUTPUT_ALTERA_SYNTHESIZED[5]                                       ; Stuck at GND due to stuck port clock_enable                                                                                           ;
; IMEM:b2v_inst22|IMEM_high:b2v_inst1|Registers16bit:b2v_inst25|REG_OUTPUT_ALTERA_SYNTHESIZED[5]                                       ; Stuck at GND due to stuck port clock_enable                                                                                           ;
; IMEM:b2v_inst22|IMEM_high:b2v_inst1|Registers16bit:b2v_inst26|REG_OUTPUT_ALTERA_SYNTHESIZED[5]                                       ; Stuck at GND due to stuck port clock_enable                                                                                           ;
; IMEM:b2v_inst22|IMEM_high:b2v_inst1|Registers16bit:b2v_inst27|REG_OUTPUT_ALTERA_SYNTHESIZED[5]                                       ; Stuck at GND due to stuck port clock_enable                                                                                           ;
; IMEM:b2v_inst22|IMEM_high:b2v_inst1|Registers16bit:b2v_inst28|REG_OUTPUT_ALTERA_SYNTHESIZED[5]                                       ; Stuck at GND due to stuck port clock_enable                                                                                           ;
; IMEM:b2v_inst22|IMEM_high:b2v_inst1|Registers16bit:b2v_inst29|REG_OUTPUT_ALTERA_SYNTHESIZED[5]                                       ; Stuck at GND due to stuck port clock_enable                                                                                           ;
; IMEM:b2v_inst22|IMEM_high:b2v_inst1|Registers16bit:b2v_inst30|REG_OUTPUT_ALTERA_SYNTHESIZED[5]                                       ; Stuck at GND due to stuck port clock_enable                                                                                           ;
; IMEM:b2v_inst22|IMEM_high:b2v_inst1|Registers16bit:b2v_inst31|REG_OUTPUT_ALTERA_SYNTHESIZED[5]                                       ; Stuck at GND due to stuck port clock_enable                                                                                           ;
; IMEM:b2v_inst22|IMEM_high:b2v_inst1|Registers16bit:b2v_inst32|REG_OUTPUT_ALTERA_SYNTHESIZED[5]                                       ; Stuck at GND due to stuck port clock_enable                                                                                           ;
; IMEM:b2v_inst22|IMEM_high:b2v_inst1|Registers16bit:b2v_inst33|REG_OUTPUT_ALTERA_SYNTHESIZED[5]                                       ; Stuck at GND due to stuck port clock_enable                                                                                           ;
; IMEM:b2v_inst22|IMEM_high:b2v_inst1|Registers16bit:b2v_inst34|REG_OUTPUT_ALTERA_SYNTHESIZED[5]                                       ; Stuck at GND due to stuck port clock_enable                                                                                           ;
; IMEM:b2v_inst22|IMEM_high:b2v_inst1|Registers16bit:b2v_inst36|REG_OUTPUT_ALTERA_SYNTHESIZED[5]                                       ; Stuck at GND due to stuck port clock_enable                                                                                           ;
; IMEM:b2v_inst22|IMEM_high:b2v_inst1|Registers16bit:b2v_inst38|REG_OUTPUT_ALTERA_SYNTHESIZED[5]                                       ; Stuck at GND due to stuck port clock_enable                                                                                           ;
; IMEM:b2v_inst22|IMEM_high:b2v_inst1|Registers16bit:b2v_inst41|REG_OUTPUT_ALTERA_SYNTHESIZED[5]                                       ; Stuck at GND due to stuck port clock_enable                                                                                           ;
; IMEM:b2v_inst22|IMEM_low:b2v_inst5|Registers16bit:b2v_inst21|REG_OUTPUT_ALTERA_SYNTHESIZED[6]                                        ; Stuck at GND due to stuck port clock_enable                                                                                           ;
; IMEM:b2v_inst22|IMEM_low:b2v_inst5|Registers16bit:b2v_inst22|REG_OUTPUT_ALTERA_SYNTHESIZED[6]                                        ; Stuck at GND due to stuck port clock_enable                                                                                           ;
; IMEM:b2v_inst22|IMEM_low:b2v_inst5|Registers16bit:b2v_inst23|REG_OUTPUT_ALTERA_SYNTHESIZED[6]                                        ; Stuck at GND due to stuck port clock_enable                                                                                           ;
; IMEM:b2v_inst22|IMEM_low:b2v_inst5|Registers16bit:b2v_inst24|REG_OUTPUT_ALTERA_SYNTHESIZED[6]                                        ; Stuck at GND due to stuck port clock_enable                                                                                           ;
; IMEM:b2v_inst22|IMEM_low:b2v_inst5|Registers16bit:b2v_inst25|REG_OUTPUT_ALTERA_SYNTHESIZED[6]                                        ; Stuck at GND due to stuck port clock_enable                                                                                           ;
; IMEM:b2v_inst22|IMEM_low:b2v_inst5|Registers16bit:b2v_inst26|REG_OUTPUT_ALTERA_SYNTHESIZED[6]                                        ; Stuck at GND due to stuck port clock_enable                                                                                           ;
; IMEM:b2v_inst22|IMEM_low:b2v_inst5|Registers16bit:b2v_inst27|REG_OUTPUT_ALTERA_SYNTHESIZED[6]                                        ; Stuck at GND due to stuck port clock_enable                                                                                           ;
; IMEM:b2v_inst22|IMEM_low:b2v_inst5|Registers16bit:b2v_inst28|REG_OUTPUT_ALTERA_SYNTHESIZED[6]                                        ; Stuck at GND due to stuck port clock_enable                                                                                           ;
; IMEM:b2v_inst22|IMEM_low:b2v_inst5|Registers16bit:b2v_inst29|REG_OUTPUT_ALTERA_SYNTHESIZED[6]                                        ; Stuck at GND due to stuck port clock_enable                                                                                           ;
; IMEM:b2v_inst22|IMEM_low:b2v_inst5|Registers16bit:b2v_inst30|REG_OUTPUT_ALTERA_SYNTHESIZED[6]                                        ; Stuck at GND due to stuck port clock_enable                                                                                           ;
; IMEM:b2v_inst22|IMEM_low:b2v_inst5|Registers16bit:b2v_inst31|REG_OUTPUT_ALTERA_SYNTHESIZED[6]                                        ; Stuck at GND due to stuck port clock_enable                                                                                           ;
; IMEM:b2v_inst22|IMEM_low:b2v_inst5|Registers16bit:b2v_inst32|REG_OUTPUT_ALTERA_SYNTHESIZED[6]                                        ; Stuck at GND due to stuck port clock_enable                                                                                           ;
; IMEM:b2v_inst22|IMEM_low:b2v_inst5|Registers16bit:b2v_inst33|REG_OUTPUT_ALTERA_SYNTHESIZED[6]                                        ; Stuck at GND due to stuck port clock_enable                                                                                           ;
; IMEM:b2v_inst22|IMEM_low:b2v_inst5|Registers16bit:b2v_inst34|REG_OUTPUT_ALTERA_SYNTHESIZED[6]                                        ; Stuck at GND due to stuck port clock_enable                                                                                           ;
; IMEM:b2v_inst22|IMEM_low:b2v_inst5|Registers16bit:b2v_inst36|REG_OUTPUT_ALTERA_SYNTHESIZED[6]                                        ; Stuck at GND due to stuck port clock_enable                                                                                           ;
; IMEM:b2v_inst22|IMEM_low:b2v_inst5|Registers16bit:b2v_inst38|REG_OUTPUT_ALTERA_SYNTHESIZED[6]                                        ; Stuck at GND due to stuck port clock_enable                                                                                           ;
; IMEM:b2v_inst22|IMEM_high:b2v_inst1|Registers16bit:b2v_inst22|REG_OUTPUT_ALTERA_SYNTHESIZED[6]                                       ; Stuck at GND due to stuck port clock_enable                                                                                           ;
; IMEM:b2v_inst22|IMEM_high:b2v_inst1|Registers16bit:b2v_inst23|REG_OUTPUT_ALTERA_SYNTHESIZED[6]                                       ; Stuck at GND due to stuck port clock_enable                                                                                           ;
; IMEM:b2v_inst22|IMEM_high:b2v_inst1|Registers16bit:b2v_inst24|REG_OUTPUT_ALTERA_SYNTHESIZED[6]                                       ; Stuck at GND due to stuck port clock_enable                                                                                           ;
; IMEM:b2v_inst22|IMEM_high:b2v_inst1|Registers16bit:b2v_inst25|REG_OUTPUT_ALTERA_SYNTHESIZED[6]                                       ; Stuck at GND due to stuck port clock_enable                                                                                           ;
; IMEM:b2v_inst22|IMEM_high:b2v_inst1|Registers16bit:b2v_inst26|REG_OUTPUT_ALTERA_SYNTHESIZED[6]                                       ; Stuck at GND due to stuck port clock_enable                                                                                           ;
; IMEM:b2v_inst22|IMEM_high:b2v_inst1|Registers16bit:b2v_inst27|REG_OUTPUT_ALTERA_SYNTHESIZED[6]                                       ; Stuck at GND due to stuck port clock_enable                                                                                           ;
; IMEM:b2v_inst22|IMEM_high:b2v_inst1|Registers16bit:b2v_inst28|REG_OUTPUT_ALTERA_SYNTHESIZED[6]                                       ; Stuck at GND due to stuck port clock_enable                                                                                           ;
; IMEM:b2v_inst22|IMEM_high:b2v_inst1|Registers16bit:b2v_inst29|REG_OUTPUT_ALTERA_SYNTHESIZED[6]                                       ; Stuck at GND due to stuck port clock_enable                                                                                           ;
; IMEM:b2v_inst22|IMEM_high:b2v_inst1|Registers16bit:b2v_inst30|REG_OUTPUT_ALTERA_SYNTHESIZED[6]                                       ; Stuck at GND due to stuck port clock_enable                                                                                           ;
; IMEM:b2v_inst22|IMEM_high:b2v_inst1|Registers16bit:b2v_inst31|REG_OUTPUT_ALTERA_SYNTHESIZED[6]                                       ; Stuck at GND due to stuck port clock_enable                                                                                           ;
; IMEM:b2v_inst22|IMEM_high:b2v_inst1|Registers16bit:b2v_inst32|REG_OUTPUT_ALTERA_SYNTHESIZED[6]                                       ; Stuck at GND due to stuck port clock_enable                                                                                           ;
; IMEM:b2v_inst22|IMEM_high:b2v_inst1|Registers16bit:b2v_inst33|REG_OUTPUT_ALTERA_SYNTHESIZED[6]                                       ; Stuck at GND due to stuck port clock_enable                                                                                           ;
; IMEM:b2v_inst22|IMEM_high:b2v_inst1|Registers16bit:b2v_inst34|REG_OUTPUT_ALTERA_SYNTHESIZED[6]                                       ; Stuck at GND due to stuck port clock_enable                                                                                           ;
; IMEM:b2v_inst22|IMEM_high:b2v_inst1|Registers16bit:b2v_inst36|REG_OUTPUT_ALTERA_SYNTHESIZED[6]                                       ; Stuck at GND due to stuck port clock_enable                                                                                           ;
; IMEM:b2v_inst22|IMEM_high:b2v_inst1|Registers16bit:b2v_inst38|REG_OUTPUT_ALTERA_SYNTHESIZED[6]                                       ; Stuck at GND due to stuck port clock_enable                                                                                           ;
; IMEM:b2v_inst22|IMEM_high:b2v_inst1|Registers16bit:b2v_inst41|REG_OUTPUT_ALTERA_SYNTHESIZED[6]                                       ; Stuck at GND due to stuck port clock_enable                                                                                           ;
; IMEM:b2v_inst22|IMEM_low:b2v_inst5|Registers16bit:b2v_inst21|REG_OUTPUT_ALTERA_SYNTHESIZED[7]                                        ; Stuck at GND due to stuck port clock_enable                                                                                           ;
; IMEM:b2v_inst22|IMEM_low:b2v_inst5|Registers16bit:b2v_inst22|REG_OUTPUT_ALTERA_SYNTHESIZED[7]                                        ; Stuck at GND due to stuck port clock_enable                                                                                           ;
; IMEM:b2v_inst22|IMEM_low:b2v_inst5|Registers16bit:b2v_inst23|REG_OUTPUT_ALTERA_SYNTHESIZED[7]                                        ; Stuck at GND due to stuck port clock_enable                                                                                           ;
; IMEM:b2v_inst22|IMEM_low:b2v_inst5|Registers16bit:b2v_inst24|REG_OUTPUT_ALTERA_SYNTHESIZED[7]                                        ; Stuck at GND due to stuck port clock_enable                                                                                           ;
; IMEM:b2v_inst22|IMEM_low:b2v_inst5|Registers16bit:b2v_inst25|REG_OUTPUT_ALTERA_SYNTHESIZED[7]                                        ; Stuck at GND due to stuck port clock_enable                                                                                           ;
; IMEM:b2v_inst22|IMEM_low:b2v_inst5|Registers16bit:b2v_inst26|REG_OUTPUT_ALTERA_SYNTHESIZED[7]                                        ; Stuck at GND due to stuck port clock_enable                                                                                           ;
; IMEM:b2v_inst22|IMEM_low:b2v_inst5|Registers16bit:b2v_inst27|REG_OUTPUT_ALTERA_SYNTHESIZED[7]                                        ; Stuck at GND due to stuck port clock_enable                                                                                           ;
; IMEM:b2v_inst22|IMEM_low:b2v_inst5|Registers16bit:b2v_inst28|REG_OUTPUT_ALTERA_SYNTHESIZED[7]                                        ; Stuck at GND due to stuck port clock_enable                                                                                           ;
; IMEM:b2v_inst22|IMEM_low:b2v_inst5|Registers16bit:b2v_inst29|REG_OUTPUT_ALTERA_SYNTHESIZED[7]                                        ; Stuck at GND due to stuck port clock_enable                                                                                           ;
; IMEM:b2v_inst22|IMEM_low:b2v_inst5|Registers16bit:b2v_inst30|REG_OUTPUT_ALTERA_SYNTHESIZED[7]                                        ; Stuck at GND due to stuck port clock_enable                                                                                           ;
; IMEM:b2v_inst22|IMEM_low:b2v_inst5|Registers16bit:b2v_inst31|REG_OUTPUT_ALTERA_SYNTHESIZED[7]                                        ; Stuck at GND due to stuck port clock_enable                                                                                           ;
; IMEM:b2v_inst22|IMEM_low:b2v_inst5|Registers16bit:b2v_inst32|REG_OUTPUT_ALTERA_SYNTHESIZED[7]                                        ; Stuck at GND due to stuck port clock_enable                                                                                           ;
; IMEM:b2v_inst22|IMEM_low:b2v_inst5|Registers16bit:b2v_inst33|REG_OUTPUT_ALTERA_SYNTHESIZED[7]                                        ; Stuck at GND due to stuck port clock_enable                                                                                           ;
; IMEM:b2v_inst22|IMEM_low:b2v_inst5|Registers16bit:b2v_inst34|REG_OUTPUT_ALTERA_SYNTHESIZED[7]                                        ; Stuck at GND due to stuck port clock_enable                                                                                           ;
; IMEM:b2v_inst22|IMEM_low:b2v_inst5|Registers16bit:b2v_inst36|REG_OUTPUT_ALTERA_SYNTHESIZED[7]                                        ; Stuck at GND due to stuck port clock_enable                                                                                           ;
; IMEM:b2v_inst22|IMEM_low:b2v_inst5|Registers16bit:b2v_inst38|REG_OUTPUT_ALTERA_SYNTHESIZED[7]                                        ; Stuck at GND due to stuck port clock_enable                                                                                           ;
; IMEM:b2v_inst22|IMEM_high:b2v_inst1|Registers16bit:b2v_inst22|REG_OUTPUT_ALTERA_SYNTHESIZED[7]                                       ; Stuck at GND due to stuck port clock_enable                                                                                           ;
; IMEM:b2v_inst22|IMEM_high:b2v_inst1|Registers16bit:b2v_inst23|REG_OUTPUT_ALTERA_SYNTHESIZED[7]                                       ; Stuck at GND due to stuck port clock_enable                                                                                           ;
; IMEM:b2v_inst22|IMEM_high:b2v_inst1|Registers16bit:b2v_inst24|REG_OUTPUT_ALTERA_SYNTHESIZED[7]                                       ; Stuck at GND due to stuck port clock_enable                                                                                           ;
; IMEM:b2v_inst22|IMEM_high:b2v_inst1|Registers16bit:b2v_inst25|REG_OUTPUT_ALTERA_SYNTHESIZED[7]                                       ; Stuck at GND due to stuck port clock_enable                                                                                           ;
; IMEM:b2v_inst22|IMEM_high:b2v_inst1|Registers16bit:b2v_inst26|REG_OUTPUT_ALTERA_SYNTHESIZED[7]                                       ; Stuck at GND due to stuck port clock_enable                                                                                           ;
; IMEM:b2v_inst22|IMEM_high:b2v_inst1|Registers16bit:b2v_inst27|REG_OUTPUT_ALTERA_SYNTHESIZED[7]                                       ; Stuck at GND due to stuck port clock_enable                                                                                           ;
; IMEM:b2v_inst22|IMEM_high:b2v_inst1|Registers16bit:b2v_inst28|REG_OUTPUT_ALTERA_SYNTHESIZED[7]                                       ; Stuck at GND due to stuck port clock_enable                                                                                           ;
; IMEM:b2v_inst22|IMEM_high:b2v_inst1|Registers16bit:b2v_inst29|REG_OUTPUT_ALTERA_SYNTHESIZED[7]                                       ; Stuck at GND due to stuck port clock_enable                                                                                           ;
; IMEM:b2v_inst22|IMEM_high:b2v_inst1|Registers16bit:b2v_inst30|REG_OUTPUT_ALTERA_SYNTHESIZED[7]                                       ; Stuck at GND due to stuck port clock_enable                                                                                           ;
; IMEM:b2v_inst22|IMEM_high:b2v_inst1|Registers16bit:b2v_inst31|REG_OUTPUT_ALTERA_SYNTHESIZED[7]                                       ; Stuck at GND due to stuck port clock_enable                                                                                           ;
; IMEM:b2v_inst22|IMEM_high:b2v_inst1|Registers16bit:b2v_inst32|REG_OUTPUT_ALTERA_SYNTHESIZED[7]                                       ; Stuck at GND due to stuck port clock_enable                                                                                           ;
; IMEM:b2v_inst22|IMEM_high:b2v_inst1|Registers16bit:b2v_inst33|REG_OUTPUT_ALTERA_SYNTHESIZED[7]                                       ; Stuck at GND due to stuck port clock_enable                                                                                           ;
; IMEM:b2v_inst22|IMEM_high:b2v_inst1|Registers16bit:b2v_inst34|REG_OUTPUT_ALTERA_SYNTHESIZED[7]                                       ; Stuck at GND due to stuck port clock_enable                                                                                           ;
; IMEM:b2v_inst22|IMEM_high:b2v_inst1|Registers16bit:b2v_inst36|REG_OUTPUT_ALTERA_SYNTHESIZED[7]                                       ; Stuck at GND due to stuck port clock_enable                                                                                           ;
; IMEM:b2v_inst22|IMEM_high:b2v_inst1|Registers16bit:b2v_inst38|REG_OUTPUT_ALTERA_SYNTHESIZED[7]                                       ; Stuck at GND due to stuck port clock_enable                                                                                           ;
; IMEM:b2v_inst22|IMEM_high:b2v_inst1|Registers16bit:b2v_inst41|REG_OUTPUT_ALTERA_SYNTHESIZED[7]                                       ; Stuck at GND due to stuck port clock_enable                                                                                           ;
; DMEM:b2v_inst8|Registers8bit:b2v_inst|REG_OUTPUT_ALTERA_SYNTHESIZED[7]                                                               ; Stuck at GND due to stuck port clock_enable                                                                                           ;
; DMEM:b2v_inst8|Registers8bit:b2v_inst1|REG_OUTPUT_ALTERA_SYNTHESIZED[7]                                                              ; Stuck at GND due to stuck port clock_enable                                                                                           ;
; DMEM:b2v_inst8|Registers8bit:b2v_inst2|REG_OUTPUT_ALTERA_SYNTHESIZED[7]                                                              ; Stuck at GND due to stuck port clock_enable                                                                                           ;
; DMEM:b2v_inst8|Registers8bit:b2v_inst3|REG_OUTPUT_ALTERA_SYNTHESIZED[7]                                                              ; Stuck at GND due to stuck port clock_enable                                                                                           ;
; DMEM:b2v_inst8|Registers8bit:b2v_inst4|REG_OUTPUT_ALTERA_SYNTHESIZED[7]                                                              ; Stuck at GND due to stuck port clock_enable                                                                                           ;
; DMEM:b2v_inst8|Registers8bit:b2v_inst6|REG_OUTPUT_ALTERA_SYNTHESIZED[7]                                                              ; Stuck at GND due to stuck port clock_enable                                                                                           ;
; DMEM:b2v_inst8|Registers8bit:b2v_inst7|REG_OUTPUT_ALTERA_SYNTHESIZED[7]                                                              ; Stuck at GND due to stuck port clock_enable                                                                                           ;
; DMEM:b2v_inst8|Registers8bit:b2v_inst8|REG_OUTPUT_ALTERA_SYNTHESIZED[7]                                                              ; Stuck at GND due to stuck port clock_enable                                                                                           ;
; DMEM:b2v_inst8|Registers8bit:b2v_inst10|REG_OUTPUT_ALTERA_SYNTHESIZED[0]                                                             ; Lost fanout                                                                                                                           ;
; DMEM:b2v_inst8|Registers8bit:b2v_inst11|REG_OUTPUT_ALTERA_SYNTHESIZED[0]                                                             ; Lost fanout                                                                                                                           ;
; DMEM:b2v_inst8|Registers8bit:b2v_inst12|REG_OUTPUT_ALTERA_SYNTHESIZED[0]                                                             ; Lost fanout                                                                                                                           ;
; DMEM:b2v_inst8|Registers8bit:b2v_inst13|REG_OUTPUT_ALTERA_SYNTHESIZED[0]                                                             ; Lost fanout                                                                                                                           ;
; DMEM:b2v_inst8|Registers8bit:b2v_inst14|REG_OUTPUT_ALTERA_SYNTHESIZED[0]                                                             ; Lost fanout                                                                                                                           ;
; DMEM:b2v_inst8|Registers8bit:b2v_inst15|REG_OUTPUT_ALTERA_SYNTHESIZED[0]                                                             ; Lost fanout                                                                                                                           ;
; DMEM:b2v_inst8|Registers8bit:b2v_inst16|REG_OUTPUT_ALTERA_SYNTHESIZED[0]                                                             ; Lost fanout                                                                                                                           ;
; DMEM:b2v_inst8|Registers8bit:b2v_inst17|REG_OUTPUT_ALTERA_SYNTHESIZED[0]                                                             ; Lost fanout                                                                                                                           ;
; DMEM:b2v_inst8|Registers8bit:b2v_inst10|REG_OUTPUT_ALTERA_SYNTHESIZED[1]                                                             ; Lost fanout                                                                                                                           ;
; DMEM:b2v_inst8|Registers8bit:b2v_inst11|REG_OUTPUT_ALTERA_SYNTHESIZED[1]                                                             ; Lost fanout                                                                                                                           ;
; DMEM:b2v_inst8|Registers8bit:b2v_inst12|REG_OUTPUT_ALTERA_SYNTHESIZED[1]                                                             ; Lost fanout                                                                                                                           ;
; DMEM:b2v_inst8|Registers8bit:b2v_inst13|REG_OUTPUT_ALTERA_SYNTHESIZED[1]                                                             ; Lost fanout                                                                                                                           ;
; DMEM:b2v_inst8|Registers8bit:b2v_inst14|REG_OUTPUT_ALTERA_SYNTHESIZED[1]                                                             ; Lost fanout                                                                                                                           ;
; DMEM:b2v_inst8|Registers8bit:b2v_inst15|REG_OUTPUT_ALTERA_SYNTHESIZED[1]                                                             ; Lost fanout                                                                                                                           ;
; DMEM:b2v_inst8|Registers8bit:b2v_inst16|REG_OUTPUT_ALTERA_SYNTHESIZED[1]                                                             ; Lost fanout                                                                                                                           ;
; DMEM:b2v_inst8|Registers8bit:b2v_inst17|REG_OUTPUT_ALTERA_SYNTHESIZED[1]                                                             ; Lost fanout                                                                                                                           ;
; DMEM:b2v_inst8|Registers8bit:b2v_inst10|REG_OUTPUT_ALTERA_SYNTHESIZED[2]                                                             ; Lost fanout                                                                                                                           ;
; DMEM:b2v_inst8|Registers8bit:b2v_inst11|REG_OUTPUT_ALTERA_SYNTHESIZED[2]                                                             ; Lost fanout                                                                                                                           ;
; DMEM:b2v_inst8|Registers8bit:b2v_inst12|REG_OUTPUT_ALTERA_SYNTHESIZED[2]                                                             ; Lost fanout                                                                                                                           ;
; DMEM:b2v_inst8|Registers8bit:b2v_inst13|REG_OUTPUT_ALTERA_SYNTHESIZED[2]                                                             ; Lost fanout                                                                                                                           ;
; DMEM:b2v_inst8|Registers8bit:b2v_inst14|REG_OUTPUT_ALTERA_SYNTHESIZED[2]                                                             ; Lost fanout                                                                                                                           ;
; DMEM:b2v_inst8|Registers8bit:b2v_inst15|REG_OUTPUT_ALTERA_SYNTHESIZED[2]                                                             ; Lost fanout                                                                                                                           ;
; DMEM:b2v_inst8|Registers8bit:b2v_inst16|REG_OUTPUT_ALTERA_SYNTHESIZED[2]                                                             ; Lost fanout                                                                                                                           ;
; DMEM:b2v_inst8|Registers8bit:b2v_inst17|REG_OUTPUT_ALTERA_SYNTHESIZED[2]                                                             ; Lost fanout                                                                                                                           ;
; DMEM:b2v_inst8|Registers8bit:b2v_inst10|REG_OUTPUT_ALTERA_SYNTHESIZED[3]                                                             ; Lost fanout                                                                                                                           ;
; DMEM:b2v_inst8|Registers8bit:b2v_inst11|REG_OUTPUT_ALTERA_SYNTHESIZED[3]                                                             ; Lost fanout                                                                                                                           ;
; DMEM:b2v_inst8|Registers8bit:b2v_inst12|REG_OUTPUT_ALTERA_SYNTHESIZED[3]                                                             ; Lost fanout                                                                                                                           ;
; DMEM:b2v_inst8|Registers8bit:b2v_inst13|REG_OUTPUT_ALTERA_SYNTHESIZED[3]                                                             ; Lost fanout                                                                                                                           ;
; DMEM:b2v_inst8|Registers8bit:b2v_inst14|REG_OUTPUT_ALTERA_SYNTHESIZED[3]                                                             ; Lost fanout                                                                                                                           ;
; DMEM:b2v_inst8|Registers8bit:b2v_inst15|REG_OUTPUT_ALTERA_SYNTHESIZED[3]                                                             ; Lost fanout                                                                                                                           ;
; DMEM:b2v_inst8|Registers8bit:b2v_inst16|REG_OUTPUT_ALTERA_SYNTHESIZED[3]                                                             ; Lost fanout                                                                                                                           ;
; DMEM:b2v_inst8|Registers8bit:b2v_inst17|REG_OUTPUT_ALTERA_SYNTHESIZED[3]                                                             ; Lost fanout                                                                                                                           ;
; DMEM:b2v_inst8|Registers8bit:b2v_inst10|REG_OUTPUT_ALTERA_SYNTHESIZED[4]                                                             ; Lost fanout                                                                                                                           ;
; DMEM:b2v_inst8|Registers8bit:b2v_inst11|REG_OUTPUT_ALTERA_SYNTHESIZED[4]                                                             ; Lost fanout                                                                                                                           ;
; DMEM:b2v_inst8|Registers8bit:b2v_inst12|REG_OUTPUT_ALTERA_SYNTHESIZED[4]                                                             ; Lost fanout                                                                                                                           ;
; DMEM:b2v_inst8|Registers8bit:b2v_inst13|REG_OUTPUT_ALTERA_SYNTHESIZED[4]                                                             ; Lost fanout                                                                                                                           ;
; DMEM:b2v_inst8|Registers8bit:b2v_inst14|REG_OUTPUT_ALTERA_SYNTHESIZED[4]                                                             ; Lost fanout                                                                                                                           ;
; DMEM:b2v_inst8|Registers8bit:b2v_inst15|REG_OUTPUT_ALTERA_SYNTHESIZED[4]                                                             ; Lost fanout                                                                                                                           ;
; DMEM:b2v_inst8|Registers8bit:b2v_inst16|REG_OUTPUT_ALTERA_SYNTHESIZED[4]                                                             ; Lost fanout                                                                                                                           ;
; DMEM:b2v_inst8|Registers8bit:b2v_inst17|REG_OUTPUT_ALTERA_SYNTHESIZED[4]                                                             ; Lost fanout                                                                                                                           ;
; DMEM:b2v_inst8|Registers8bit:b2v_inst10|REG_OUTPUT_ALTERA_SYNTHESIZED[6]                                                             ; Lost fanout                                                                                                                           ;
; DMEM:b2v_inst8|Registers8bit:b2v_inst11|REG_OUTPUT_ALTERA_SYNTHESIZED[6]                                                             ; Lost fanout                                                                                                                           ;
; DMEM:b2v_inst8|Registers8bit:b2v_inst12|REG_OUTPUT_ALTERA_SYNTHESIZED[6]                                                             ; Lost fanout                                                                                                                           ;
; DMEM:b2v_inst8|Registers8bit:b2v_inst13|REG_OUTPUT_ALTERA_SYNTHESIZED[6]                                                             ; Lost fanout                                                                                                                           ;
; DMEM:b2v_inst8|Registers8bit:b2v_inst14|REG_OUTPUT_ALTERA_SYNTHESIZED[6]                                                             ; Lost fanout                                                                                                                           ;
; DMEM:b2v_inst8|Registers8bit:b2v_inst15|REG_OUTPUT_ALTERA_SYNTHESIZED[6]                                                             ; Lost fanout                                                                                                                           ;
; DMEM:b2v_inst8|Registers8bit:b2v_inst16|REG_OUTPUT_ALTERA_SYNTHESIZED[6]                                                             ; Lost fanout                                                                                                                           ;
; DMEM:b2v_inst8|Registers8bit:b2v_inst17|REG_OUTPUT_ALTERA_SYNTHESIZED[6]                                                             ; Lost fanout                                                                                                                           ;
; DMEM:b2v_inst8|Registers8bit:b2v_inst10|REG_OUTPUT_ALTERA_SYNTHESIZED[5]                                                             ; Lost fanout                                                                                                                           ;
; DMEM:b2v_inst8|Registers8bit:b2v_inst11|REG_OUTPUT_ALTERA_SYNTHESIZED[5]                                                             ; Lost fanout                                                                                                                           ;
; DMEM:b2v_inst8|Registers8bit:b2v_inst12|REG_OUTPUT_ALTERA_SYNTHESIZED[5]                                                             ; Lost fanout                                                                                                                           ;
; DMEM:b2v_inst8|Registers8bit:b2v_inst13|REG_OUTPUT_ALTERA_SYNTHESIZED[5]                                                             ; Lost fanout                                                                                                                           ;
; DMEM:b2v_inst8|Registers8bit:b2v_inst14|REG_OUTPUT_ALTERA_SYNTHESIZED[5]                                                             ; Lost fanout                                                                                                                           ;
; DMEM:b2v_inst8|Registers8bit:b2v_inst15|REG_OUTPUT_ALTERA_SYNTHESIZED[5]                                                             ; Lost fanout                                                                                                                           ;
; DMEM:b2v_inst8|Registers8bit:b2v_inst16|REG_OUTPUT_ALTERA_SYNTHESIZED[5]                                                             ; Lost fanout                                                                                                                           ;
; DMEM:b2v_inst8|Registers8bit:b2v_inst17|REG_OUTPUT_ALTERA_SYNTHESIZED[5]                                                             ; Lost fanout                                                                                                                           ;
; DMEM:b2v_inst8|Registers8bit:b2v_inst10|REG_OUTPUT_ALTERA_SYNTHESIZED[7]                                                             ; Lost fanout                                                                                                                           ;
; DMEM:b2v_inst8|Registers8bit:b2v_inst11|REG_OUTPUT_ALTERA_SYNTHESIZED[7]                                                             ; Lost fanout                                                                                                                           ;
; DMEM:b2v_inst8|Registers8bit:b2v_inst12|REG_OUTPUT_ALTERA_SYNTHESIZED[7]                                                             ; Lost fanout                                                                                                                           ;
; DMEM:b2v_inst8|Registers8bit:b2v_inst13|REG_OUTPUT_ALTERA_SYNTHESIZED[7]                                                             ; Lost fanout                                                                                                                           ;
; DMEM:b2v_inst8|Registers8bit:b2v_inst14|REG_OUTPUT_ALTERA_SYNTHESIZED[7]                                                             ; Lost fanout                                                                                                                           ;
; DMEM:b2v_inst8|Registers8bit:b2v_inst15|REG_OUTPUT_ALTERA_SYNTHESIZED[7]                                                             ; Lost fanout                                                                                                                           ;
; DMEM:b2v_inst8|Registers8bit:b2v_inst16|REG_OUTPUT_ALTERA_SYNTHESIZED[7]                                                             ; Lost fanout                                                                                                                           ;
; DMEM:b2v_inst8|Registers8bit:b2v_inst17|REG_OUTPUT_ALTERA_SYNTHESIZED[7]                                                             ; Lost fanout                                                                                                                           ;
; ALU:b2v_inst6|Flag_Registers:b2v_inst1|DFF_Negative                                                                                  ; Stuck at GND due to stuck port clock_enable                                                                                           ;
; ALU:b2v_inst6|Flag_Registers:b2v_inst1|DFF_Zero                                                                                      ; Stuck at GND due to stuck port clock_enable                                                                                           ;
; ALU:b2v_inst6|Flag_Registers:b2v_inst1|DFF_Carry                                                                                     ; Stuck at GND due to stuck port clock_enable                                                                                           ;
; ALU:b2v_inst6|Flag_Registers:b2v_inst1|DFF_OverFlow                                                                                  ; Stuck at GND due to stuck port clock_enable                                                                                           ;
; DMEM:b2v_inst8|Registers8bit:b2v_inst8|REG_OUTPUT_ALTERA_SYNTHESIZED[0]                                                              ; Stuck at GND due to stuck port clock_enable                                                                                           ;
; 4x8BitRegisters:b2v_inst|Registers8bit:b2v_D|REG_OUTPUT_ALTERA_SYNTHESIZED[0]                                                        ; Stuck at GND due to stuck port clock_enable                                                                                           ;
; DMEM:b2v_inst8|Registers8bit:b2v_inst8|REG_OUTPUT_ALTERA_SYNTHESIZED[1]                                                              ; Stuck at GND due to stuck port clock_enable                                                                                           ;
; 4x8BitRegisters:b2v_inst|Registers8bit:b2v_D|REG_OUTPUT_ALTERA_SYNTHESIZED[1]                                                        ; Stuck at GND due to stuck port clock_enable                                                                                           ;
; DMEM:b2v_inst8|Registers8bit:b2v_inst8|REG_OUTPUT_ALTERA_SYNTHESIZED[2]                                                              ; Stuck at GND due to stuck port clock_enable                                                                                           ;
; 4x8BitRegisters:b2v_inst|Registers8bit:b2v_D|REG_OUTPUT_ALTERA_SYNTHESIZED[2]                                                        ; Stuck at GND due to stuck port clock_enable                                                                                           ;
; DMEM:b2v_inst8|Registers8bit:b2v_inst8|REG_OUTPUT_ALTERA_SYNTHESIZED[3]                                                              ; Stuck at GND due to stuck port clock_enable                                                                                           ;
; 4x8BitRegisters:b2v_inst|Registers8bit:b2v_D|REG_OUTPUT_ALTERA_SYNTHESIZED[3]                                                        ; Stuck at GND due to stuck port clock_enable                                                                                           ;
; DMEM:b2v_inst8|Registers8bit:b2v_inst8|REG_OUTPUT_ALTERA_SYNTHESIZED[4..6]                                                           ; Stuck at GND due to stuck port clock_enable                                                                                           ;
; DMEM:b2v_inst8|Registers8bit:b2v_inst7|REG_OUTPUT_ALTERA_SYNTHESIZED[0]                                                              ; Stuck at GND due to stuck port clock_enable                                                                                           ;
; 4x8BitRegisters:b2v_inst|Registers8bit:b2v_C|REG_OUTPUT_ALTERA_SYNTHESIZED[0]                                                        ; Stuck at GND due to stuck port clock_enable                                                                                           ;
; DMEM:b2v_inst8|Registers8bit:b2v_inst7|REG_OUTPUT_ALTERA_SYNTHESIZED[1]                                                              ; Stuck at GND due to stuck port clock_enable                                                                                           ;
; 4x8BitRegisters:b2v_inst|Registers8bit:b2v_C|REG_OUTPUT_ALTERA_SYNTHESIZED[1]                                                        ; Stuck at GND due to stuck port clock_enable                                                                                           ;
; DMEM:b2v_inst8|Registers8bit:b2v_inst7|REG_OUTPUT_ALTERA_SYNTHESIZED[2]                                                              ; Stuck at GND due to stuck port clock_enable                                                                                           ;
; 4x8BitRegisters:b2v_inst|Registers8bit:b2v_C|REG_OUTPUT_ALTERA_SYNTHESIZED[2]                                                        ; Stuck at GND due to stuck port clock_enable                                                                                           ;
; DMEM:b2v_inst8|Registers8bit:b2v_inst7|REG_OUTPUT_ALTERA_SYNTHESIZED[3]                                                              ; Stuck at GND due to stuck port clock_enable                                                                                           ;
; 4x8BitRegisters:b2v_inst|Registers8bit:b2v_C|REG_OUTPUT_ALTERA_SYNTHESIZED[3]                                                        ; Stuck at GND due to stuck port clock_enable                                                                                           ;
; DMEM:b2v_inst8|Registers8bit:b2v_inst7|REG_OUTPUT_ALTERA_SYNTHESIZED[4..6]                                                           ; Stuck at GND due to stuck port clock_enable                                                                                           ;
; DMEM:b2v_inst8|Registers8bit:b2v_inst6|REG_OUTPUT_ALTERA_SYNTHESIZED[0]                                                              ; Stuck at GND due to stuck port clock_enable                                                                                           ;
; 4x8BitRegisters:b2v_inst|Registers8bit:b2v_B|REG_OUTPUT_ALTERA_SYNTHESIZED[0]                                                        ; Stuck at GND due to stuck port clock_enable                                                                                           ;
; DMEM:b2v_inst8|Registers8bit:b2v_inst6|REG_OUTPUT_ALTERA_SYNTHESIZED[1]                                                              ; Stuck at GND due to stuck port clock_enable                                                                                           ;
; 4x8BitRegisters:b2v_inst|Registers8bit:b2v_B|REG_OUTPUT_ALTERA_SYNTHESIZED[1]                                                        ; Stuck at GND due to stuck port clock_enable                                                                                           ;
; DMEM:b2v_inst8|Registers8bit:b2v_inst6|REG_OUTPUT_ALTERA_SYNTHESIZED[2]                                                              ; Stuck at GND due to stuck port clock_enable                                                                                           ;
; 4x8BitRegisters:b2v_inst|Registers8bit:b2v_B|REG_OUTPUT_ALTERA_SYNTHESIZED[2]                                                        ; Stuck at GND due to stuck port clock_enable                                                                                           ;
; DMEM:b2v_inst8|Registers8bit:b2v_inst6|REG_OUTPUT_ALTERA_SYNTHESIZED[3]                                                              ; Stuck at GND due to stuck port clock_enable                                                                                           ;
; 4x8BitRegisters:b2v_inst|Registers8bit:b2v_B|REG_OUTPUT_ALTERA_SYNTHESIZED[3]                                                        ; Stuck at GND due to stuck port clock_enable                                                                                           ;
; DMEM:b2v_inst8|Registers8bit:b2v_inst6|REG_OUTPUT_ALTERA_SYNTHESIZED[4..6]                                                           ; Stuck at GND due to stuck port clock_enable                                                                                           ;
; DMEM:b2v_inst8|Registers8bit:b2v_inst4|REG_OUTPUT_ALTERA_SYNTHESIZED[0]                                                              ; Stuck at GND due to stuck port clock_enable                                                                                           ;
; 4x8BitRegisters:b2v_inst|Registers8bit:b2v_A|REG_OUTPUT_ALTERA_SYNTHESIZED[0]                                                        ; Stuck at GND due to stuck port clock_enable                                                                                           ;
; DMEM:b2v_inst8|Registers8bit:b2v_inst4|REG_OUTPUT_ALTERA_SYNTHESIZED[1]                                                              ; Stuck at GND due to stuck port clock_enable                                                                                           ;
; 4x8BitRegisters:b2v_inst|Registers8bit:b2v_A|REG_OUTPUT_ALTERA_SYNTHESIZED[1]                                                        ; Stuck at GND due to stuck port clock_enable                                                                                           ;
; DMEM:b2v_inst8|Registers8bit:b2v_inst4|REG_OUTPUT_ALTERA_SYNTHESIZED[2]                                                              ; Stuck at GND due to stuck port clock_enable                                                                                           ;
; 4x8BitRegisters:b2v_inst|Registers8bit:b2v_A|REG_OUTPUT_ALTERA_SYNTHESIZED[2]                                                        ; Stuck at GND due to stuck port clock_enable                                                                                           ;
; DMEM:b2v_inst8|Registers8bit:b2v_inst4|REG_OUTPUT_ALTERA_SYNTHESIZED[3]                                                              ; Stuck at GND due to stuck port clock_enable                                                                                           ;
; 4x8BitRegisters:b2v_inst|Registers8bit:b2v_A|REG_OUTPUT_ALTERA_SYNTHESIZED[3]                                                        ; Stuck at GND due to stuck port clock_enable                                                                                           ;
; DMEM:b2v_inst8|Registers8bit:b2v_inst4|REG_OUTPUT_ALTERA_SYNTHESIZED[4..6]                                                           ; Stuck at GND due to stuck port clock_enable                                                                                           ;
; DMEM:b2v_inst8|Registers8bit:b2v_inst3|REG_OUTPUT_ALTERA_SYNTHESIZED[0..6]                                                           ; Stuck at GND due to stuck port clock_enable                                                                                           ;
; DMEM:b2v_inst8|Registers8bit:b2v_inst2|REG_OUTPUT_ALTERA_SYNTHESIZED[0..6]                                                           ; Stuck at GND due to stuck port clock_enable                                                                                           ;
; DMEM:b2v_inst8|Registers8bit:b2v_inst1|REG_OUTPUT_ALTERA_SYNTHESIZED[0..6]                                                           ; Stuck at GND due to stuck port clock_enable                                                                                           ;
; DMEM:b2v_inst8|Registers8bit:b2v_inst|REG_OUTPUT_ALTERA_SYNTHESIZED[0..6]                                                            ; Stuck at GND due to stuck port clock_enable                                                                                           ;
; 4x8BitRegisters:b2v_inst|Registers8bit:b2v_A|REG_OUTPUT_ALTERA_SYNTHESIZED[4]                                                        ; Stuck at GND due to stuck port clock_enable                                                                                           ;
; 4x8BitRegisters:b2v_inst|Registers8bit:b2v_B|REG_OUTPUT_ALTERA_SYNTHESIZED[4]                                                        ; Lost fanout                                                                                                                           ;
; 4x8BitRegisters:b2v_inst|Registers8bit:b2v_C|REG_OUTPUT_ALTERA_SYNTHESIZED[4]                                                        ; Lost fanout                                                                                                                           ;
; 4x8BitRegisters:b2v_inst|Registers8bit:b2v_D|REG_OUTPUT_ALTERA_SYNTHESIZED[4]                                                        ; Lost fanout                                                                                                                           ;
; 4x8BitRegisters:b2v_inst|Registers8bit:b2v_A|REG_OUTPUT_ALTERA_SYNTHESIZED[6]                                                        ; Stuck at GND due to stuck port clock_enable                                                                                           ;
; 4x8BitRegisters:b2v_inst|Registers8bit:b2v_B|REG_OUTPUT_ALTERA_SYNTHESIZED[6]                                                        ; Lost fanout                                                                                                                           ;
; 4x8BitRegisters:b2v_inst|Registers8bit:b2v_C|REG_OUTPUT_ALTERA_SYNTHESIZED[6]                                                        ; Lost fanout                                                                                                                           ;
; 4x8BitRegisters:b2v_inst|Registers8bit:b2v_D|REG_OUTPUT_ALTERA_SYNTHESIZED[6]                                                        ; Lost fanout                                                                                                                           ;
; 4x8BitRegisters:b2v_inst|Registers8bit:b2v_A|REG_OUTPUT_ALTERA_SYNTHESIZED[5]                                                        ; Stuck at GND due to stuck port clock_enable                                                                                           ;
; 4x8BitRegisters:b2v_inst|Registers8bit:b2v_B|REG_OUTPUT_ALTERA_SYNTHESIZED[5]                                                        ; Lost fanout                                                                                                                           ;
; 4x8BitRegisters:b2v_inst|Registers8bit:b2v_C|REG_OUTPUT_ALTERA_SYNTHESIZED[5]                                                        ; Lost fanout                                                                                                                           ;
; 4x8BitRegisters:b2v_inst|Registers8bit:b2v_D|REG_OUTPUT_ALTERA_SYNTHESIZED[5]                                                        ; Lost fanout                                                                                                                           ;
; 4x8BitRegisters:b2v_inst|Registers8bit:b2v_A|REG_OUTPUT_ALTERA_SYNTHESIZED[7]                                                        ; Stuck at GND due to stuck port clock_enable                                                                                           ;
; 4x8BitRegisters:b2v_inst|Registers8bit:b2v_B|REG_OUTPUT_ALTERA_SYNTHESIZED[7]                                                        ; Lost fanout                                                                                                                           ;
; 4x8BitRegisters:b2v_inst|Registers8bit:b2v_C|REG_OUTPUT_ALTERA_SYNTHESIZED[7]                                                        ; Lost fanout                                                                                                                           ;
; 4x8BitRegisters:b2v_inst|Registers8bit:b2v_D|REG_OUTPUT_ALTERA_SYNTHESIZED[7]                                                        ; Lost fanout                                                                                                                           ;
; Total Number of Removed Registers = 1198                                                                                             ;                                                                                                                                       ;
+--------------------------------------------------------------------------------------------------------------------------------------+---------------------------------------------------------------------------------------------------------------------------------------+


+-----------------------------------------------------------------------------------------------------------------------------------------------------------------------+
; Removed Registers Triggering Further Register Optimizations                                                                                                           ;
+---------------+---------------------------+---------------------------------------------------------------------------------------------------------------------------+
; Register name ; Reason for Removal        ; Registers Removed due to This Register                                                                                    ;
+---------------+---------------------------+---------------------------------------------------------------------------------------------------------------------------+
; Reset         ; Stuck at GND              ; DMEM:b2v_inst8|SYNTHESIZED_WIRE_53,                                                                                       ;
;               ; due to stuck port data_in ; IMEM:b2v_inst22|IMEM_low:b2v_inst5|SYNTHESIZED_WIRE_53,                                                                   ;
;               ;                           ; IMEM:b2v_inst22|ReadOnly_16x16_Register_File_High:b2v_inst251|SYNTHESIZED_WIRE_53,                                        ;
;               ;                           ; IMEM:b2v_inst22|ReadOnly_16x16_Register_File_Low:b2v_inst2|SYNTHESIZED_WIRE_53,                                           ;
;               ;                           ; IMEM:b2v_inst22|IMEM_high:b2v_inst1|SYNTHESIZED_WIRE_53,                                                                  ;
;               ;                           ; Clock_dividers:b2v_inst4|Clock_divider_4_16_and_64:b2v_inst4|CLK_OUT64,                                                   ;
;               ;                           ; Clock_dividers:b2v_inst4|Clock_divider_4_16_and_64:b2v_inst4|TFF_inst4,                                                   ;
;               ;                           ; IMEM:b2v_inst22|ReadOnly_16x16_Register_File_High:b2v_inst251|Registers16bit:b2v_inst41|REG_OUTPUT_ALTERA_SYNTHESIZED[7], ;
;               ;                           ; IMEM:b2v_inst22|IMEM_low:b2v_inst5|Registers16bit:b2v_inst21|REG_OUTPUT_ALTERA_SYNTHESIZED[8],                            ;
;               ;                           ; IMEM:b2v_inst22|IMEM_low:b2v_inst5|Registers16bit:b2v_inst22|REG_OUTPUT_ALTERA_SYNTHESIZED[8],                            ;
;               ;                           ; IMEM:b2v_inst22|IMEM_low:b2v_inst5|Registers16bit:b2v_inst23|REG_OUTPUT_ALTERA_SYNTHESIZED[8],                            ;
;               ;                           ; IMEM:b2v_inst22|IMEM_low:b2v_inst5|Registers16bit:b2v_inst24|REG_OUTPUT_ALTERA_SYNTHESIZED[8],                            ;
;               ;                           ; IMEM:b2v_inst22|IMEM_low:b2v_inst5|Registers16bit:b2v_inst25|REG_OUTPUT_ALTERA_SYNTHESIZED[8],                            ;
;               ;                           ; IMEM:b2v_inst22|IMEM_low:b2v_inst5|Registers16bit:b2v_inst26|REG_OUTPUT_ALTERA_SYNTHESIZED[8],                            ;
;               ;                           ; IMEM:b2v_inst22|IMEM_low:b2v_inst5|Registers16bit:b2v_inst27|REG_OUTPUT_ALTERA_SYNTHESIZED[8],                            ;
;               ;                           ; IMEM:b2v_inst22|IMEM_low:b2v_inst5|Registers16bit:b2v_inst28|REG_OUTPUT_ALTERA_SYNTHESIZED[8],                            ;
;               ;                           ; IMEM:b2v_inst22|IMEM_low:b2v_inst5|Registers16bit:b2v_inst29|REG_OUTPUT_ALTERA_SYNTHESIZED[8],                            ;
;               ;                           ; IMEM:b2v_inst22|IMEM_low:b2v_inst5|Registers16bit:b2v_inst30|REG_OUTPUT_ALTERA_SYNTHESIZED[8],                            ;
;               ;                           ; IMEM:b2v_inst22|IMEM_low:b2v_inst5|Registers16bit:b2v_inst31|REG_OUTPUT_ALTERA_SYNTHESIZED[8],                            ;
;               ;                           ; IMEM:b2v_inst22|IMEM_low:b2v_inst5|Registers16bit:b2v_inst32|REG_OUTPUT_ALTERA_SYNTHESIZED[8],                            ;
;               ;                           ; IMEM:b2v_inst22|IMEM_low:b2v_inst5|Registers16bit:b2v_inst33|REG_OUTPUT_ALTERA_SYNTHESIZED[8],                            ;
;               ;                           ; IMEM:b2v_inst22|IMEM_low:b2v_inst5|Registers16bit:b2v_inst34|REG_OUTPUT_ALTERA_SYNTHESIZED[8],                            ;
;               ;                           ; IMEM:b2v_inst22|IMEM_low:b2v_inst5|Registers16bit:b2v_inst36|REG_OUTPUT_ALTERA_SYNTHESIZED[8],                            ;
;               ;                           ; IMEM:b2v_inst22|IMEM_low:b2v_inst5|Registers16bit:b2v_inst38|REG_OUTPUT_ALTERA_SYNTHESIZED[8],                            ;
;               ;                           ; IMEM:b2v_inst22|IMEM_high:b2v_inst1|Registers16bit:b2v_inst22|REG_OUTPUT_ALTERA_SYNTHESIZED[8],                           ;
;               ;                           ; IMEM:b2v_inst22|IMEM_high:b2v_inst1|Registers16bit:b2v_inst23|REG_OUTPUT_ALTERA_SYNTHESIZED[8],                           ;
;               ;                           ; IMEM:b2v_inst22|IMEM_high:b2v_inst1|Registers16bit:b2v_inst24|REG_OUTPUT_ALTERA_SYNTHESIZED[8],                           ;
;               ;                           ; IMEM:b2v_inst22|IMEM_high:b2v_inst1|Registers16bit:b2v_inst25|REG_OUTPUT_ALTERA_SYNTHESIZED[8],                           ;
;               ;                           ; IMEM:b2v_inst22|IMEM_high:b2v_inst1|Registers16bit:b2v_inst26|REG_OUTPUT_ALTERA_SYNTHESIZED[8],                           ;
;               ;                           ; IMEM:b2v_inst22|IMEM_high:b2v_inst1|Registers16bit:b2v_inst27|REG_OUTPUT_ALTERA_SYNTHESIZED[8],                           ;
;               ;                           ; IMEM:b2v_inst22|IMEM_high:b2v_inst1|Registers16bit:b2v_inst28|REG_OUTPUT_ALTERA_SYNTHESIZED[8],                           ;
;               ;                           ; IMEM:b2v_inst22|IMEM_high:b2v_inst1|Registers16bit:b2v_inst29|REG_OUTPUT_ALTERA_SYNTHESIZED[8],                           ;
;               ;                           ; IMEM:b2v_inst22|IMEM_high:b2v_inst1|Registers16bit:b2v_inst30|REG_OUTPUT_ALTERA_SYNTHESIZED[8],                           ;
;               ;                           ; IMEM:b2v_inst22|IMEM_high:b2v_inst1|Registers16bit:b2v_inst31|REG_OUTPUT_ALTERA_SYNTHESIZED[8],                           ;
;               ;                           ; IMEM:b2v_inst22|IMEM_high:b2v_inst1|Registers16bit:b2v_inst32|REG_OUTPUT_ALTERA_SYNTHESIZED[8],                           ;
;               ;                           ; IMEM:b2v_inst22|IMEM_high:b2v_inst1|Registers16bit:b2v_inst33|REG_OUTPUT_ALTERA_SYNTHESIZED[8],                           ;
;               ;                           ; IMEM:b2v_inst22|IMEM_high:b2v_inst1|Registers16bit:b2v_inst34|REG_OUTPUT_ALTERA_SYNTHESIZED[8],                           ;
;               ;                           ; IMEM:b2v_inst22|IMEM_high:b2v_inst1|Registers16bit:b2v_inst36|REG_OUTPUT_ALTERA_SYNTHESIZED[8],                           ;
;               ;                           ; IMEM:b2v_inst22|IMEM_high:b2v_inst1|Registers16bit:b2v_inst38|REG_OUTPUT_ALTERA_SYNTHESIZED[8],                           ;
;               ;                           ; IMEM:b2v_inst22|IMEM_high:b2v_inst1|Registers16bit:b2v_inst41|REG_OUTPUT_ALTERA_SYNTHESIZED[8],                           ;
;               ;                           ; IMEM:b2v_inst22|IMEM_low:b2v_inst5|Registers16bit:b2v_inst21|REG_OUTPUT_ALTERA_SYNTHESIZED[9],                            ;
;               ;                           ; IMEM:b2v_inst22|IMEM_low:b2v_inst5|Registers16bit:b2v_inst22|REG_OUTPUT_ALTERA_SYNTHESIZED[9],                            ;
;               ;                           ; IMEM:b2v_inst22|IMEM_low:b2v_inst5|Registers16bit:b2v_inst23|REG_OUTPUT_ALTERA_SYNTHESIZED[9],                            ;
;               ;                           ; IMEM:b2v_inst22|IMEM_low:b2v_inst5|Registers16bit:b2v_inst24|REG_OUTPUT_ALTERA_SYNTHESIZED[9],                            ;
;               ;                           ; IMEM:b2v_inst22|IMEM_low:b2v_inst5|Registers16bit:b2v_inst25|REG_OUTPUT_ALTERA_SYNTHESIZED[9],                            ;
;               ;                           ; IMEM:b2v_inst22|IMEM_low:b2v_inst5|Registers16bit:b2v_inst26|REG_OUTPUT_ALTERA_SYNTHESIZED[9],                            ;
;               ;                           ; IMEM:b2v_inst22|IMEM_low:b2v_inst5|Registers16bit:b2v_inst27|REG_OUTPUT_ALTERA_SYNTHESIZED[9],                            ;
;               ;                           ; IMEM:b2v_inst22|IMEM_low:b2v_inst5|Registers16bit:b2v_inst28|REG_OUTPUT_ALTERA_SYNTHESIZED[9],                            ;
;               ;                           ; IMEM:b2v_inst22|IMEM_low:b2v_inst5|Registers16bit:b2v_inst29|REG_OUTPUT_ALTERA_SYNTHESIZED[9],                            ;
;               ;                           ; IMEM:b2v_inst22|IMEM_low:b2v_inst5|Registers16bit:b2v_inst30|REG_OUTPUT_ALTERA_SYNTHESIZED[9],                            ;
;               ;                           ; IMEM:b2v_inst22|IMEM_low:b2v_inst5|Registers16bit:b2v_inst31|REG_OUTPUT_ALTERA_SYNTHESIZED[9],                            ;
;               ;                           ; IMEM:b2v_inst22|IMEM_low:b2v_inst5|Registers16bit:b2v_inst32|REG_OUTPUT_ALTERA_SYNTHESIZED[9],                            ;
;               ;                           ; IMEM:b2v_inst22|IMEM_low:b2v_inst5|Registers16bit:b2v_inst33|REG_OUTPUT_ALTERA_SYNTHESIZED[9],                            ;
;               ;                           ; IMEM:b2v_inst22|IMEM_low:b2v_inst5|Registers16bit:b2v_inst34|REG_OUTPUT_ALTERA_SYNTHESIZED[9],                            ;
;               ;                           ; IMEM:b2v_inst22|IMEM_low:b2v_inst5|Registers16bit:b2v_inst36|REG_OUTPUT_ALTERA_SYNTHESIZED[9],                            ;
;               ;                           ; IMEM:b2v_inst22|IMEM_low:b2v_inst5|Registers16bit:b2v_inst38|REG_OUTPUT_ALTERA_SYNTHESIZED[9],                            ;
;               ;                           ; IMEM:b2v_inst22|IMEM_high:b2v_inst1|Registers16bit:b2v_inst22|REG_OUTPUT_ALTERA_SYNTHESIZED[9],                           ;
;               ;                           ; IMEM:b2v_inst22|IMEM_high:b2v_inst1|Registers16bit:b2v_inst23|REG_OUTPUT_ALTERA_SYNTHESIZED[9],                           ;
;               ;                           ; IMEM:b2v_inst22|IMEM_high:b2v_inst1|Registers16bit:b2v_inst24|REG_OUTPUT_ALTERA_SYNTHESIZED[9],                           ;
;               ;                           ; IMEM:b2v_inst22|IMEM_high:b2v_inst1|Registers16bit:b2v_inst25|REG_OUTPUT_ALTERA_SYNTHESIZED[9],                           ;
;               ;                           ; IMEM:b2v_inst22|IMEM_high:b2v_inst1|Registers16bit:b2v_inst26|REG_OUTPUT_ALTERA_SYNTHESIZED[9],                           ;
;               ;                           ; IMEM:b2v_inst22|IMEM_high:b2v_inst1|Registers16bit:b2v_inst27|REG_OUTPUT_ALTERA_SYNTHESIZED[9],                           ;
;               ;                           ; IMEM:b2v_inst22|IMEM_high:b2v_inst1|Registers16bit:b2v_inst28|REG_OUTPUT_ALTERA_SYNTHESIZED[9],                           ;
;               ;                           ; IMEM:b2v_inst22|IMEM_high:b2v_inst1|Registers16bit:b2v_inst29|REG_OUTPUT_ALTERA_SYNTHESIZED[9],                           ;
;               ;                           ; IMEM:b2v_inst22|IMEM_high:b2v_inst1|Registers16bit:b2v_inst30|REG_OUTPUT_ALTERA_SYNTHESIZED[9],                           ;
;               ;                           ; IMEM:b2v_inst22|IMEM_high:b2v_inst1|Registers16bit:b2v_inst31|REG_OUTPUT_ALTERA_SYNTHESIZED[9],                           ;
;               ;                           ; IMEM:b2v_inst22|IMEM_high:b2v_inst1|Registers16bit:b2v_inst32|REG_OUTPUT_ALTERA_SYNTHESIZED[9],                           ;
;               ;                           ; IMEM:b2v_inst22|IMEM_high:b2v_inst1|Registers16bit:b2v_inst33|REG_OUTPUT_ALTERA_SYNTHESIZED[9],                           ;
;               ;                           ; IMEM:b2v_inst22|IMEM_high:b2v_inst1|Registers16bit:b2v_inst34|REG_OUTPUT_ALTERA_SYNTHESIZED[9],                           ;
;               ;                           ; IMEM:b2v_inst22|IMEM_high:b2v_inst1|Registers16bit:b2v_inst36|REG_OUTPUT_ALTERA_SYNTHESIZED[9],                           ;
;               ;                           ; IMEM:b2v_inst22|IMEM_high:b2v_inst1|Registers16bit:b2v_inst38|REG_OUTPUT_ALTERA_SYNTHESIZED[9],                           ;
;               ;                           ; IMEM:b2v_inst22|IMEM_high:b2v_inst1|Registers16bit:b2v_inst41|REG_OUTPUT_ALTERA_SYNTHESIZED[9],                           ;
;               ;                           ; IMEM:b2v_inst22|IMEM_low:b2v_inst5|Registers16bit:b2v_inst21|REG_OUTPUT_ALTERA_SYNTHESIZED[10],                           ;
;               ;                           ; IMEM:b2v_inst22|IMEM_low:b2v_inst5|Registers16bit:b2v_inst22|REG_OUTPUT_ALTERA_SYNTHESIZED[10],                           ;
;               ;                           ; IMEM:b2v_inst22|IMEM_low:b2v_inst5|Registers16bit:b2v_inst23|REG_OUTPUT_ALTERA_SYNTHESIZED[10],                           ;
;               ;                           ; IMEM:b2v_inst22|IMEM_low:b2v_inst5|Registers16bit:b2v_inst24|REG_OUTPUT_ALTERA_SYNTHESIZED[10],                           ;
;               ;                           ; IMEM:b2v_inst22|IMEM_low:b2v_inst5|Registers16bit:b2v_inst25|REG_OUTPUT_ALTERA_SYNTHESIZED[10],                           ;
;               ;                           ; IMEM:b2v_inst22|IMEM_low:b2v_inst5|Registers16bit:b2v_inst26|REG_OUTPUT_ALTERA_SYNTHESIZED[10],                           ;
;               ;                           ; IMEM:b2v_inst22|IMEM_low:b2v_inst5|Registers16bit:b2v_inst27|REG_OUTPUT_ALTERA_SYNTHESIZED[10],                           ;
;               ;                           ; IMEM:b2v_inst22|IMEM_low:b2v_inst5|Registers16bit:b2v_inst28|REG_OUTPUT_ALTERA_SYNTHESIZED[10],                           ;
;               ;                           ; IMEM:b2v_inst22|IMEM_low:b2v_inst5|Registers16bit:b2v_inst29|REG_OUTPUT_ALTERA_SYNTHESIZED[10],                           ;
;               ;                           ; IMEM:b2v_inst22|IMEM_low:b2v_inst5|Registers16bit:b2v_inst30|REG_OUTPUT_ALTERA_SYNTHESIZED[10],                           ;
;               ;                           ; IMEM:b2v_inst22|IMEM_low:b2v_inst5|Registers16bit:b2v_inst31|REG_OUTPUT_ALTERA_SYNTHESIZED[10],                           ;
;               ;                           ; IMEM:b2v_inst22|IMEM_low:b2v_inst5|Registers16bit:b2v_inst32|REG_OUTPUT_ALTERA_SYNTHESIZED[10],                           ;
;               ;                           ; IMEM:b2v_inst22|IMEM_low:b2v_inst5|Registers16bit:b2v_inst33|REG_OUTPUT_ALTERA_SYNTHESIZED[10],                           ;
;               ;                           ; IMEM:b2v_inst22|IMEM_low:b2v_inst5|Registers16bit:b2v_inst34|REG_OUTPUT_ALTERA_SYNTHESIZED[10],                           ;
;               ;                           ; IMEM:b2v_inst22|IMEM_low:b2v_inst5|Registers16bit:b2v_inst36|REG_OUTPUT_ALTERA_SYNTHESIZED[10],                           ;
;               ;                           ; IMEM:b2v_inst22|IMEM_low:b2v_inst5|Registers16bit:b2v_inst38|REG_OUTPUT_ALTERA_SYNTHESIZED[10],                           ;
;               ;                           ; IMEM:b2v_inst22|IMEM_high:b2v_inst1|Registers16bit:b2v_inst22|REG_OUTPUT_ALTERA_SYNTHESIZED[10],                          ;
;               ;                           ; IMEM:b2v_inst22|IMEM_high:b2v_inst1|Registers16bit:b2v_inst23|REG_OUTPUT_ALTERA_SYNTHESIZED[10],                          ;
;               ;                           ; IMEM:b2v_inst22|IMEM_high:b2v_inst1|Registers16bit:b2v_inst24|REG_OUTPUT_ALTERA_SYNTHESIZED[10],                          ;
;               ;                           ; IMEM:b2v_inst22|IMEM_high:b2v_inst1|Registers16bit:b2v_inst25|REG_OUTPUT_ALTERA_SYNTHESIZED[10],                          ;
;               ;                           ; IMEM:b2v_inst22|IMEM_high:b2v_inst1|Registers16bit:b2v_inst26|REG_OUTPUT_ALTERA_SYNTHESIZED[10],                          ;
;               ;                           ; IMEM:b2v_inst22|IMEM_high:b2v_inst1|Registers16bit:b2v_inst27|REG_OUTPUT_ALTERA_SYNTHESIZED[10],                          ;
;               ;                           ; IMEM:b2v_inst22|IMEM_high:b2v_inst1|Registers16bit:b2v_inst28|REG_OUTPUT_ALTERA_SYNTHESIZED[10],                          ;
;               ;                           ; IMEM:b2v_inst22|IMEM_high:b2v_inst1|Registers16bit:b2v_inst29|REG_OUTPUT_ALTERA_SYNTHESIZED[10],                          ;
;               ;                           ; IMEM:b2v_inst22|IMEM_high:b2v_inst1|Registers16bit:b2v_inst30|REG_OUTPUT_ALTERA_SYNTHESIZED[10],                          ;
;               ;                           ; IMEM:b2v_inst22|IMEM_high:b2v_inst1|Registers16bit:b2v_inst31|REG_OUTPUT_ALTERA_SYNTHESIZED[10],                          ;
;               ;                           ; IMEM:b2v_inst22|IMEM_high:b2v_inst1|Registers16bit:b2v_inst32|REG_OUTPUT_ALTERA_SYNTHESIZED[10],                          ;
;               ;                           ; IMEM:b2v_inst22|IMEM_high:b2v_inst1|Registers16bit:b2v_inst33|REG_OUTPUT_ALTERA_SYNTHESIZED[10],                          ;
;               ;                           ; IMEM:b2v_inst22|IMEM_high:b2v_inst1|Registers16bit:b2v_inst34|REG_OUTPUT_ALTERA_SYNTHESIZED[10],                          ;
;               ;                           ; IMEM:b2v_inst22|IMEM_high:b2v_inst1|Registers16bit:b2v_inst36|REG_OUTPUT_ALTERA_SYNTHESIZED[10],                          ;
;               ;                           ; IMEM:b2v_inst22|IMEM_high:b2v_inst1|Registers16bit:b2v_inst38|REG_OUTPUT_ALTERA_SYNTHESIZED[10],                          ;
;               ;                           ; IMEM:b2v_inst22|IMEM_high:b2v_inst1|Registers16bit:b2v_inst41|REG_OUTPUT_ALTERA_SYNTHESIZED[10],                          ;
;               ;                           ; IMEM:b2v_inst22|IMEM_low:b2v_inst5|Registers16bit:b2v_inst21|REG_OUTPUT_ALTERA_SYNTHESIZED[11],                           ;
;               ;                           ; IMEM:b2v_inst22|IMEM_low:b2v_inst5|Registers16bit:b2v_inst22|REG_OUTPUT_ALTERA_SYNTHESIZED[11],                           ;
;               ;                           ; IMEM:b2v_inst22|IMEM_low:b2v_inst5|Registers16bit:b2v_inst23|REG_OUTPUT_ALTERA_SYNTHESIZED[11],                           ;
;               ;                           ; IMEM:b2v_inst22|IMEM_low:b2v_inst5|Registers16bit:b2v_inst24|REG_OUTPUT_ALTERA_SYNTHESIZED[11],                           ;
;               ;                           ; IMEM:b2v_inst22|IMEM_low:b2v_inst5|Registers16bit:b2v_inst25|REG_OUTPUT_ALTERA_SYNTHESIZED[11],                           ;
;               ;                           ; IMEM:b2v_inst22|IMEM_low:b2v_inst5|Registers16bit:b2v_inst26|REG_OUTPUT_ALTERA_SYNTHESIZED[11],                           ;
;               ;                           ; IMEM:b2v_inst22|IMEM_low:b2v_inst5|Registers16bit:b2v_inst27|REG_OUTPUT_ALTERA_SYNTHESIZED[11],                           ;
;               ;                           ; IMEM:b2v_inst22|IMEM_low:b2v_inst5|Registers16bit:b2v_inst28|REG_OUTPUT_ALTERA_SYNTHESIZED[11],                           ;
;               ;                           ; IMEM:b2v_inst22|IMEM_low:b2v_inst5|Registers16bit:b2v_inst29|REG_OUTPUT_ALTERA_SYNTHESIZED[11],                           ;
;               ;                           ; IMEM:b2v_inst22|IMEM_low:b2v_inst5|Registers16bit:b2v_inst30|REG_OUTPUT_ALTERA_SYNTHESIZED[11],                           ;
;               ;                           ; IMEM:b2v_inst22|IMEM_low:b2v_inst5|Registers16bit:b2v_inst31|REG_OUTPUT_ALTERA_SYNTHESIZED[11],                           ;
;               ;                           ; IMEM:b2v_inst22|IMEM_low:b2v_inst5|Registers16bit:b2v_inst32|REG_OUTPUT_ALTERA_SYNTHESIZED[11],                           ;
;               ;                           ; IMEM:b2v_inst22|IMEM_low:b2v_inst5|Registers16bit:b2v_inst33|REG_OUTPUT_ALTERA_SYNTHESIZED[11],                           ;
;               ;                           ; IMEM:b2v_inst22|IMEM_low:b2v_inst5|Registers16bit:b2v_inst34|REG_OUTPUT_ALTERA_SYNTHESIZED[11],                           ;
;               ;                           ; IMEM:b2v_inst22|IMEM_low:b2v_inst5|Registers16bit:b2v_inst36|REG_OUTPUT_ALTERA_SYNTHESIZED[11],                           ;
;               ;                           ; IMEM:b2v_inst22|IMEM_low:b2v_inst5|Registers16bit:b2v_inst38|REG_OUTPUT_ALTERA_SYNTHESIZED[11],                           ;
;               ;                           ; IMEM:b2v_inst22|IMEM_high:b2v_inst1|Registers16bit:b2v_inst22|REG_OUTPUT_ALTERA_SYNTHESIZED[11],                          ;
;               ;                           ; IMEM:b2v_inst22|IMEM_high:b2v_inst1|Registers16bit:b2v_inst23|REG_OUTPUT_ALTERA_SYNTHESIZED[11],                          ;
;               ;                           ; IMEM:b2v_inst22|IMEM_high:b2v_inst1|Registers16bit:b2v_inst24|REG_OUTPUT_ALTERA_SYNTHESIZED[11],                          ;
;               ;                           ; IMEM:b2v_inst22|IMEM_high:b2v_inst1|Registers16bit:b2v_inst25|REG_OUTPUT_ALTERA_SYNTHESIZED[11],                          ;
;               ;                           ; IMEM:b2v_inst22|IMEM_high:b2v_inst1|Registers16bit:b2v_inst26|REG_OUTPUT_ALTERA_SYNTHESIZED[11],                          ;
;               ;                           ; IMEM:b2v_inst22|IMEM_high:b2v_inst1|Registers16bit:b2v_inst27|REG_OUTPUT_ALTERA_SYNTHESIZED[11],                          ;
;               ;                           ; IMEM:b2v_inst22|IMEM_high:b2v_inst1|Registers16bit:b2v_inst28|REG_OUTPUT_ALTERA_SYNTHESIZED[11],                          ;
;               ;                           ; IMEM:b2v_inst22|IMEM_high:b2v_inst1|Registers16bit:b2v_inst29|REG_OUTPUT_ALTERA_SYNTHESIZED[11],                          ;
;               ;                           ; IMEM:b2v_inst22|IMEM_high:b2v_inst1|Registers16bit:b2v_inst30|REG_OUTPUT_ALTERA_SYNTHESIZED[11],                          ;
;               ;                           ; IMEM:b2v_inst22|IMEM_high:b2v_inst1|Registers16bit:b2v_inst31|REG_OUTPUT_ALTERA_SYNTHESIZED[11],                          ;
;               ;                           ; IMEM:b2v_inst22|IMEM_high:b2v_inst1|Registers16bit:b2v_inst32|REG_OUTPUT_ALTERA_SYNTHESIZED[11],                          ;
;               ;                           ; IMEM:b2v_inst22|IMEM_high:b2v_inst1|Registers16bit:b2v_inst33|REG_OUTPUT_ALTERA_SYNTHESIZED[11],                          ;
;               ;                           ; IMEM:b2v_inst22|IMEM_high:b2v_inst1|Registers16bit:b2v_inst34|REG_OUTPUT_ALTERA_SYNTHESIZED[11],                          ;
;               ;                           ; IMEM:b2v_inst22|IMEM_high:b2v_inst1|Registers16bit:b2v_inst36|REG_OUTPUT_ALTERA_SYNTHESIZED[11],                          ;
;               ;                           ; IMEM:b2v_inst22|IMEM_high:b2v_inst1|Registers16bit:b2v_inst38|REG_OUTPUT_ALTERA_SYNTHESIZED[11],                          ;
;               ;                           ; IMEM:b2v_inst22|IMEM_high:b2v_inst1|Registers16bit:b2v_inst41|REG_OUTPUT_ALTERA_SYNTHESIZED[11],                          ;
;               ;                           ; IMEM:b2v_inst22|IMEM_low:b2v_inst5|Registers16bit:b2v_inst21|REG_OUTPUT_ALTERA_SYNTHESIZED[12],                           ;
;               ;                           ; IMEM:b2v_inst22|IMEM_low:b2v_inst5|Registers16bit:b2v_inst22|REG_OUTPUT_ALTERA_SYNTHESIZED[12],                           ;
;               ;                           ; IMEM:b2v_inst22|IMEM_low:b2v_inst5|Registers16bit:b2v_inst23|REG_OUTPUT_ALTERA_SYNTHESIZED[12],                           ;
;               ;                           ; IMEM:b2v_inst22|IMEM_low:b2v_inst5|Registers16bit:b2v_inst24|REG_OUTPUT_ALTERA_SYNTHESIZED[12],                           ;
;               ;                           ; IMEM:b2v_inst22|IMEM_low:b2v_inst5|Registers16bit:b2v_inst25|REG_OUTPUT_ALTERA_SYNTHESIZED[12],                           ;
;               ;                           ; IMEM:b2v_inst22|IMEM_low:b2v_inst5|Registers16bit:b2v_inst26|REG_OUTPUT_ALTERA_SYNTHESIZED[12],                           ;
;               ;                           ; IMEM:b2v_inst22|IMEM_low:b2v_inst5|Registers16bit:b2v_inst27|REG_OUTPUT_ALTERA_SYNTHESIZED[12],                           ;
;               ;                           ; IMEM:b2v_inst22|IMEM_low:b2v_inst5|Registers16bit:b2v_inst28|REG_OUTPUT_ALTERA_SYNTHESIZED[12],                           ;
;               ;                           ; IMEM:b2v_inst22|IMEM_low:b2v_inst5|Registers16bit:b2v_inst29|REG_OUTPUT_ALTERA_SYNTHESIZED[12],                           ;
;               ;                           ; IMEM:b2v_inst22|IMEM_low:b2v_inst5|Registers16bit:b2v_inst30|REG_OUTPUT_ALTERA_SYNTHESIZED[12],                           ;
;               ;                           ; IMEM:b2v_inst22|IMEM_low:b2v_inst5|Registers16bit:b2v_inst31|REG_OUTPUT_ALTERA_SYNTHESIZED[12],                           ;
;               ;                           ; IMEM:b2v_inst22|IMEM_low:b2v_inst5|Registers16bit:b2v_inst32|REG_OUTPUT_ALTERA_SYNTHESIZED[12],                           ;
;               ;                           ; IMEM:b2v_inst22|IMEM_low:b2v_inst5|Registers16bit:b2v_inst33|REG_OUTPUT_ALTERA_SYNTHESIZED[12],                           ;
;               ;                           ; IMEM:b2v_inst22|IMEM_low:b2v_inst5|Registers16bit:b2v_inst34|REG_OUTPUT_ALTERA_SYNTHESIZED[12],                           ;
;               ;                           ; IMEM:b2v_inst22|IMEM_low:b2v_inst5|Registers16bit:b2v_inst36|REG_OUTPUT_ALTERA_SYNTHESIZED[12],                           ;
;               ;                           ; IMEM:b2v_inst22|IMEM_low:b2v_inst5|Registers16bit:b2v_inst38|REG_OUTPUT_ALTERA_SYNTHESIZED[12],                           ;
;               ;                           ; IMEM:b2v_inst22|IMEM_high:b2v_inst1|Registers16bit:b2v_inst22|REG_OUTPUT_ALTERA_SYNTHESIZED[12],                          ;
;               ;                           ; IMEM:b2v_inst22|IMEM_high:b2v_inst1|Registers16bit:b2v_inst23|REG_OUTPUT_ALTERA_SYNTHESIZED[12],                          ;
;               ;                           ; IMEM:b2v_inst22|IMEM_high:b2v_inst1|Registers16bit:b2v_inst24|REG_OUTPUT_ALTERA_SYNTHESIZED[12],                          ;
;               ;                           ; IMEM:b2v_inst22|IMEM_high:b2v_inst1|Registers16bit:b2v_inst25|REG_OUTPUT_ALTERA_SYNTHESIZED[12],                          ;
;               ;                           ; IMEM:b2v_inst22|IMEM_high:b2v_inst1|Registers16bit:b2v_inst26|REG_OUTPUT_ALTERA_SYNTHESIZED[12],                          ;
;               ;                           ; IMEM:b2v_inst22|IMEM_high:b2v_inst1|Registers16bit:b2v_inst27|REG_OUTPUT_ALTERA_SYNTHESIZED[12],                          ;
;               ;                           ; IMEM:b2v_inst22|IMEM_high:b2v_inst1|Registers16bit:b2v_inst28|REG_OUTPUT_ALTERA_SYNTHESIZED[12],                          ;
;               ;                           ; IMEM:b2v_inst22|IMEM_high:b2v_inst1|Registers16bit:b2v_inst29|REG_OUTPUT_ALTERA_SYNTHESIZED[12],                          ;
;               ;                           ; IMEM:b2v_inst22|IMEM_high:b2v_inst1|Registers16bit:b2v_inst30|REG_OUTPUT_ALTERA_SYNTHESIZED[12],                          ;
;               ;                           ; IMEM:b2v_inst22|IMEM_high:b2v_inst1|Registers16bit:b2v_inst31|REG_OUTPUT_ALTERA_SYNTHESIZED[12],                          ;
;               ;                           ; IMEM:b2v_inst22|IMEM_high:b2v_inst1|Registers16bit:b2v_inst32|REG_OUTPUT_ALTERA_SYNTHESIZED[12],                          ;
;               ;                           ; IMEM:b2v_inst22|IMEM_high:b2v_inst1|Registers16bit:b2v_inst33|REG_OUTPUT_ALTERA_SYNTHESIZED[12],                          ;
;               ;                           ; IMEM:b2v_inst22|IMEM_high:b2v_inst1|Registers16bit:b2v_inst34|REG_OUTPUT_ALTERA_SYNTHESIZED[12],                          ;
;               ;                           ; IMEM:b2v_inst22|IMEM_high:b2v_inst1|Registers16bit:b2v_inst36|REG_OUTPUT_ALTERA_SYNTHESIZED[12],                          ;
;               ;                           ; IMEM:b2v_inst22|IMEM_high:b2v_inst1|Registers16bit:b2v_inst38|REG_OUTPUT_ALTERA_SYNTHESIZED[12],                          ;
;               ;                           ; IMEM:b2v_inst22|IMEM_high:b2v_inst1|Registers16bit:b2v_inst41|REG_OUTPUT_ALTERA_SYNTHESIZED[12],                          ;
;               ;                           ; IMEM:b2v_inst22|IMEM_low:b2v_inst5|Registers16bit:b2v_inst21|REG_OUTPUT_ALTERA_SYNTHESIZED[13],                           ;
;               ;                           ; IMEM:b2v_inst22|IMEM_low:b2v_inst5|Registers16bit:b2v_inst22|REG_OUTPUT_ALTERA_SYNTHESIZED[13],                           ;
;               ;                           ; IMEM:b2v_inst22|IMEM_low:b2v_inst5|Registers16bit:b2v_inst23|REG_OUTPUT_ALTERA_SYNTHESIZED[13],                           ;
;               ;                           ; IMEM:b2v_inst22|IMEM_low:b2v_inst5|Registers16bit:b2v_inst24|REG_OUTPUT_ALTERA_SYNTHESIZED[13],                           ;
;               ;                           ; IMEM:b2v_inst22|IMEM_low:b2v_inst5|Registers16bit:b2v_inst25|REG_OUTPUT_ALTERA_SYNTHESIZED[13],                           ;
;               ;                           ; IMEM:b2v_inst22|IMEM_low:b2v_inst5|Registers16bit:b2v_inst26|REG_OUTPUT_ALTERA_SYNTHESIZED[13],                           ;
;               ;                           ; IMEM:b2v_inst22|IMEM_low:b2v_inst5|Registers16bit:b2v_inst27|REG_OUTPUT_ALTERA_SYNTHESIZED[13],                           ;
;               ;                           ; IMEM:b2v_inst22|IMEM_low:b2v_inst5|Registers16bit:b2v_inst28|REG_OUTPUT_ALTERA_SYNTHESIZED[13],                           ;
;               ;                           ; IMEM:b2v_inst22|IMEM_low:b2v_inst5|Registers16bit:b2v_inst29|REG_OUTPUT_ALTERA_SYNTHESIZED[13],                           ;
;               ;                           ; IMEM:b2v_inst22|IMEM_low:b2v_inst5|Registers16bit:b2v_inst30|REG_OUTPUT_ALTERA_SYNTHESIZED[13],                           ;
;               ;                           ; IMEM:b2v_inst22|IMEM_low:b2v_inst5|Registers16bit:b2v_inst31|REG_OUTPUT_ALTERA_SYNTHESIZED[13],                           ;
;               ;                           ; IMEM:b2v_inst22|IMEM_low:b2v_inst5|Registers16bit:b2v_inst32|REG_OUTPUT_ALTERA_SYNTHESIZED[13],                           ;
;               ;                           ; IMEM:b2v_inst22|IMEM_low:b2v_inst5|Registers16bit:b2v_inst33|REG_OUTPUT_ALTERA_SYNTHESIZED[13],                           ;
;               ;                           ; IMEM:b2v_inst22|IMEM_low:b2v_inst5|Registers16bit:b2v_inst34|REG_OUTPUT_ALTERA_SYNTHESIZED[13],                           ;
;               ;                           ; IMEM:b2v_inst22|IMEM_low:b2v_inst5|Registers16bit:b2v_inst36|REG_OUTPUT_ALTERA_SYNTHESIZED[13],                           ;
;               ;                           ; IMEM:b2v_inst22|IMEM_low:b2v_inst5|Registers16bit:b2v_inst38|REG_OUTPUT_ALTERA_SYNTHESIZED[13],                           ;
;               ;                           ; IMEM:b2v_inst22|IMEM_high:b2v_inst1|Registers16bit:b2v_inst22|REG_OUTPUT_ALTERA_SYNTHESIZED[13],                          ;
;               ;                           ; IMEM:b2v_inst22|IMEM_high:b2v_inst1|Registers16bit:b2v_inst23|REG_OUTPUT_ALTERA_SYNTHESIZED[13],                          ;
;               ;                           ; IMEM:b2v_inst22|IMEM_high:b2v_inst1|Registers16bit:b2v_inst24|REG_OUTPUT_ALTERA_SYNTHESIZED[13],                          ;
;               ;                           ; IMEM:b2v_inst22|IMEM_high:b2v_inst1|Registers16bit:b2v_inst25|REG_OUTPUT_ALTERA_SYNTHESIZED[13],                          ;
;               ;                           ; IMEM:b2v_inst22|IMEM_high:b2v_inst1|Registers16bit:b2v_inst26|REG_OUTPUT_ALTERA_SYNTHESIZED[13],                          ;
;               ;                           ; IMEM:b2v_inst22|IMEM_high:b2v_inst1|Registers16bit:b2v_inst27|REG_OUTPUT_ALTERA_SYNTHESIZED[13],                          ;
;               ;                           ; IMEM:b2v_inst22|IMEM_high:b2v_inst1|Registers16bit:b2v_inst28|REG_OUTPUT_ALTERA_SYNTHESIZED[13],                          ;
;               ;                           ; IMEM:b2v_inst22|IMEM_high:b2v_inst1|Registers16bit:b2v_inst29|REG_OUTPUT_ALTERA_SYNTHESIZED[13],                          ;
;               ;                           ; IMEM:b2v_inst22|IMEM_high:b2v_inst1|Registers16bit:b2v_inst30|REG_OUTPUT_ALTERA_SYNTHESIZED[13],                          ;
;               ;                           ; IMEM:b2v_inst22|IMEM_high:b2v_inst1|Registers16bit:b2v_inst31|REG_OUTPUT_ALTERA_SYNTHESIZED[13],                          ;
;               ;                           ; IMEM:b2v_inst22|IMEM_high:b2v_inst1|Registers16bit:b2v_inst32|REG_OUTPUT_ALTERA_SYNTHESIZED[13],                          ;
;               ;                           ; IMEM:b2v_inst22|IMEM_high:b2v_inst1|Registers16bit:b2v_inst33|REG_OUTPUT_ALTERA_SYNTHESIZED[13],                          ;
;               ;                           ; IMEM:b2v_inst22|IMEM_high:b2v_inst1|Registers16bit:b2v_inst34|REG_OUTPUT_ALTERA_SYNTHESIZED[13],                          ;
;               ;                           ; IMEM:b2v_inst22|IMEM_high:b2v_inst1|Registers16bit:b2v_inst36|REG_OUTPUT_ALTERA_SYNTHESIZED[13],                          ;
;               ;                           ; IMEM:b2v_inst22|IMEM_high:b2v_inst1|Registers16bit:b2v_inst38|REG_OUTPUT_ALTERA_SYNTHESIZED[13],                          ;
;               ;                           ; IMEM:b2v_inst22|IMEM_high:b2v_inst1|Registers16bit:b2v_inst41|REG_OUTPUT_ALTERA_SYNTHESIZED[13],                          ;
;               ;                           ; IMEM:b2v_inst22|IMEM_low:b2v_inst5|Registers16bit:b2v_inst21|REG_OUTPUT_ALTERA_SYNTHESIZED[14],                           ;
;               ;                           ; IMEM:b2v_inst22|IMEM_low:b2v_inst5|Registers16bit:b2v_inst22|REG_OUTPUT_ALTERA_SYNTHESIZED[14],                           ;
;               ;                           ; IMEM:b2v_inst22|IMEM_low:b2v_inst5|Registers16bit:b2v_inst23|REG_OUTPUT_ALTERA_SYNTHESIZED[14],                           ;
;               ;                           ; IMEM:b2v_inst22|IMEM_low:b2v_inst5|Registers16bit:b2v_inst24|REG_OUTPUT_ALTERA_SYNTHESIZED[14],                           ;
;               ;                           ; IMEM:b2v_inst22|IMEM_low:b2v_inst5|Registers16bit:b2v_inst25|REG_OUTPUT_ALTERA_SYNTHESIZED[14],                           ;
;               ;                           ; IMEM:b2v_inst22|IMEM_low:b2v_inst5|Registers16bit:b2v_inst26|REG_OUTPUT_ALTERA_SYNTHESIZED[14],                           ;
;               ;                           ; IMEM:b2v_inst22|IMEM_low:b2v_inst5|Registers16bit:b2v_inst27|REG_OUTPUT_ALTERA_SYNTHESIZED[14],                           ;
;               ;                           ; IMEM:b2v_inst22|IMEM_low:b2v_inst5|Registers16bit:b2v_inst28|REG_OUTPUT_ALTERA_SYNTHESIZED[14],                           ;
;               ;                           ; IMEM:b2v_inst22|IMEM_low:b2v_inst5|Registers16bit:b2v_inst29|REG_OUTPUT_ALTERA_SYNTHESIZED[14],                           ;
;               ;                           ; IMEM:b2v_inst22|IMEM_low:b2v_inst5|Registers16bit:b2v_inst30|REG_OUTPUT_ALTERA_SYNTHESIZED[14],                           ;
;               ;                           ; IMEM:b2v_inst22|IMEM_low:b2v_inst5|Registers16bit:b2v_inst31|REG_OUTPUT_ALTERA_SYNTHESIZED[14],                           ;
;               ;                           ; IMEM:b2v_inst22|IMEM_low:b2v_inst5|Registers16bit:b2v_inst32|REG_OUTPUT_ALTERA_SYNTHESIZED[14],                           ;
;               ;                           ; IMEM:b2v_inst22|IMEM_low:b2v_inst5|Registers16bit:b2v_inst33|REG_OUTPUT_ALTERA_SYNTHESIZED[14],                           ;
;               ;                           ; IMEM:b2v_inst22|IMEM_low:b2v_inst5|Registers16bit:b2v_inst34|REG_OUTPUT_ALTERA_SYNTHESIZED[14],                           ;
;               ;                           ; IMEM:b2v_inst22|IMEM_low:b2v_inst5|Registers16bit:b2v_inst36|REG_OUTPUT_ALTERA_SYNTHESIZED[14],                           ;
;               ;                           ; IMEM:b2v_inst22|IMEM_low:b2v_inst5|Registers16bit:b2v_inst38|REG_OUTPUT_ALTERA_SYNTHESIZED[14],                           ;
;               ;                           ; IMEM:b2v_inst22|IMEM_high:b2v_inst1|Registers16bit:b2v_inst22|REG_OUTPUT_ALTERA_SYNTHESIZED[14],                          ;
;               ;                           ; IMEM:b2v_inst22|IMEM_high:b2v_inst1|Registers16bit:b2v_inst23|REG_OUTPUT_ALTERA_SYNTHESIZED[14],                          ;
;               ;                           ; IMEM:b2v_inst22|IMEM_high:b2v_inst1|Registers16bit:b2v_inst24|REG_OUTPUT_ALTERA_SYNTHESIZED[14],                          ;
;               ;                           ; IMEM:b2v_inst22|IMEM_high:b2v_inst1|Registers16bit:b2v_inst25|REG_OUTPUT_ALTERA_SYNTHESIZED[14],                          ;
;               ;                           ; IMEM:b2v_inst22|IMEM_high:b2v_inst1|Registers16bit:b2v_inst26|REG_OUTPUT_ALTERA_SYNTHESIZED[14],                          ;
;               ;                           ; IMEM:b2v_inst22|IMEM_high:b2v_inst1|Registers16bit:b2v_inst27|REG_OUTPUT_ALTERA_SYNTHESIZED[14],                          ;
;               ;                           ; IMEM:b2v_inst22|IMEM_high:b2v_inst1|Registers16bit:b2v_inst28|REG_OUTPUT_ALTERA_SYNTHESIZED[14],                          ;
;               ;                           ; IMEM:b2v_inst22|IMEM_high:b2v_inst1|Registers16bit:b2v_inst29|REG_OUTPUT_ALTERA_SYNTHESIZED[14],                          ;
;               ;                           ; IMEM:b2v_inst22|IMEM_high:b2v_inst1|Registers16bit:b2v_inst30|REG_OUTPUT_ALTERA_SYNTHESIZED[14],                          ;
;               ;                           ; IMEM:b2v_inst22|IMEM_high:b2v_inst1|Registers16bit:b2v_inst31|REG_OUTPUT_ALTERA_SYNTHESIZED[14],                          ;
;               ;                           ; IMEM:b2v_inst22|IMEM_high:b2v_inst1|Registers16bit:b2v_inst32|REG_OUTPUT_ALTERA_SYNTHESIZED[14],                          ;
;               ;                           ; IMEM:b2v_inst22|IMEM_high:b2v_inst1|Registers16bit:b2v_inst33|REG_OUTPUT_ALTERA_SYNTHESIZED[14],                          ;
;               ;                           ; IMEM:b2v_inst22|IMEM_high:b2v_inst1|Registers16bit:b2v_inst34|REG_OUTPUT_ALTERA_SYNTHESIZED[14],                          ;
;               ;                           ; IMEM:b2v_inst22|IMEM_high:b2v_inst1|Registers16bit:b2v_inst36|REG_OUTPUT_ALTERA_SYNTHESIZED[14],                          ;
;               ;                           ; IMEM:b2v_inst22|IMEM_high:b2v_inst1|Registers16bit:b2v_inst38|REG_OUTPUT_ALTERA_SYNTHESIZED[14],                          ;
;               ;                           ; IMEM:b2v_inst22|IMEM_high:b2v_inst1|Registers16bit:b2v_inst41|REG_OUTPUT_ALTERA_SYNTHESIZED[14],                          ;
;               ;                           ; IMEM:b2v_inst22|IMEM_low:b2v_inst5|Registers16bit:b2v_inst21|REG_OUTPUT_ALTERA_SYNTHESIZED[15],                           ;
;               ;                           ; IMEM:b2v_inst22|IMEM_low:b2v_inst5|Registers16bit:b2v_inst22|REG_OUTPUT_ALTERA_SYNTHESIZED[15],                           ;
;               ;                           ; IMEM:b2v_inst22|IMEM_low:b2v_inst5|Registers16bit:b2v_inst23|REG_OUTPUT_ALTERA_SYNTHESIZED[15],                           ;
;               ;                           ; IMEM:b2v_inst22|IMEM_low:b2v_inst5|Registers16bit:b2v_inst24|REG_OUTPUT_ALTERA_SYNTHESIZED[15],                           ;
;               ;                           ; IMEM:b2v_inst22|IMEM_low:b2v_inst5|Registers16bit:b2v_inst25|REG_OUTPUT_ALTERA_SYNTHESIZED[15],                           ;
;               ;                           ; IMEM:b2v_inst22|IMEM_low:b2v_inst5|Registers16bit:b2v_inst26|REG_OUTPUT_ALTERA_SYNTHESIZED[15],                           ;
;               ;                           ; IMEM:b2v_inst22|IMEM_low:b2v_inst5|Registers16bit:b2v_inst27|REG_OUTPUT_ALTERA_SYNTHESIZED[15],                           ;
;               ;                           ; IMEM:b2v_inst22|IMEM_low:b2v_inst5|Registers16bit:b2v_inst28|REG_OUTPUT_ALTERA_SYNTHESIZED[15],                           ;
;               ;                           ; IMEM:b2v_inst22|IMEM_low:b2v_inst5|Registers16bit:b2v_inst29|REG_OUTPUT_ALTERA_SYNTHESIZED[15],                           ;
;               ;                           ; IMEM:b2v_inst22|IMEM_low:b2v_inst5|Registers16bit:b2v_inst30|REG_OUTPUT_ALTERA_SYNTHESIZED[15],                           ;
;               ;                           ; IMEM:b2v_inst22|IMEM_low:b2v_inst5|Registers16bit:b2v_inst31|REG_OUTPUT_ALTERA_SYNTHESIZED[15],                           ;
;               ;                           ; IMEM:b2v_inst22|IMEM_low:b2v_inst5|Registers16bit:b2v_inst32|REG_OUTPUT_ALTERA_SYNTHESIZED[15],                           ;
;               ;                           ; IMEM:b2v_inst22|IMEM_low:b2v_inst5|Registers16bit:b2v_inst33|REG_OUTPUT_ALTERA_SYNTHESIZED[15],                           ;
;               ;                           ; IMEM:b2v_inst22|IMEM_low:b2v_inst5|Registers16bit:b2v_inst34|REG_OUTPUT_ALTERA_SYNTHESIZED[15],                           ;
;               ;                           ; IMEM:b2v_inst22|IMEM_low:b2v_inst5|Registers16bit:b2v_inst36|REG_OUTPUT_ALTERA_SYNTHESIZED[15],                           ;
;               ;                           ; IMEM:b2v_inst22|IMEM_low:b2v_inst5|Registers16bit:b2v_inst38|REG_OUTPUT_ALTERA_SYNTHESIZED[15],                           ;
;               ;                           ; IMEM:b2v_inst22|IMEM_high:b2v_inst1|Registers16bit:b2v_inst22|REG_OUTPUT_ALTERA_SYNTHESIZED[15],                          ;
;               ;                           ; IMEM:b2v_inst22|IMEM_high:b2v_inst1|Registers16bit:b2v_inst23|REG_OUTPUT_ALTERA_SYNTHESIZED[15],                          ;
;               ;                           ; IMEM:b2v_inst22|IMEM_high:b2v_inst1|Registers16bit:b2v_inst24|REG_OUTPUT_ALTERA_SYNTHESIZED[15],                          ;
;               ;                           ; IMEM:b2v_inst22|IMEM_high:b2v_inst1|Registers16bit:b2v_inst25|REG_OUTPUT_ALTERA_SYNTHESIZED[15],                          ;
;               ;                           ; IMEM:b2v_inst22|IMEM_high:b2v_inst1|Registers16bit:b2v_inst26|REG_OUTPUT_ALTERA_SYNTHESIZED[15],                          ;
;               ;                           ; IMEM:b2v_inst22|IMEM_high:b2v_inst1|Registers16bit:b2v_inst27|REG_OUTPUT_ALTERA_SYNTHESIZED[15],                          ;
;               ;                           ; IMEM:b2v_inst22|IMEM_high:b2v_inst1|Registers16bit:b2v_inst28|REG_OUTPUT_ALTERA_SYNTHESIZED[15],                          ;
;               ;                           ; IMEM:b2v_inst22|IMEM_high:b2v_inst1|Registers16bit:b2v_inst29|REG_OUTPUT_ALTERA_SYNTHESIZED[15],                          ;
;               ;                           ; IMEM:b2v_inst22|IMEM_high:b2v_inst1|Registers16bit:b2v_inst30|REG_OUTPUT_ALTERA_SYNTHESIZED[15],                          ;
;               ;                           ; IMEM:b2v_inst22|IMEM_high:b2v_inst1|Registers16bit:b2v_inst31|REG_OUTPUT_ALTERA_SYNTHESIZED[15],                          ;
;               ;                           ; IMEM:b2v_inst22|IMEM_high:b2v_inst1|Registers16bit:b2v_inst32|REG_OUTPUT_ALTERA_SYNTHESIZED[15],                          ;
;               ;                           ; IMEM:b2v_inst22|IMEM_high:b2v_inst1|Registers16bit:b2v_inst33|REG_OUTPUT_ALTERA_SYNTHESIZED[15],                          ;
;               ;                           ; IMEM:b2v_inst22|IMEM_high:b2v_inst1|Registers16bit:b2v_inst34|REG_OUTPUT_ALTERA_SYNTHESIZED[15],                          ;
;               ;                           ; IMEM:b2v_inst22|IMEM_high:b2v_inst1|Registers16bit:b2v_inst36|REG_OUTPUT_ALTERA_SYNTHESIZED[15],                          ;
;               ;                           ; IMEM:b2v_inst22|IMEM_high:b2v_inst1|Registers16bit:b2v_inst38|REG_OUTPUT_ALTERA_SYNTHESIZED[15],                          ;
;               ;                           ; IMEM:b2v_inst22|IMEM_high:b2v_inst1|Registers16bit:b2v_inst41|REG_OUTPUT_ALTERA_SYNTHESIZED[15],                          ;
;               ;                           ; IMEM:b2v_inst22|IMEM_low:b2v_inst5|Registers16bit:b2v_inst21|REG_OUTPUT_ALTERA_SYNTHESIZED[0],                            ;
;               ;                           ; IMEM:b2v_inst22|IMEM_low:b2v_inst5|Registers16bit:b2v_inst22|REG_OUTPUT_ALTERA_SYNTHESIZED[0],                            ;
;               ;                           ; IMEM:b2v_inst22|IMEM_low:b2v_inst5|Registers16bit:b2v_inst23|REG_OUTPUT_ALTERA_SYNTHESIZED[0],                            ;
;               ;                           ; IMEM:b2v_inst22|IMEM_low:b2v_inst5|Registers16bit:b2v_inst24|REG_OUTPUT_ALTERA_SYNTHESIZED[0],                            ;
;               ;                           ; IMEM:b2v_inst22|IMEM_low:b2v_inst5|Registers16bit:b2v_inst25|REG_OUTPUT_ALTERA_SYNTHESIZED[0],                            ;
;               ;                           ; IMEM:b2v_inst22|IMEM_low:b2v_inst5|Registers16bit:b2v_inst26|REG_OUTPUT_ALTERA_SYNTHESIZED[0],                            ;
;               ;                           ; IMEM:b2v_inst22|IMEM_low:b2v_inst5|Registers16bit:b2v_inst27|REG_OUTPUT_ALTERA_SYNTHESIZED[0],                            ;
;               ;                           ; IMEM:b2v_inst22|IMEM_low:b2v_inst5|Registers16bit:b2v_inst28|REG_OUTPUT_ALTERA_SYNTHESIZED[0],                            ;
;               ;                           ; IMEM:b2v_inst22|IMEM_low:b2v_inst5|Registers16bit:b2v_inst29|REG_OUTPUT_ALTERA_SYNTHESIZED[0],                            ;
;               ;                           ; IMEM:b2v_inst22|IMEM_low:b2v_inst5|Registers16bit:b2v_inst30|REG_OUTPUT_ALTERA_SYNTHESIZED[0],                            ;
;               ;                           ; IMEM:b2v_inst22|IMEM_low:b2v_inst5|Registers16bit:b2v_inst31|REG_OUTPUT_ALTERA_SYNTHESIZED[0],                            ;
;               ;                           ; IMEM:b2v_inst22|IMEM_low:b2v_inst5|Registers16bit:b2v_inst32|REG_OUTPUT_ALTERA_SYNTHESIZED[0],                            ;
;               ;                           ; IMEM:b2v_inst22|IMEM_low:b2v_inst5|Registers16bit:b2v_inst33|REG_OUTPUT_ALTERA_SYNTHESIZED[0],                            ;
;               ;                           ; IMEM:b2v_inst22|IMEM_low:b2v_inst5|Registers16bit:b2v_inst34|REG_OUTPUT_ALTERA_SYNTHESIZED[0],                            ;
;               ;                           ; IMEM:b2v_inst22|IMEM_low:b2v_inst5|Registers16bit:b2v_inst36|REG_OUTPUT_ALTERA_SYNTHESIZED[0],                            ;
;               ;                           ; IMEM:b2v_inst22|IMEM_low:b2v_inst5|Registers16bit:b2v_inst38|REG_OUTPUT_ALTERA_SYNTHESIZED[0],                            ;
;               ;                           ; IMEM:b2v_inst22|IMEM_high:b2v_inst1|Registers16bit:b2v_inst22|REG_OUTPUT_ALTERA_SYNTHESIZED[0],                           ;
;               ;                           ; IMEM:b2v_inst22|IMEM_high:b2v_inst1|Registers16bit:b2v_inst23|REG_OUTPUT_ALTERA_SYNTHESIZED[0],                           ;
;               ;                           ; IMEM:b2v_inst22|IMEM_high:b2v_inst1|Registers16bit:b2v_inst24|REG_OUTPUT_ALTERA_SYNTHESIZED[0],                           ;
;               ;                           ; IMEM:b2v_inst22|IMEM_high:b2v_inst1|Registers16bit:b2v_inst25|REG_OUTPUT_ALTERA_SYNTHESIZED[0],                           ;
;               ;                           ; IMEM:b2v_inst22|IMEM_high:b2v_inst1|Registers16bit:b2v_inst26|REG_OUTPUT_ALTERA_SYNTHESIZED[0],                           ;
;               ;                           ; IMEM:b2v_inst22|IMEM_high:b2v_inst1|Registers16bit:b2v_inst27|REG_OUTPUT_ALTERA_SYNTHESIZED[0],                           ;
;               ;                           ; IMEM:b2v_inst22|IMEM_high:b2v_inst1|Registers16bit:b2v_inst28|REG_OUTPUT_ALTERA_SYNTHESIZED[0],                           ;
;               ;                           ; IMEM:b2v_inst22|IMEM_high:b2v_inst1|Registers16bit:b2v_inst29|REG_OUTPUT_ALTERA_SYNTHESIZED[0],                           ;
;               ;                           ; IMEM:b2v_inst22|IMEM_high:b2v_inst1|Registers16bit:b2v_inst30|REG_OUTPUT_ALTERA_SYNTHESIZED[0],                           ;
;               ;                           ; IMEM:b2v_inst22|IMEM_high:b2v_inst1|Registers16bit:b2v_inst31|REG_OUTPUT_ALTERA_SYNTHESIZED[0],                           ;
;               ;                           ; IMEM:b2v_inst22|IMEM_high:b2v_inst1|Registers16bit:b2v_inst32|REG_OUTPUT_ALTERA_SYNTHESIZED[0],                           ;
;               ;                           ; IMEM:b2v_inst22|IMEM_high:b2v_inst1|Registers16bit:b2v_inst33|REG_OUTPUT_ALTERA_SYNTHESIZED[0],                           ;
;               ;                           ; IMEM:b2v_inst22|IMEM_high:b2v_inst1|Registers16bit:b2v_inst34|REG_OUTPUT_ALTERA_SYNTHESIZED[0],                           ;
;               ;                           ; IMEM:b2v_inst22|IMEM_high:b2v_inst1|Registers16bit:b2v_inst36|REG_OUTPUT_ALTERA_SYNTHESIZED[0],                           ;
;               ;                           ; IMEM:b2v_inst22|IMEM_high:b2v_inst1|Registers16bit:b2v_inst38|REG_OUTPUT_ALTERA_SYNTHESIZED[0],                           ;
;               ;                           ; IMEM:b2v_inst22|IMEM_high:b2v_inst1|Registers16bit:b2v_inst41|REG_OUTPUT_ALTERA_SYNTHESIZED[0],                           ;
;               ;                           ; IMEM:b2v_inst22|IMEM_low:b2v_inst5|Registers16bit:b2v_inst21|REG_OUTPUT_ALTERA_SYNTHESIZED[1],                            ;
;               ;                           ; IMEM:b2v_inst22|IMEM_low:b2v_inst5|Registers16bit:b2v_inst22|REG_OUTPUT_ALTERA_SYNTHESIZED[1],                            ;
;               ;                           ; IMEM:b2v_inst22|IMEM_low:b2v_inst5|Registers16bit:b2v_inst23|REG_OUTPUT_ALTERA_SYNTHESIZED[1],                            ;
;               ;                           ; IMEM:b2v_inst22|IMEM_low:b2v_inst5|Registers16bit:b2v_inst24|REG_OUTPUT_ALTERA_SYNTHESIZED[1],                            ;
;               ;                           ; IMEM:b2v_inst22|IMEM_low:b2v_inst5|Registers16bit:b2v_inst25|REG_OUTPUT_ALTERA_SYNTHESIZED[1],                            ;
;               ;                           ; IMEM:b2v_inst22|IMEM_low:b2v_inst5|Registers16bit:b2v_inst26|REG_OUTPUT_ALTERA_SYNTHESIZED[1],                            ;
;               ;                           ; IMEM:b2v_inst22|IMEM_low:b2v_inst5|Registers16bit:b2v_inst27|REG_OUTPUT_ALTERA_SYNTHESIZED[1],                            ;
;               ;                           ; IMEM:b2v_inst22|IMEM_low:b2v_inst5|Registers16bit:b2v_inst28|REG_OUTPUT_ALTERA_SYNTHESIZED[1],                            ;
;               ;                           ; IMEM:b2v_inst22|IMEM_low:b2v_inst5|Registers16bit:b2v_inst29|REG_OUTPUT_ALTERA_SYNTHESIZED[1],                            ;
;               ;                           ; IMEM:b2v_inst22|IMEM_low:b2v_inst5|Registers16bit:b2v_inst30|REG_OUTPUT_ALTERA_SYNTHESIZED[1],                            ;
;               ;                           ; IMEM:b2v_inst22|IMEM_low:b2v_inst5|Registers16bit:b2v_inst31|REG_OUTPUT_ALTERA_SYNTHESIZED[1],                            ;
;               ;                           ; IMEM:b2v_inst22|IMEM_low:b2v_inst5|Registers16bit:b2v_inst32|REG_OUTPUT_ALTERA_SYNTHESIZED[1],                            ;
;               ;                           ; IMEM:b2v_inst22|IMEM_low:b2v_inst5|Registers16bit:b2v_inst33|REG_OUTPUT_ALTERA_SYNTHESIZED[1],                            ;
;               ;                           ; IMEM:b2v_inst22|IMEM_low:b2v_inst5|Registers16bit:b2v_inst34|REG_OUTPUT_ALTERA_SYNTHESIZED[1],                            ;
;               ;                           ; IMEM:b2v_inst22|IMEM_low:b2v_inst5|Registers16bit:b2v_inst36|REG_OUTPUT_ALTERA_SYNTHESIZED[1],                            ;
;               ;                           ; IMEM:b2v_inst22|IMEM_low:b2v_inst5|Registers16bit:b2v_inst38|REG_OUTPUT_ALTERA_SYNTHESIZED[1],                            ;
;               ;                           ; IMEM:b2v_inst22|IMEM_high:b2v_inst1|Registers16bit:b2v_inst22|REG_OUTPUT_ALTERA_SYNTHESIZED[1],                           ;
;               ;                           ; IMEM:b2v_inst22|IMEM_high:b2v_inst1|Registers16bit:b2v_inst23|REG_OUTPUT_ALTERA_SYNTHESIZED[1],                           ;
;               ;                           ; IMEM:b2v_inst22|IMEM_high:b2v_inst1|Registers16bit:b2v_inst24|REG_OUTPUT_ALTERA_SYNTHESIZED[1],                           ;
;               ;                           ; IMEM:b2v_inst22|IMEM_high:b2v_inst1|Registers16bit:b2v_inst25|REG_OUTPUT_ALTERA_SYNTHESIZED[1],                           ;
;               ;                           ; IMEM:b2v_inst22|IMEM_high:b2v_inst1|Registers16bit:b2v_inst26|REG_OUTPUT_ALTERA_SYNTHESIZED[1],                           ;
;               ;                           ; IMEM:b2v_inst22|IMEM_high:b2v_inst1|Registers16bit:b2v_inst27|REG_OUTPUT_ALTERA_SYNTHESIZED[1],                           ;
;               ;                           ; IMEM:b2v_inst22|IMEM_high:b2v_inst1|Registers16bit:b2v_inst28|REG_OUTPUT_ALTERA_SYNTHESIZED[1],                           ;
;               ;                           ; IMEM:b2v_inst22|IMEM_high:b2v_inst1|Registers16bit:b2v_inst29|REG_OUTPUT_ALTERA_SYNTHESIZED[1],                           ;
;               ;                           ; IMEM:b2v_inst22|IMEM_high:b2v_inst1|Registers16bit:b2v_inst30|REG_OUTPUT_ALTERA_SYNTHESIZED[1],                           ;
;               ;                           ; IMEM:b2v_inst22|IMEM_high:b2v_inst1|Registers16bit:b2v_inst31|REG_OUTPUT_ALTERA_SYNTHESIZED[1],                           ;
;               ;                           ; IMEM:b2v_inst22|IMEM_high:b2v_inst1|Registers16bit:b2v_inst32|REG_OUTPUT_ALTERA_SYNTHESIZED[1],                           ;
;               ;                           ; IMEM:b2v_inst22|IMEM_high:b2v_inst1|Registers16bit:b2v_inst33|REG_OUTPUT_ALTERA_SYNTHESIZED[1],                           ;
;               ;                           ; IMEM:b2v_inst22|IMEM_high:b2v_inst1|Registers16bit:b2v_inst34|REG_OUTPUT_ALTERA_SYNTHESIZED[1],                           ;
;               ;                           ; IMEM:b2v_inst22|IMEM_high:b2v_inst1|Registers16bit:b2v_inst36|REG_OUTPUT_ALTERA_SYNTHESIZED[1],                           ;
;               ;                           ; IMEM:b2v_inst22|IMEM_high:b2v_inst1|Registers16bit:b2v_inst38|REG_OUTPUT_ALTERA_SYNTHESIZED[1],                           ;
;               ;                           ; IMEM:b2v_inst22|IMEM_high:b2v_inst1|Registers16bit:b2v_inst41|REG_OUTPUT_ALTERA_SYNTHESIZED[1],                           ;
;               ;                           ; IMEM:b2v_inst22|IMEM_low:b2v_inst5|Registers16bit:b2v_inst21|REG_OUTPUT_ALTERA_SYNTHESIZED[2],                            ;
;               ;                           ; IMEM:b2v_inst22|IMEM_low:b2v_inst5|Registers16bit:b2v_inst22|REG_OUTPUT_ALTERA_SYNTHESIZED[2],                            ;
;               ;                           ; IMEM:b2v_inst22|IMEM_low:b2v_inst5|Registers16bit:b2v_inst23|REG_OUTPUT_ALTERA_SYNTHESIZED[2],                            ;
;               ;                           ; IMEM:b2v_inst22|IMEM_low:b2v_inst5|Registers16bit:b2v_inst24|REG_OUTPUT_ALTERA_SYNTHESIZED[2],                            ;
;               ;                           ; IMEM:b2v_inst22|IMEM_low:b2v_inst5|Registers16bit:b2v_inst25|REG_OUTPUT_ALTERA_SYNTHESIZED[2],                            ;
;               ;                           ; IMEM:b2v_inst22|IMEM_low:b2v_inst5|Registers16bit:b2v_inst26|REG_OUTPUT_ALTERA_SYNTHESIZED[2],                            ;
;               ;                           ; IMEM:b2v_inst22|IMEM_low:b2v_inst5|Registers16bit:b2v_inst27|REG_OUTPUT_ALTERA_SYNTHESIZED[2],                            ;
;               ;                           ; IMEM:b2v_inst22|IMEM_low:b2v_inst5|Registers16bit:b2v_inst28|REG_OUTPUT_ALTERA_SYNTHESIZED[2],                            ;
;               ;                           ; IMEM:b2v_inst22|IMEM_low:b2v_inst5|Registers16bit:b2v_inst29|REG_OUTPUT_ALTERA_SYNTHESIZED[2],                            ;
;               ;                           ; IMEM:b2v_inst22|IMEM_low:b2v_inst5|Registers16bit:b2v_inst30|REG_OUTPUT_ALTERA_SYNTHESIZED[2],                            ;
;               ;                           ; IMEM:b2v_inst22|IMEM_low:b2v_inst5|Registers16bit:b2v_inst31|REG_OUTPUT_ALTERA_SYNTHESIZED[2],                            ;
;               ;                           ; IMEM:b2v_inst22|IMEM_low:b2v_inst5|Registers16bit:b2v_inst32|REG_OUTPUT_ALTERA_SYNTHESIZED[2],                            ;
;               ;                           ; IMEM:b2v_inst22|IMEM_low:b2v_inst5|Registers16bit:b2v_inst33|REG_OUTPUT_ALTERA_SYNTHESIZED[2],                            ;
;               ;                           ; IMEM:b2v_inst22|IMEM_low:b2v_inst5|Registers16bit:b2v_inst34|REG_OUTPUT_ALTERA_SYNTHESIZED[2],                            ;
;               ;                           ; IMEM:b2v_inst22|IMEM_low:b2v_inst5|Registers16bit:b2v_inst36|REG_OUTPUT_ALTERA_SYNTHESIZED[2],                            ;
;               ;                           ; IMEM:b2v_inst22|IMEM_low:b2v_inst5|Registers16bit:b2v_inst38|REG_OUTPUT_ALTERA_SYNTHESIZED[2],                            ;
;               ;                           ; IMEM:b2v_inst22|IMEM_high:b2v_inst1|Registers16bit:b2v_inst22|REG_OUTPUT_ALTERA_SYNTHESIZED[2],                           ;
;               ;                           ; IMEM:b2v_inst22|IMEM_high:b2v_inst1|Registers16bit:b2v_inst23|REG_OUTPUT_ALTERA_SYNTHESIZED[2],                           ;
;               ;                           ; IMEM:b2v_inst22|IMEM_high:b2v_inst1|Registers16bit:b2v_inst24|REG_OUTPUT_ALTERA_SYNTHESIZED[2],                           ;
;               ;                           ; IMEM:b2v_inst22|IMEM_high:b2v_inst1|Registers16bit:b2v_inst25|REG_OUTPUT_ALTERA_SYNTHESIZED[2],                           ;
;               ;                           ; IMEM:b2v_inst22|IMEM_high:b2v_inst1|Registers16bit:b2v_inst26|REG_OUTPUT_ALTERA_SYNTHESIZED[2],                           ;
;               ;                           ; IMEM:b2v_inst22|IMEM_high:b2v_inst1|Registers16bit:b2v_inst27|REG_OUTPUT_ALTERA_SYNTHESIZED[2],                           ;
;               ;                           ; IMEM:b2v_inst22|IMEM_high:b2v_inst1|Registers16bit:b2v_inst28|REG_OUTPUT_ALTERA_SYNTHESIZED[2],                           ;
;               ;                           ; IMEM:b2v_inst22|IMEM_high:b2v_inst1|Registers16bit:b2v_inst29|REG_OUTPUT_ALTERA_SYNTHESIZED[2],                           ;
;               ;                           ; IMEM:b2v_inst22|IMEM_high:b2v_inst1|Registers16bit:b2v_inst30|REG_OUTPUT_ALTERA_SYNTHESIZED[2],                           ;
;               ;                           ; IMEM:b2v_inst22|IMEM_high:b2v_inst1|Registers16bit:b2v_inst31|REG_OUTPUT_ALTERA_SYNTHESIZED[2],                           ;
;               ;                           ; IMEM:b2v_inst22|IMEM_high:b2v_inst1|Registers16bit:b2v_inst32|REG_OUTPUT_ALTERA_SYNTHESIZED[2],                           ;
;               ;                           ; IMEM:b2v_inst22|IMEM_high:b2v_inst1|Registers16bit:b2v_inst33|REG_OUTPUT_ALTERA_SYNTHESIZED[2],                           ;
;               ;                           ; IMEM:b2v_inst22|IMEM_high:b2v_inst1|Registers16bit:b2v_inst34|REG_OUTPUT_ALTERA_SYNTHESIZED[2],                           ;
;               ;                           ; IMEM:b2v_inst22|IMEM_high:b2v_inst1|Registers16bit:b2v_inst36|REG_OUTPUT_ALTERA_SYNTHESIZED[2],                           ;
;               ;                           ; IMEM:b2v_inst22|IMEM_high:b2v_inst1|Registers16bit:b2v_inst38|REG_OUTPUT_ALTERA_SYNTHESIZED[2],                           ;
;               ;                           ; IMEM:b2v_inst22|IMEM_high:b2v_inst1|Registers16bit:b2v_inst41|REG_OUTPUT_ALTERA_SYNTHESIZED[2],                           ;
;               ;                           ; IMEM:b2v_inst22|IMEM_low:b2v_inst5|Registers16bit:b2v_inst21|REG_OUTPUT_ALTERA_SYNTHESIZED[3],                            ;
;               ;                           ; IMEM:b2v_inst22|IMEM_low:b2v_inst5|Registers16bit:b2v_inst22|REG_OUTPUT_ALTERA_SYNTHESIZED[3],                            ;
;               ;                           ; IMEM:b2v_inst22|IMEM_low:b2v_inst5|Registers16bit:b2v_inst23|REG_OUTPUT_ALTERA_SYNTHESIZED[3],                            ;
;               ;                           ; IMEM:b2v_inst22|IMEM_low:b2v_inst5|Registers16bit:b2v_inst24|REG_OUTPUT_ALTERA_SYNTHESIZED[3],                            ;
;               ;                           ; IMEM:b2v_inst22|IMEM_low:b2v_inst5|Registers16bit:b2v_inst25|REG_OUTPUT_ALTERA_SYNTHESIZED[3],                            ;
;               ;                           ; IMEM:b2v_inst22|IMEM_low:b2v_inst5|Registers16bit:b2v_inst26|REG_OUTPUT_ALTERA_SYNTHESIZED[3],                            ;
;               ;                           ; IMEM:b2v_inst22|IMEM_low:b2v_inst5|Registers16bit:b2v_inst27|REG_OUTPUT_ALTERA_SYNTHESIZED[3],                            ;
;               ;                           ; IMEM:b2v_inst22|IMEM_low:b2v_inst5|Registers16bit:b2v_inst28|REG_OUTPUT_ALTERA_SYNTHESIZED[3],                            ;
;               ;                           ; IMEM:b2v_inst22|IMEM_low:b2v_inst5|Registers16bit:b2v_inst29|REG_OUTPUT_ALTERA_SYNTHESIZED[3],                            ;
;               ;                           ; IMEM:b2v_inst22|IMEM_low:b2v_inst5|Registers16bit:b2v_inst30|REG_OUTPUT_ALTERA_SYNTHESIZED[3],                            ;
;               ;                           ; IMEM:b2v_inst22|IMEM_low:b2v_inst5|Registers16bit:b2v_inst31|REG_OUTPUT_ALTERA_SYNTHESIZED[3],                            ;
;               ;                           ; IMEM:b2v_inst22|IMEM_low:b2v_inst5|Registers16bit:b2v_inst32|REG_OUTPUT_ALTERA_SYNTHESIZED[3],                            ;
;               ;                           ; IMEM:b2v_inst22|IMEM_low:b2v_inst5|Registers16bit:b2v_inst33|REG_OUTPUT_ALTERA_SYNTHESIZED[3],                            ;
;               ;                           ; IMEM:b2v_inst22|IMEM_low:b2v_inst5|Registers16bit:b2v_inst34|REG_OUTPUT_ALTERA_SYNTHESIZED[3],                            ;
;               ;                           ; IMEM:b2v_inst22|IMEM_low:b2v_inst5|Registers16bit:b2v_inst36|REG_OUTPUT_ALTERA_SYNTHESIZED[3],                            ;
;               ;                           ; IMEM:b2v_inst22|IMEM_low:b2v_inst5|Registers16bit:b2v_inst38|REG_OUTPUT_ALTERA_SYNTHESIZED[3],                            ;
;               ;                           ; IMEM:b2v_inst22|IMEM_high:b2v_inst1|Registers16bit:b2v_inst22|REG_OUTPUT_ALTERA_SYNTHESIZED[3],                           ;
;               ;                           ; IMEM:b2v_inst22|IMEM_high:b2v_inst1|Registers16bit:b2v_inst23|REG_OUTPUT_ALTERA_SYNTHESIZED[3],                           ;
;               ;                           ; IMEM:b2v_inst22|IMEM_high:b2v_inst1|Registers16bit:b2v_inst24|REG_OUTPUT_ALTERA_SYNTHESIZED[3],                           ;
;               ;                           ; IMEM:b2v_inst22|IMEM_high:b2v_inst1|Registers16bit:b2v_inst25|REG_OUTPUT_ALTERA_SYNTHESIZED[3],                           ;
;               ;                           ; IMEM:b2v_inst22|IMEM_high:b2v_inst1|Registers16bit:b2v_inst26|REG_OUTPUT_ALTERA_SYNTHESIZED[3],                           ;
;               ;                           ; IMEM:b2v_inst22|IMEM_high:b2v_inst1|Registers16bit:b2v_inst27|REG_OUTPUT_ALTERA_SYNTHESIZED[3],                           ;
;               ;                           ; IMEM:b2v_inst22|IMEM_high:b2v_inst1|Registers16bit:b2v_inst28|REG_OUTPUT_ALTERA_SYNTHESIZED[3],                           ;
;               ;                           ; IMEM:b2v_inst22|IMEM_high:b2v_inst1|Registers16bit:b2v_inst29|REG_OUTPUT_ALTERA_SYNTHESIZED[3],                           ;
;               ;                           ; IMEM:b2v_inst22|IMEM_high:b2v_inst1|Registers16bit:b2v_inst30|REG_OUTPUT_ALTERA_SYNTHESIZED[3],                           ;
;               ;                           ; IMEM:b2v_inst22|IMEM_high:b2v_inst1|Registers16bit:b2v_inst31|REG_OUTPUT_ALTERA_SYNTHESIZED[3],                           ;
;               ;                           ; IMEM:b2v_inst22|IMEM_high:b2v_inst1|Registers16bit:b2v_inst32|REG_OUTPUT_ALTERA_SYNTHESIZED[3],                           ;
;               ;                           ; IMEM:b2v_inst22|IMEM_high:b2v_inst1|Registers16bit:b2v_inst33|REG_OUTPUT_ALTERA_SYNTHESIZED[3],                           ;
;               ;                           ; IMEM:b2v_inst22|IMEM_high:b2v_inst1|Registers16bit:b2v_inst34|REG_OUTPUT_ALTERA_SYNTHESIZED[3],                           ;
;               ;                           ; IMEM:b2v_inst22|IMEM_high:b2v_inst1|Registers16bit:b2v_inst36|REG_OUTPUT_ALTERA_SYNTHESIZED[3],                           ;
;               ;                           ; IMEM:b2v_inst22|IMEM_high:b2v_inst1|Registers16bit:b2v_inst38|REG_OUTPUT_ALTERA_SYNTHESIZED[3],                           ;
;               ;                           ; IMEM:b2v_inst22|IMEM_high:b2v_inst1|Registers16bit:b2v_inst41|REG_OUTPUT_ALTERA_SYNTHESIZED[3],                           ;
;               ;                           ; IMEM:b2v_inst22|IMEM_low:b2v_inst5|Registers16bit:b2v_inst21|REG_OUTPUT_ALTERA_SYNTHESIZED[4],                            ;
;               ;                           ; IMEM:b2v_inst22|IMEM_low:b2v_inst5|Registers16bit:b2v_inst22|REG_OUTPUT_ALTERA_SYNTHESIZED[4],                            ;
;               ;                           ; IMEM:b2v_inst22|IMEM_low:b2v_inst5|Registers16bit:b2v_inst23|REG_OUTPUT_ALTERA_SYNTHESIZED[4],                            ;
;               ;                           ; IMEM:b2v_inst22|IMEM_low:b2v_inst5|Registers16bit:b2v_inst24|REG_OUTPUT_ALTERA_SYNTHESIZED[4],                            ;
;               ;                           ; IMEM:b2v_inst22|IMEM_low:b2v_inst5|Registers16bit:b2v_inst25|REG_OUTPUT_ALTERA_SYNTHESIZED[4],                            ;
;               ;                           ; IMEM:b2v_inst22|IMEM_low:b2v_inst5|Registers16bit:b2v_inst26|REG_OUTPUT_ALTERA_SYNTHESIZED[4],                            ;
;               ;                           ; IMEM:b2v_inst22|IMEM_low:b2v_inst5|Registers16bit:b2v_inst27|REG_OUTPUT_ALTERA_SYNTHESIZED[4],                            ;
;               ;                           ; IMEM:b2v_inst22|IMEM_low:b2v_inst5|Registers16bit:b2v_inst28|REG_OUTPUT_ALTERA_SYNTHESIZED[4],                            ;
;               ;                           ; IMEM:b2v_inst22|IMEM_low:b2v_inst5|Registers16bit:b2v_inst29|REG_OUTPUT_ALTERA_SYNTHESIZED[4],                            ;
;               ;                           ; IMEM:b2v_inst22|IMEM_low:b2v_inst5|Registers16bit:b2v_inst30|REG_OUTPUT_ALTERA_SYNTHESIZED[4],                            ;
;               ;                           ; IMEM:b2v_inst22|IMEM_low:b2v_inst5|Registers16bit:b2v_inst31|REG_OUTPUT_ALTERA_SYNTHESIZED[4],                            ;
;               ;                           ; IMEM:b2v_inst22|IMEM_low:b2v_inst5|Registers16bit:b2v_inst32|REG_OUTPUT_ALTERA_SYNTHESIZED[4],                            ;
;               ;                           ; IMEM:b2v_inst22|IMEM_low:b2v_inst5|Registers16bit:b2v_inst33|REG_OUTPUT_ALTERA_SYNTHESIZED[4],                            ;
;               ;                           ; IMEM:b2v_inst22|IMEM_low:b2v_inst5|Registers16bit:b2v_inst34|REG_OUTPUT_ALTERA_SYNTHESIZED[4],                            ;
;               ;                           ; IMEM:b2v_inst22|IMEM_low:b2v_inst5|Registers16bit:b2v_inst36|REG_OUTPUT_ALTERA_SYNTHESIZED[4],                            ;
;               ;                           ; IMEM:b2v_inst22|IMEM_low:b2v_inst5|Registers16bit:b2v_inst38|REG_OUTPUT_ALTERA_SYNTHESIZED[4],                            ;
;               ;                           ; IMEM:b2v_inst22|IMEM_high:b2v_inst1|Registers16bit:b2v_inst22|REG_OUTPUT_ALTERA_SYNTHESIZED[4],                           ;
;               ;                           ; IMEM:b2v_inst22|IMEM_high:b2v_inst1|Registers16bit:b2v_inst23|REG_OUTPUT_ALTERA_SYNTHESIZED[4],                           ;
;               ;                           ; IMEM:b2v_inst22|IMEM_high:b2v_inst1|Registers16bit:b2v_inst24|REG_OUTPUT_ALTERA_SYNTHESIZED[4],                           ;
;               ;                           ; IMEM:b2v_inst22|IMEM_high:b2v_inst1|Registers16bit:b2v_inst25|REG_OUTPUT_ALTERA_SYNTHESIZED[4],                           ;
;               ;                           ; IMEM:b2v_inst22|IMEM_high:b2v_inst1|Registers16bit:b2v_inst26|REG_OUTPUT_ALTERA_SYNTHESIZED[4],                           ;
;               ;                           ; IMEM:b2v_inst22|IMEM_high:b2v_inst1|Registers16bit:b2v_inst27|REG_OUTPUT_ALTERA_SYNTHESIZED[4],                           ;
;               ;                           ; IMEM:b2v_inst22|IMEM_high:b2v_inst1|Registers16bit:b2v_inst28|REG_OUTPUT_ALTERA_SYNTHESIZED[4],                           ;
;               ;                           ; IMEM:b2v_inst22|IMEM_high:b2v_inst1|Registers16bit:b2v_inst29|REG_OUTPUT_ALTERA_SYNTHESIZED[4],                           ;
;               ;                           ; IMEM:b2v_inst22|IMEM_high:b2v_inst1|Registers16bit:b2v_inst30|REG_OUTPUT_ALTERA_SYNTHESIZED[4],                           ;
;               ;                           ; IMEM:b2v_inst22|IMEM_high:b2v_inst1|Registers16bit:b2v_inst31|REG_OUTPUT_ALTERA_SYNTHESIZED[4],                           ;
;               ;                           ; IMEM:b2v_inst22|IMEM_high:b2v_inst1|Registers16bit:b2v_inst32|REG_OUTPUT_ALTERA_SYNTHESIZED[4],                           ;
;               ;                           ; IMEM:b2v_inst22|IMEM_high:b2v_inst1|Registers16bit:b2v_inst33|REG_OUTPUT_ALTERA_SYNTHESIZED[4],                           ;
;               ;                           ; IMEM:b2v_inst22|IMEM_high:b2v_inst1|Registers16bit:b2v_inst34|REG_OUTPUT_ALTERA_SYNTHESIZED[4],                           ;
;               ;                           ; IMEM:b2v_inst22|IMEM_high:b2v_inst1|Registers16bit:b2v_inst36|REG_OUTPUT_ALTERA_SYNTHESIZED[4],                           ;
;               ;                           ; IMEM:b2v_inst22|IMEM_high:b2v_inst1|Registers16bit:b2v_inst38|REG_OUTPUT_ALTERA_SYNTHESIZED[4],                           ;
;               ;                           ; IMEM:b2v_inst22|IMEM_high:b2v_inst1|Registers16bit:b2v_inst41|REG_OUTPUT_ALTERA_SYNTHESIZED[4],                           ;
;               ;                           ; IMEM:b2v_inst22|IMEM_low:b2v_inst5|Registers16bit:b2v_inst21|REG_OUTPUT_ALTERA_SYNTHESIZED[5],                            ;
;               ;                           ; IMEM:b2v_inst22|IMEM_low:b2v_inst5|Registers16bit:b2v_inst22|REG_OUTPUT_ALTERA_SYNTHESIZED[5],                            ;
;               ;                           ; IMEM:b2v_inst22|IMEM_low:b2v_inst5|Registers16bit:b2v_inst23|REG_OUTPUT_ALTERA_SYNTHESIZED[5],                            ;
;               ;                           ; IMEM:b2v_inst22|IMEM_low:b2v_inst5|Registers16bit:b2v_inst24|REG_OUTPUT_ALTERA_SYNTHESIZED[5],                            ;
;               ;                           ; IMEM:b2v_inst22|IMEM_low:b2v_inst5|Registers16bit:b2v_inst25|REG_OUTPUT_ALTERA_SYNTHESIZED[5],                            ;
;               ;                           ; IMEM:b2v_inst22|IMEM_low:b2v_inst5|Registers16bit:b2v_inst26|REG_OUTPUT_ALTERA_SYNTHESIZED[5],                            ;
;               ;                           ; IMEM:b2v_inst22|IMEM_low:b2v_inst5|Registers16bit:b2v_inst27|REG_OUTPUT_ALTERA_SYNTHESIZED[5],                            ;
;               ;                           ; IMEM:b2v_inst22|IMEM_low:b2v_inst5|Registers16bit:b2v_inst28|REG_OUTPUT_ALTERA_SYNTHESIZED[5],                            ;
;               ;                           ; IMEM:b2v_inst22|IMEM_low:b2v_inst5|Registers16bit:b2v_inst29|REG_OUTPUT_ALTERA_SYNTHESIZED[5],                            ;
;               ;                           ; IMEM:b2v_inst22|IMEM_low:b2v_inst5|Registers16bit:b2v_inst30|REG_OUTPUT_ALTERA_SYNTHESIZED[5],                            ;
;               ;                           ; IMEM:b2v_inst22|IMEM_low:b2v_inst5|Registers16bit:b2v_inst31|REG_OUTPUT_ALTERA_SYNTHESIZED[5],                            ;
;               ;                           ; IMEM:b2v_inst22|IMEM_low:b2v_inst5|Registers16bit:b2v_inst32|REG_OUTPUT_ALTERA_SYNTHESIZED[5],                            ;
;               ;                           ; IMEM:b2v_inst22|IMEM_low:b2v_inst5|Registers16bit:b2v_inst33|REG_OUTPUT_ALTERA_SYNTHESIZED[5],                            ;
;               ;                           ; IMEM:b2v_inst22|IMEM_low:b2v_inst5|Registers16bit:b2v_inst34|REG_OUTPUT_ALTERA_SYNTHESIZED[5],                            ;
;               ;                           ; IMEM:b2v_inst22|IMEM_low:b2v_inst5|Registers16bit:b2v_inst36|REG_OUTPUT_ALTERA_SYNTHESIZED[5],                            ;
;               ;                           ; IMEM:b2v_inst22|IMEM_low:b2v_inst5|Registers16bit:b2v_inst38|REG_OUTPUT_ALTERA_SYNTHESIZED[5],                            ;
;               ;                           ; IMEM:b2v_inst22|IMEM_high:b2v_inst1|Registers16bit:b2v_inst22|REG_OUTPUT_ALTERA_SYNTHESIZED[5],                           ;
;               ;                           ; IMEM:b2v_inst22|IMEM_high:b2v_inst1|Registers16bit:b2v_inst23|REG_OUTPUT_ALTERA_SYNTHESIZED[5],                           ;
;               ;                           ; IMEM:b2v_inst22|IMEM_high:b2v_inst1|Registers16bit:b2v_inst24|REG_OUTPUT_ALTERA_SYNTHESIZED[5],                           ;
;               ;                           ; IMEM:b2v_inst22|IMEM_high:b2v_inst1|Registers16bit:b2v_inst25|REG_OUTPUT_ALTERA_SYNTHESIZED[5],                           ;
;               ;                           ; IMEM:b2v_inst22|IMEM_high:b2v_inst1|Registers16bit:b2v_inst26|REG_OUTPUT_ALTERA_SYNTHESIZED[5],                           ;
;               ;                           ; IMEM:b2v_inst22|IMEM_high:b2v_inst1|Registers16bit:b2v_inst27|REG_OUTPUT_ALTERA_SYNTHESIZED[5],                           ;
;               ;                           ; IMEM:b2v_inst22|IMEM_high:b2v_inst1|Registers16bit:b2v_inst28|REG_OUTPUT_ALTERA_SYNTHESIZED[5],                           ;
;               ;                           ; IMEM:b2v_inst22|IMEM_high:b2v_inst1|Registers16bit:b2v_inst29|REG_OUTPUT_ALTERA_SYNTHESIZED[5],                           ;
;               ;                           ; IMEM:b2v_inst22|IMEM_high:b2v_inst1|Registers16bit:b2v_inst30|REG_OUTPUT_ALTERA_SYNTHESIZED[5],                           ;
;               ;                           ; IMEM:b2v_inst22|IMEM_high:b2v_inst1|Registers16bit:b2v_inst31|REG_OUTPUT_ALTERA_SYNTHESIZED[5],                           ;
;               ;                           ; IMEM:b2v_inst22|IMEM_high:b2v_inst1|Registers16bit:b2v_inst32|REG_OUTPUT_ALTERA_SYNTHESIZED[5],                           ;
;               ;                           ; IMEM:b2v_inst22|IMEM_high:b2v_inst1|Registers16bit:b2v_inst33|REG_OUTPUT_ALTERA_SYNTHESIZED[5],                           ;
;               ;                           ; IMEM:b2v_inst22|IMEM_high:b2v_inst1|Registers16bit:b2v_inst34|REG_OUTPUT_ALTERA_SYNTHESIZED[5],                           ;
;               ;                           ; IMEM:b2v_inst22|IMEM_high:b2v_inst1|Registers16bit:b2v_inst36|REG_OUTPUT_ALTERA_SYNTHESIZED[5],                           ;
;               ;                           ; IMEM:b2v_inst22|IMEM_high:b2v_inst1|Registers16bit:b2v_inst38|REG_OUTPUT_ALTERA_SYNTHESIZED[5],                           ;
;               ;                           ; IMEM:b2v_inst22|IMEM_high:b2v_inst1|Registers16bit:b2v_inst41|REG_OUTPUT_ALTERA_SYNTHESIZED[5],                           ;
;               ;                           ; IMEM:b2v_inst22|IMEM_low:b2v_inst5|Registers16bit:b2v_inst21|REG_OUTPUT_ALTERA_SYNTHESIZED[6],                            ;
;               ;                           ; IMEM:b2v_inst22|IMEM_low:b2v_inst5|Registers16bit:b2v_inst22|REG_OUTPUT_ALTERA_SYNTHESIZED[6],                            ;
;               ;                           ; IMEM:b2v_inst22|IMEM_low:b2v_inst5|Registers16bit:b2v_inst23|REG_OUTPUT_ALTERA_SYNTHESIZED[6],                            ;
;               ;                           ; IMEM:b2v_inst22|IMEM_low:b2v_inst5|Registers16bit:b2v_inst24|REG_OUTPUT_ALTERA_SYNTHESIZED[6],                            ;
;               ;                           ; IMEM:b2v_inst22|IMEM_low:b2v_inst5|Registers16bit:b2v_inst25|REG_OUTPUT_ALTERA_SYNTHESIZED[6],                            ;
;               ;                           ; IMEM:b2v_inst22|IMEM_low:b2v_inst5|Registers16bit:b2v_inst26|REG_OUTPUT_ALTERA_SYNTHESIZED[6],                            ;
;               ;                           ; IMEM:b2v_inst22|IMEM_low:b2v_inst5|Registers16bit:b2v_inst27|REG_OUTPUT_ALTERA_SYNTHESIZED[6],                            ;
;               ;                           ; IMEM:b2v_inst22|IMEM_low:b2v_inst5|Registers16bit:b2v_inst28|REG_OUTPUT_ALTERA_SYNTHESIZED[6],                            ;
;               ;                           ; IMEM:b2v_inst22|IMEM_low:b2v_inst5|Registers16bit:b2v_inst29|REG_OUTPUT_ALTERA_SYNTHESIZED[6],                            ;
;               ;                           ; IMEM:b2v_inst22|IMEM_low:b2v_inst5|Registers16bit:b2v_inst30|REG_OUTPUT_ALTERA_SYNTHESIZED[6],                            ;
;               ;                           ; IMEM:b2v_inst22|IMEM_low:b2v_inst5|Registers16bit:b2v_inst31|REG_OUTPUT_ALTERA_SYNTHESIZED[6],                            ;
;               ;                           ; IMEM:b2v_inst22|IMEM_low:b2v_inst5|Registers16bit:b2v_inst32|REG_OUTPUT_ALTERA_SYNTHESIZED[6],                            ;
;               ;                           ; IMEM:b2v_inst22|IMEM_low:b2v_inst5|Registers16bit:b2v_inst33|REG_OUTPUT_ALTERA_SYNTHESIZED[6],                            ;
;               ;                           ; IMEM:b2v_inst22|IMEM_low:b2v_inst5|Registers16bit:b2v_inst34|REG_OUTPUT_ALTERA_SYNTHESIZED[6],                            ;
;               ;                           ; IMEM:b2v_inst22|IMEM_low:b2v_inst5|Registers16bit:b2v_inst36|REG_OUTPUT_ALTERA_SYNTHESIZED[6],                            ;
;               ;                           ; IMEM:b2v_inst22|IMEM_low:b2v_inst5|Registers16bit:b2v_inst38|REG_OUTPUT_ALTERA_SYNTHESIZED[6],                            ;
;               ;                           ; IMEM:b2v_inst22|IMEM_high:b2v_inst1|Registers16bit:b2v_inst22|REG_OUTPUT_ALTERA_SYNTHESIZED[6],                           ;
;               ;                           ; IMEM:b2v_inst22|IMEM_high:b2v_inst1|Registers16bit:b2v_inst23|REG_OUTPUT_ALTERA_SYNTHESIZED[6],                           ;
;               ;                           ; IMEM:b2v_inst22|IMEM_high:b2v_inst1|Registers16bit:b2v_inst24|REG_OUTPUT_ALTERA_SYNTHESIZED[6],                           ;
;               ;                           ; IMEM:b2v_inst22|IMEM_high:b2v_inst1|Registers16bit:b2v_inst25|REG_OUTPUT_ALTERA_SYNTHESIZED[6],                           ;
;               ;                           ; IMEM:b2v_inst22|IMEM_high:b2v_inst1|Registers16bit:b2v_inst26|REG_OUTPUT_ALTERA_SYNTHESIZED[6],                           ;
;               ;                           ; IMEM:b2v_inst22|IMEM_high:b2v_inst1|Registers16bit:b2v_inst27|REG_OUTPUT_ALTERA_SYNTHESIZED[6],                           ;
;               ;                           ; IMEM:b2v_inst22|IMEM_high:b2v_inst1|Registers16bit:b2v_inst28|REG_OUTPUT_ALTERA_SYNTHESIZED[6],                           ;
;               ;                           ; IMEM:b2v_inst22|IMEM_high:b2v_inst1|Registers16bit:b2v_inst29|REG_OUTPUT_ALTERA_SYNTHESIZED[6],                           ;
;               ;                           ; IMEM:b2v_inst22|IMEM_high:b2v_inst1|Registers16bit:b2v_inst30|REG_OUTPUT_ALTERA_SYNTHESIZED[6],                           ;
;               ;                           ; IMEM:b2v_inst22|IMEM_high:b2v_inst1|Registers16bit:b2v_inst31|REG_OUTPUT_ALTERA_SYNTHESIZED[6],                           ;
;               ;                           ; IMEM:b2v_inst22|IMEM_high:b2v_inst1|Registers16bit:b2v_inst32|REG_OUTPUT_ALTERA_SYNTHESIZED[6],                           ;
;               ;                           ; IMEM:b2v_inst22|IMEM_high:b2v_inst1|Registers16bit:b2v_inst33|REG_OUTPUT_ALTERA_SYNTHESIZED[6],                           ;
;               ;                           ; IMEM:b2v_inst22|IMEM_high:b2v_inst1|Registers16bit:b2v_inst34|REG_OUTPUT_ALTERA_SYNTHESIZED[6],                           ;
;               ;                           ; IMEM:b2v_inst22|IMEM_high:b2v_inst1|Registers16bit:b2v_inst36|REG_OUTPUT_ALTERA_SYNTHESIZED[6],                           ;
;               ;                           ; IMEM:b2v_inst22|IMEM_high:b2v_inst1|Registers16bit:b2v_inst38|REG_OUTPUT_ALTERA_SYNTHESIZED[6],                           ;
;               ;                           ; IMEM:b2v_inst22|IMEM_high:b2v_inst1|Registers16bit:b2v_inst41|REG_OUTPUT_ALTERA_SYNTHESIZED[6],                           ;
;               ;                           ; IMEM:b2v_inst22|IMEM_low:b2v_inst5|Registers16bit:b2v_inst21|REG_OUTPUT_ALTERA_SYNTHESIZED[7],                            ;
;               ;                           ; IMEM:b2v_inst22|IMEM_low:b2v_inst5|Registers16bit:b2v_inst22|REG_OUTPUT_ALTERA_SYNTHESIZED[7],                            ;
;               ;                           ; IMEM:b2v_inst22|IMEM_low:b2v_inst5|Registers16bit:b2v_inst23|REG_OUTPUT_ALTERA_SYNTHESIZED[7],                            ;
;               ;                           ; IMEM:b2v_inst22|IMEM_low:b2v_inst5|Registers16bit:b2v_inst24|REG_OUTPUT_ALTERA_SYNTHESIZED[7],                            ;
;               ;                           ; IMEM:b2v_inst22|IMEM_low:b2v_inst5|Registers16bit:b2v_inst25|REG_OUTPUT_ALTERA_SYNTHESIZED[7],                            ;
;               ;                           ; IMEM:b2v_inst22|IMEM_low:b2v_inst5|Registers16bit:b2v_inst26|REG_OUTPUT_ALTERA_SYNTHESIZED[7],                            ;
;               ;                           ; IMEM:b2v_inst22|IMEM_low:b2v_inst5|Registers16bit:b2v_inst27|REG_OUTPUT_ALTERA_SYNTHESIZED[7],                            ;
;               ;                           ; IMEM:b2v_inst22|IMEM_low:b2v_inst5|Registers16bit:b2v_inst28|REG_OUTPUT_ALTERA_SYNTHESIZED[7],                            ;
;               ;                           ; IMEM:b2v_inst22|IMEM_low:b2v_inst5|Registers16bit:b2v_inst29|REG_OUTPUT_ALTERA_SYNTHESIZED[7],                            ;
;               ;                           ; IMEM:b2v_inst22|IMEM_low:b2v_inst5|Registers16bit:b2v_inst30|REG_OUTPUT_ALTERA_SYNTHESIZED[7],                            ;
;               ;                           ; IMEM:b2v_inst22|IMEM_low:b2v_inst5|Registers16bit:b2v_inst31|REG_OUTPUT_ALTERA_SYNTHESIZED[7],                            ;
;               ;                           ; IMEM:b2v_inst22|IMEM_low:b2v_inst5|Registers16bit:b2v_inst32|REG_OUTPUT_ALTERA_SYNTHESIZED[7],                            ;
;               ;                           ; IMEM:b2v_inst22|IMEM_low:b2v_inst5|Registers16bit:b2v_inst33|REG_OUTPUT_ALTERA_SYNTHESIZED[7],                            ;
;               ;                           ; IMEM:b2v_inst22|IMEM_low:b2v_inst5|Registers16bit:b2v_inst34|REG_OUTPUT_ALTERA_SYNTHESIZED[7],                            ;
;               ;                           ; IMEM:b2v_inst22|IMEM_low:b2v_inst5|Registers16bit:b2v_inst36|REG_OUTPUT_ALTERA_SYNTHESIZED[7],                            ;
;               ;                           ; IMEM:b2v_inst22|IMEM_low:b2v_inst5|Registers16bit:b2v_inst38|REG_OUTPUT_ALTERA_SYNTHESIZED[7],                            ;
;               ;                           ; IMEM:b2v_inst22|IMEM_high:b2v_inst1|Registers16bit:b2v_inst22|REG_OUTPUT_ALTERA_SYNTHESIZED[7],                           ;
;               ;                           ; IMEM:b2v_inst22|IMEM_high:b2v_inst1|Registers16bit:b2v_inst23|REG_OUTPUT_ALTERA_SYNTHESIZED[7],                           ;
;               ;                           ; IMEM:b2v_inst22|IMEM_high:b2v_inst1|Registers16bit:b2v_inst24|REG_OUTPUT_ALTERA_SYNTHESIZED[7],                           ;
;               ;                           ; IMEM:b2v_inst22|IMEM_high:b2v_inst1|Registers16bit:b2v_inst25|REG_OUTPUT_ALTERA_SYNTHESIZED[7],                           ;
;               ;                           ; IMEM:b2v_inst22|IMEM_high:b2v_inst1|Registers16bit:b2v_inst26|REG_OUTPUT_ALTERA_SYNTHESIZED[7],                           ;
;               ;                           ; IMEM:b2v_inst22|IMEM_high:b2v_inst1|Registers16bit:b2v_inst27|REG_OUTPUT_ALTERA_SYNTHESIZED[7],                           ;
;               ;                           ; IMEM:b2v_inst22|IMEM_high:b2v_inst1|Registers16bit:b2v_inst28|REG_OUTPUT_ALTERA_SYNTHESIZED[7],                           ;
;               ;                           ; IMEM:b2v_inst22|IMEM_high:b2v_inst1|Registers16bit:b2v_inst29|REG_OUTPUT_ALTERA_SYNTHESIZED[7],                           ;
;               ;                           ; IMEM:b2v_inst22|IMEM_high:b2v_inst1|Registers16bit:b2v_inst30|REG_OUTPUT_ALTERA_SYNTHESIZED[7],                           ;
;               ;                           ; IMEM:b2v_inst22|IMEM_high:b2v_inst1|Registers16bit:b2v_inst31|REG_OUTPUT_ALTERA_SYNTHESIZED[7],                           ;
;               ;                           ; IMEM:b2v_inst22|IMEM_high:b2v_inst1|Registers16bit:b2v_inst32|REG_OUTPUT_ALTERA_SYNTHESIZED[7],                           ;
;               ;                           ; IMEM:b2v_inst22|IMEM_high:b2v_inst1|Registers16bit:b2v_inst33|REG_OUTPUT_ALTERA_SYNTHESIZED[7],                           ;
;               ;                           ; IMEM:b2v_inst22|IMEM_high:b2v_inst1|Registers16bit:b2v_inst34|REG_OUTPUT_ALTERA_SYNTHESIZED[7],                           ;
;               ;                           ; IMEM:b2v_inst22|IMEM_high:b2v_inst1|Registers16bit:b2v_inst36|REG_OUTPUT_ALTERA_SYNTHESIZED[7],                           ;
;               ;                           ; IMEM:b2v_inst22|IMEM_high:b2v_inst1|Registers16bit:b2v_inst38|REG_OUTPUT_ALTERA_SYNTHESIZED[7],                           ;
;               ;                           ; IMEM:b2v_inst22|IMEM_high:b2v_inst1|Registers16bit:b2v_inst41|REG_OUTPUT_ALTERA_SYNTHESIZED[7],                           ;
;               ;                           ; DMEM:b2v_inst8|Registers8bit:b2v_inst|REG_OUTPUT_ALTERA_SYNTHESIZED[7],                                                   ;
;               ;                           ; DMEM:b2v_inst8|Registers8bit:b2v_inst1|REG_OUTPUT_ALTERA_SYNTHESIZED[7],                                                  ;
;               ;                           ; DMEM:b2v_inst8|Registers8bit:b2v_inst2|REG_OUTPUT_ALTERA_SYNTHESIZED[7],                                                  ;
;               ;                           ; DMEM:b2v_inst8|Registers8bit:b2v_inst3|REG_OUTPUT_ALTERA_SYNTHESIZED[7],                                                  ;
;               ;                           ; DMEM:b2v_inst8|Registers8bit:b2v_inst4|REG_OUTPUT_ALTERA_SYNTHESIZED[7],                                                  ;
;               ;                           ; DMEM:b2v_inst8|Registers8bit:b2v_inst6|REG_OUTPUT_ALTERA_SYNTHESIZED[7],                                                  ;
;               ;                           ; DMEM:b2v_inst8|Registers8bit:b2v_inst7|REG_OUTPUT_ALTERA_SYNTHESIZED[7],                                                  ;
;               ;                           ; DMEM:b2v_inst8|Registers8bit:b2v_inst8|REG_OUTPUT_ALTERA_SYNTHESIZED[7],                                                  ;
;               ;                           ; DMEM:b2v_inst8|Registers8bit:b2v_inst10|REG_OUTPUT_ALTERA_SYNTHESIZED[7],                                                 ;
;               ;                           ; ALU:b2v_inst6|Flag_Registers:b2v_inst1|DFF_Negative,                                                                      ;
;               ;                           ; ALU:b2v_inst6|Flag_Registers:b2v_inst1|DFF_Zero,                                                                          ;
;               ;                           ; ALU:b2v_inst6|Flag_Registers:b2v_inst1|DFF_Carry,                                                                         ;
;               ;                           ; ALU:b2v_inst6|Flag_Registers:b2v_inst1|DFF_OverFlow,                                                                      ;
;               ;                           ; DMEM:b2v_inst8|Registers8bit:b2v_inst8|REG_OUTPUT_ALTERA_SYNTHESIZED[0],                                                  ;
;               ;                           ; 4x8BitRegisters:b2v_inst|Registers8bit:b2v_D|REG_OUTPUT_ALTERA_SYNTHESIZED[0],                                            ;
;               ;                           ; DMEM:b2v_inst8|Registers8bit:b2v_inst8|REG_OUTPUT_ALTERA_SYNTHESIZED[1],                                                  ;
;               ;                           ; 4x8BitRegisters:b2v_inst|Registers8bit:b2v_D|REG_OUTPUT_ALTERA_SYNTHESIZED[1],                                            ;
;               ;                           ; DMEM:b2v_inst8|Registers8bit:b2v_inst8|REG_OUTPUT_ALTERA_SYNTHESIZED[2],                                                  ;
;               ;                           ; 4x8BitRegisters:b2v_inst|Registers8bit:b2v_D|REG_OUTPUT_ALTERA_SYNTHESIZED[2],                                            ;
;               ;                           ; DMEM:b2v_inst8|Registers8bit:b2v_inst8|REG_OUTPUT_ALTERA_SYNTHESIZED[3],                                                  ;
;               ;                           ; 4x8BitRegisters:b2v_inst|Registers8bit:b2v_D|REG_OUTPUT_ALTERA_SYNTHESIZED[3],                                            ;
;               ;                           ; DMEM:b2v_inst8|Registers8bit:b2v_inst8|REG_OUTPUT_ALTERA_SYNTHESIZED[4],                                                  ;
;               ;                           ; DMEM:b2v_inst8|Registers8bit:b2v_inst8|REG_OUTPUT_ALTERA_SYNTHESIZED[5],                                                  ;
;               ;                           ; DMEM:b2v_inst8|Registers8bit:b2v_inst8|REG_OUTPUT_ALTERA_SYNTHESIZED[6],                                                  ;
;               ;                           ; DMEM:b2v_inst8|Registers8bit:b2v_inst7|REG_OUTPUT_ALTERA_SYNTHESIZED[0],                                                  ;
;               ;                           ; 4x8BitRegisters:b2v_inst|Registers8bit:b2v_C|REG_OUTPUT_ALTERA_SYNTHESIZED[0],                                            ;
;               ;                           ; DMEM:b2v_inst8|Registers8bit:b2v_inst7|REG_OUTPUT_ALTERA_SYNTHESIZED[1],                                                  ;
;               ;                           ; 4x8BitRegisters:b2v_inst|Registers8bit:b2v_C|REG_OUTPUT_ALTERA_SYNTHESIZED[1],                                            ;
;               ;                           ; DMEM:b2v_inst8|Registers8bit:b2v_inst7|REG_OUTPUT_ALTERA_SYNTHESIZED[2],                                                  ;
;               ;                           ; 4x8BitRegisters:b2v_inst|Registers8bit:b2v_C|REG_OUTPUT_ALTERA_SYNTHESIZED[2],                                            ;
;               ;                           ; DMEM:b2v_inst8|Registers8bit:b2v_inst7|REG_OUTPUT_ALTERA_SYNTHESIZED[3],                                                  ;
;               ;                           ; 4x8BitRegisters:b2v_inst|Registers8bit:b2v_C|REG_OUTPUT_ALTERA_SYNTHESIZED[3],                                            ;
;               ;                           ; DMEM:b2v_inst8|Registers8bit:b2v_inst7|REG_OUTPUT_ALTERA_SYNTHESIZED[4],                                                  ;
;               ;                           ; DMEM:b2v_inst8|Registers8bit:b2v_inst7|REG_OUTPUT_ALTERA_SYNTHESIZED[5],                                                  ;
;               ;                           ; DMEM:b2v_inst8|Registers8bit:b2v_inst7|REG_OUTPUT_ALTERA_SYNTHESIZED[6],                                                  ;
;               ;                           ; DMEM:b2v_inst8|Registers8bit:b2v_inst6|REG_OUTPUT_ALTERA_SYNTHESIZED[0],                                                  ;
;               ;                           ; 4x8BitRegisters:b2v_inst|Registers8bit:b2v_B|REG_OUTPUT_ALTERA_SYNTHESIZED[0],                                            ;
;               ;                           ; DMEM:b2v_inst8|Registers8bit:b2v_inst6|REG_OUTPUT_ALTERA_SYNTHESIZED[1],                                                  ;
;               ;                           ; 4x8BitRegisters:b2v_inst|Registers8bit:b2v_B|REG_OUTPUT_ALTERA_SYNTHESIZED[1],                                            ;
;               ;                           ; DMEM:b2v_inst8|Registers8bit:b2v_inst6|REG_OUTPUT_ALTERA_SYNTHESIZED[2],                                                  ;
;               ;                           ; 4x8BitRegisters:b2v_inst|Registers8bit:b2v_B|REG_OUTPUT_ALTERA_SYNTHESIZED[2],                                            ;
;               ;                           ; DMEM:b2v_inst8|Registers8bit:b2v_inst6|REG_OUTPUT_ALTERA_SYNTHESIZED[3],                                                  ;
;               ;                           ; 4x8BitRegisters:b2v_inst|Registers8bit:b2v_B|REG_OUTPUT_ALTERA_SYNTHESIZED[3],                                            ;
;               ;                           ; DMEM:b2v_inst8|Registers8bit:b2v_inst6|REG_OUTPUT_ALTERA_SYNTHESIZED[4],                                                  ;
;               ;                           ; DMEM:b2v_inst8|Registers8bit:b2v_inst6|REG_OUTPUT_ALTERA_SYNTHESIZED[5],                                                  ;
;               ;                           ; DMEM:b2v_inst8|Registers8bit:b2v_inst6|REG_OUTPUT_ALTERA_SYNTHESIZED[6],                                                  ;
;               ;                           ; DMEM:b2v_inst8|Registers8bit:b2v_inst4|REG_OUTPUT_ALTERA_SYNTHESIZED[0],                                                  ;
;               ;                           ; 4x8BitRegisters:b2v_inst|Registers8bit:b2v_A|REG_OUTPUT_ALTERA_SYNTHESIZED[0],                                            ;
;               ;                           ; DMEM:b2v_inst8|Registers8bit:b2v_inst4|REG_OUTPUT_ALTERA_SYNTHESIZED[1],                                                  ;
;               ;                           ; 4x8BitRegisters:b2v_inst|Registers8bit:b2v_A|REG_OUTPUT_ALTERA_SYNTHESIZED[1],                                            ;
;               ;                           ; DMEM:b2v_inst8|Registers8bit:b2v_inst4|REG_OUTPUT_ALTERA_SYNTHESIZED[2],                                                  ;
;               ;                           ; 4x8BitRegisters:b2v_inst|Registers8bit:b2v_A|REG_OUTPUT_ALTERA_SYNTHESIZED[2],                                            ;
;               ;                           ; DMEM:b2v_inst8|Registers8bit:b2v_inst4|REG_OUTPUT_ALTERA_SYNTHESIZED[3],                                                  ;
;               ;                           ; 4x8BitRegisters:b2v_inst|Registers8bit:b2v_A|REG_OUTPUT_ALTERA_SYNTHESIZED[3],                                            ;
;               ;                           ; DMEM:b2v_inst8|Registers8bit:b2v_inst4|REG_OUTPUT_ALTERA_SYNTHESIZED[4],                                                  ;
;               ;                           ; DMEM:b2v_inst8|Registers8bit:b2v_inst4|REG_OUTPUT_ALTERA_SYNTHESIZED[5],                                                  ;
;               ;                           ; DMEM:b2v_inst8|Registers8bit:b2v_inst4|REG_OUTPUT_ALTERA_SYNTHESIZED[6],                                                  ;
;               ;                           ; DMEM:b2v_inst8|Registers8bit:b2v_inst3|REG_OUTPUT_ALTERA_SYNTHESIZED[0],                                                  ;
;               ;                           ; DMEM:b2v_inst8|Registers8bit:b2v_inst3|REG_OUTPUT_ALTERA_SYNTHESIZED[1],                                                  ;
;               ;                           ; DMEM:b2v_inst8|Registers8bit:b2v_inst3|REG_OUTPUT_ALTERA_SYNTHESIZED[2],                                                  ;
;               ;                           ; DMEM:b2v_inst8|Registers8bit:b2v_inst3|REG_OUTPUT_ALTERA_SYNTHESIZED[3],                                                  ;
;               ;                           ; DMEM:b2v_inst8|Registers8bit:b2v_inst3|REG_OUTPUT_ALTERA_SYNTHESIZED[4],                                                  ;
;               ;                           ; DMEM:b2v_inst8|Registers8bit:b2v_inst3|REG_OUTPUT_ALTERA_SYNTHESIZED[5],                                                  ;
;               ;                           ; DMEM:b2v_inst8|Registers8bit:b2v_inst3|REG_OUTPUT_ALTERA_SYNTHESIZED[6],                                                  ;
;               ;                           ; DMEM:b2v_inst8|Registers8bit:b2v_inst2|REG_OUTPUT_ALTERA_SYNTHESIZED[0],                                                  ;
;               ;                           ; DMEM:b2v_inst8|Registers8bit:b2v_inst2|REG_OUTPUT_ALTERA_SYNTHESIZED[1],                                                  ;
;               ;                           ; DMEM:b2v_inst8|Registers8bit:b2v_inst2|REG_OUTPUT_ALTERA_SYNTHESIZED[2],                                                  ;
;               ;                           ; DMEM:b2v_inst8|Registers8bit:b2v_inst2|REG_OUTPUT_ALTERA_SYNTHESIZED[3],                                                  ;
;               ;                           ; DMEM:b2v_inst8|Registers8bit:b2v_inst2|REG_OUTPUT_ALTERA_SYNTHESIZED[4],                                                  ;
;               ;                           ; DMEM:b2v_inst8|Registers8bit:b2v_inst2|REG_OUTPUT_ALTERA_SYNTHESIZED[5],                                                  ;
;               ;                           ; DMEM:b2v_inst8|Registers8bit:b2v_inst2|REG_OUTPUT_ALTERA_SYNTHESIZED[6],                                                  ;
;               ;                           ; DMEM:b2v_inst8|Registers8bit:b2v_inst1|REG_OUTPUT_ALTERA_SYNTHESIZED[0],                                                  ;
;               ;                           ; DMEM:b2v_inst8|Registers8bit:b2v_inst1|REG_OUTPUT_ALTERA_SYNTHESIZED[1],                                                  ;
;               ;                           ; DMEM:b2v_inst8|Registers8bit:b2v_inst1|REG_OUTPUT_ALTERA_SYNTHESIZED[2],                                                  ;
;               ;                           ; DMEM:b2v_inst8|Registers8bit:b2v_inst1|REG_OUTPUT_ALTERA_SYNTHESIZED[3],                                                  ;
;               ;                           ; DMEM:b2v_inst8|Registers8bit:b2v_inst1|REG_OUTPUT_ALTERA_SYNTHESIZED[4],                                                  ;
;               ;                           ; DMEM:b2v_inst8|Registers8bit:b2v_inst1|REG_OUTPUT_ALTERA_SYNTHESIZED[5],                                                  ;
;               ;                           ; DMEM:b2v_inst8|Registers8bit:b2v_inst1|REG_OUTPUT_ALTERA_SYNTHESIZED[6],                                                  ;
;               ;                           ; DMEM:b2v_inst8|Registers8bit:b2v_inst|REG_OUTPUT_ALTERA_SYNTHESIZED[0],                                                   ;
;               ;                           ; DMEM:b2v_inst8|Registers8bit:b2v_inst|REG_OUTPUT_ALTERA_SYNTHESIZED[1],                                                   ;
;               ;                           ; DMEM:b2v_inst8|Registers8bit:b2v_inst|REG_OUTPUT_ALTERA_SYNTHESIZED[2],                                                   ;
;               ;                           ; DMEM:b2v_inst8|Registers8bit:b2v_inst|REG_OUTPUT_ALTERA_SYNTHESIZED[3],                                                   ;
;               ;                           ; DMEM:b2v_inst8|Registers8bit:b2v_inst|REG_OUTPUT_ALTERA_SYNTHESIZED[4],                                                   ;
;               ;                           ; DMEM:b2v_inst8|Registers8bit:b2v_inst|REG_OUTPUT_ALTERA_SYNTHESIZED[5],                                                   ;
;               ;                           ; DMEM:b2v_inst8|Registers8bit:b2v_inst|REG_OUTPUT_ALTERA_SYNTHESIZED[6],                                                   ;
;               ;                           ; 4x8BitRegisters:b2v_inst|Registers8bit:b2v_A|REG_OUTPUT_ALTERA_SYNTHESIZED[4],                                            ;
;               ;                           ; 4x8BitRegisters:b2v_inst|Registers8bit:b2v_B|REG_OUTPUT_ALTERA_SYNTHESIZED[4],                                            ;
;               ;                           ; 4x8BitRegisters:b2v_inst|Registers8bit:b2v_C|REG_OUTPUT_ALTERA_SYNTHESIZED[4],                                            ;
;               ;                           ; 4x8BitRegisters:b2v_inst|Registers8bit:b2v_D|REG_OUTPUT_ALTERA_SYNTHESIZED[4],                                            ;
;               ;                           ; 4x8BitRegisters:b2v_inst|Registers8bit:b2v_A|REG_OUTPUT_ALTERA_SYNTHESIZED[6],                                            ;
;               ;                           ; 4x8BitRegisters:b2v_inst|Registers8bit:b2v_B|REG_OUTPUT_ALTERA_SYNTHESIZED[6],                                            ;
;               ;                           ; 4x8BitRegisters:b2v_inst|Registers8bit:b2v_C|REG_OUTPUT_ALTERA_SYNTHESIZED[6],                                            ;
;               ;                           ; 4x8BitRegisters:b2v_inst|Registers8bit:b2v_D|REG_OUTPUT_ALTERA_SYNTHESIZED[6],                                            ;
;               ;                           ; 4x8BitRegisters:b2v_inst|Registers8bit:b2v_A|REG_OUTPUT_ALTERA_SYNTHESIZED[5],                                            ;
;               ;                           ; 4x8BitRegisters:b2v_inst|Registers8bit:b2v_B|REG_OUTPUT_ALTERA_SYNTHESIZED[5],                                            ;
;               ;                           ; 4x8BitRegisters:b2v_inst|Registers8bit:b2v_C|REG_OUTPUT_ALTERA_SYNTHESIZED[5],                                            ;
;               ;                           ; 4x8BitRegisters:b2v_inst|Registers8bit:b2v_D|REG_OUTPUT_ALTERA_SYNTHESIZED[5],                                            ;
;               ;                           ; 4x8BitRegisters:b2v_inst|Registers8bit:b2v_A|REG_OUTPUT_ALTERA_SYNTHESIZED[7],                                            ;
;               ;                           ; 4x8BitRegisters:b2v_inst|Registers8bit:b2v_B|REG_OUTPUT_ALTERA_SYNTHESIZED[7],                                            ;
;               ;                           ; 4x8BitRegisters:b2v_inst|Registers8bit:b2v_C|REG_OUTPUT_ALTERA_SYNTHESIZED[7],                                            ;
;               ;                           ; 4x8BitRegisters:b2v_inst|Registers8bit:b2v_D|REG_OUTPUT_ALTERA_SYNTHESIZED[7]                                             ;
+---------------+---------------------------+---------------------------------------------------------------------------------------------------------------------------+


+------------------------------------------------------+
; General Register Statistics                          ;
+----------------------------------------------+-------+
; Statistic                                    ; Value ;
+----------------------------------------------+-------+
; Total registers                              ; 27    ;
; Number of registers using Synchronous Clear  ; 0     ;
; Number of registers using Synchronous Load   ; 0     ;
; Number of registers using Asynchronous Clear ; 0     ;
; Number of registers using Asynchronous Load  ; 0     ;
; Number of registers using Clock Enable       ; 0     ;
; Number of registers using Preset             ; 0     ;
+----------------------------------------------+-------+


+----------------------------------------------------------------------------------------------------------------------------------------------------------------------------------------------------------------------------+
; Multiplexer Restructuring Statistics (Restructuring Performed)                                                                                                                                                             ;
+--------------------+-----------+---------------+----------------------+------------------------+------------+--------------------------------------------------------------------------------------------------------------+
; Multiplexer Inputs ; Bus Width ; Baseline Area ; Area if Restructured ; Saving if Restructured ; Registered ; Example Multiplexer Output                                                                                   ;
+--------------------+-----------+---------------+----------------------+------------------------+------------+--------------------------------------------------------------------------------------------------------------+
; 3:1                ; 6 bits    ; 12 LEs        ; 12 LEs               ; 0 LEs                  ; No         ; |i281_CPU|ALU:b2v_inst6|8WidWideBusMux:b2v_inst4|Block3:b2v_inst3|mxout                                      ;
; 4:1                ; 8 bits    ; 16 LEs        ; 16 LEs               ; 0 LEs                  ; No         ; |i281_CPU|4x8BitRegisters:b2v_inst|8wide4to1BusMUX:b2v_inst5|8WidWideBusMux:b2v_inst6|Block3:b2v_inst7|mxout ;
; 4:1                ; 8 bits    ; 16 LEs        ; 16 LEs               ; 0 LEs                  ; No         ; |i281_CPU|4x8BitRegisters:b2v_inst|8wide4to1BusMUX:b2v_inst6|8WidWideBusMux:b2v_inst6|Block3:b2v_inst|mxout  ;
; 17:1               ; 6 bits    ; 66 LEs        ; 66 LEs               ; 0 LEs                  ; No         ; |i281_CPU|8WidWideBusMux:b2v_Register_WriteBack_Multiplexer|Block3:b2v_inst2|mxout                           ;
; 18:1               ; 2 bits    ; 24 LEs        ; 24 LEs               ; 0 LEs                  ; No         ; |i281_CPU|8WidWideBusMux:b2v_Register_WriteBack_Multiplexer|Block3:b2v_inst7|mxout                           ;
; 32:1               ; 16 bits   ; 336 LEs       ; 336 LEs              ; 0 LEs                  ; No         ; |i281_CPU|IMEM:b2v_inst22|16Wide4To1BusMux:b2v_inst252|SixteenWideBusMux:b2v_inst5|Block3:b2v_inst13|mxout   ;
+--------------------+-----------+---------------+----------------------+------------------------+------------+--------------------------------------------------------------------------------------------------------------+


+---------------------------------------------------------------------------------------------------------------------------------------------------+
; Port Connectivity Checks: "6bitAdder:b2v_Program_Counter_Increment_By_1"                                                                          ;
+--------------------+--------+----------+----------------------------------------------------------------------------------------------------------+
; Port               ; Type   ; Severity ; Details                                                                                                  ;
+--------------------+--------+----------+----------------------------------------------------------------------------------------------------------+
; Sub                ; Input  ; Info     ; Stuck at GND                                                                                             ;
; Second_Input[5..1] ; Input  ; Info     ; Stuck at GND                                                                                             ;
; Second_Input[0]    ; Input  ; Info     ; Stuck at VCC                                                                                             ;
; Carry              ; Output ; Warning  ; Declared by entity but not connected by instance. Logic that only feeds a dangling port will be removed. ;
; Overflow           ; Output ; Warning  ; Declared by entity but not connected by instance. Logic that only feeds a dangling port will be removed. ;
+--------------------+--------+----------+----------------------------------------------------------------------------------------------------------+


+-----------------------------------------------------------------------------------------------------------------------------------------+
; Port Connectivity Checks: "6bitAdder:b2v_Program_Counter_Adder_For_Jump_and_Branch_Offsets"                                             ;
+----------+--------+----------+----------------------------------------------------------------------------------------------------------+
; Port     ; Type   ; Severity ; Details                                                                                                  ;
+----------+--------+----------+----------------------------------------------------------------------------------------------------------+
; Sub      ; Input  ; Info     ; Stuck at GND                                                                                             ;
; Carry    ; Output ; Warning  ; Declared by entity but not connected by instance. Logic that only feeds a dangling port will be removed. ;
; Overflow ; Output ; Warning  ; Declared by entity but not connected by instance. Logic that only feeds a dangling port will be removed. ;
+----------+--------+----------+----------------------------------------------------------------------------------------------------------+


+------------------------------------------------------------+
; Port Connectivity Checks: "ALU:b2v_inst6|Block3:b2v_inst7" ;
+------+-------+----------+----------------------------------+
; Port ; Type  ; Severity ; Details                          ;
+------+-------+----------+----------------------------------+
; i0   ; Input ; Info     ; Stuck at GND                     ;
+------+-------+----------+----------------------------------+


+---------------------------------------------------------------------------------+
; Port Connectivity Checks: "ALU:b2v_inst6|ShiftNoDff:b2v_inst|Block3:b2v_inst29" ;
+------+-------+----------+-------------------------------------------------------+
; Port ; Type  ; Severity ; Details                                               ;
+------+-------+----------+-------------------------------------------------------+
; i1   ; Input ; Info     ; Stuck at GND                                          ;
+------+-------+----------+-------------------------------------------------------+


+---------------------------------------------------------------------------------+
; Port Connectivity Checks: "ALU:b2v_inst6|ShiftNoDff:b2v_inst|Block3:b2v_inst21" ;
+------+-------+----------+-------------------------------------------------------+
; Port ; Type  ; Severity ; Details                                               ;
+------+-------+----------+-------------------------------------------------------+
; i0   ; Input ; Info     ; Stuck at GND                                          ;
+------+-------+----------+-------------------------------------------------------+


+--------------------------------------------------------------------------------------------------------------------------------+
; Port Connectivity Checks: "IMEM:b2v_inst22|2to4DecoderWithEnable:b2v_inst7"                                                    ;
+----------------------+--------+----------+-------------------------------------------------------------------------------------+
; Port                 ; Type   ; Severity ; Details                                                                             ;
+----------------------+--------+----------+-------------------------------------------------------------------------------------+
; Decoder_Output[1..0] ; Output ; Info     ; Connected to dangling logic. Logic that only feeds a dangling port will be removed. ;
+----------------------+--------+----------+-------------------------------------------------------------------------------------+


+-------------------------------------------------------------------------------------------+
; Port Connectivity Checks: "IMEM:b2v_inst22|ReadOnly_16x16_Register_File_High:b2v_inst251" ;
+--------------+-------+----------+---------------------------------------------------------+
; Port         ; Type  ; Severity ; Details                                                 ;
+--------------+-------+----------+---------------------------------------------------------+
; Write_Enable ; Input ; Info     ; Stuck at GND                                            ;
+--------------+-------+----------+---------------------------------------------------------+


+----------------------------------------------------------------------------------------+
; Port Connectivity Checks: "IMEM:b2v_inst22|ReadOnly_16x16_Register_File_Low:b2v_inst2" ;
+--------------+-------+----------+------------------------------------------------------+
; Port         ; Type  ; Severity ; Details                                              ;
+--------------+-------+----------+------------------------------------------------------+
; Write_Enable ; Input ; Info     ; Stuck at GND                                         ;
+--------------+-------+----------+------------------------------------------------------+


+---------------------------------------------------------------------------------------+
; Port Connectivity Checks: "Opcode_Decoder:b2v_inst1|4to16DecoderWithEnable:b2v_inst2" ;
+--------+-------+----------+-----------------------------------------------------------+
; Port   ; Type  ; Severity ; Details                                                   ;
+--------+-------+----------+-----------------------------------------------------------+
; Enable ; Input ; Info     ; Stuck at VCC                                              ;
+--------+-------+----------+-----------------------------------------------------------+


+-----------------------------------------------------+
; Post-Synthesis Netlist Statistics for Top Partition ;
+-----------------------+-----------------------------+
; Type                  ; Count                       ;
+-----------------------+-----------------------------+
; boundary_port         ; 105                         ;
; cycloneiii_ff         ; 27                          ;
;     plain             ; 27                          ;
; cycloneiii_lcell_comb ; 36                          ;
;     normal            ; 36                          ;
;         0 data inputs ; 2                           ;
;         1 data inputs ; 5                           ;
;         2 data inputs ; 9                           ;
;         3 data inputs ; 9                           ;
;         4 data inputs ; 11                          ;
;                       ;                             ;
; Max LUT depth         ; 3.00                        ;
; Average LUT depth     ; 1.73                        ;
+-----------------------+-----------------------------+


+-------------------------------+
; Elapsed Time Per Partition    ;
+----------------+--------------+
; Partition Name ; Elapsed Time ;
+----------------+--------------+
; Top            ; 00:00:03     ;
+----------------+--------------+


+-------------------------------+
; Analysis & Synthesis Messages ;
+-------------------------------+
Info: *******************************************************************
Info: Running Quartus Prime Analysis & Synthesis
    Info: Version 18.1.0 Build 625 09/12/2018 SJ Lite Edition
    Info: Processing started: Tue Apr 14 21:20:20 2026
Info: Command: quartus_map --read_settings_files=on --write_settings_files=off i281_cpu -c i281_cpu
Warning (18236): Number of processors has not been specified which may cause overloading on shared machines.  Set the global assignment NUM_PARALLEL_PROCESSORS in your QSF to an appropriate value for best performance.
Info (20030): Parallel compilation is enabled and will use 4 of the 4 processors detected
Info (12021): Found 1 design units, including 1 entities, in source file seven_seg_decoder_busout.v
    Info (12023): Found entity 1: seven_seg_decoder_BUSOUT File: Y:/Documents/GitHub/ToyCPU/i281_simulation/seven_seg_decoder_BUSOUT.v Line: 1
Info (12021): Found 1 design units, including 1 entities, in source file ones.v
    Info (12023): Found entity 1: ONES File: Y:/Documents/GitHub/ToyCPU/i281_simulation/ONES.v Line: 1
Info (12021): Found 1 design units, including 1 entities, in source file bios_hardcoded_low.v
    Info (12023): Found entity 1: BIOS_Hardcoded_Low File: Y:/Documents/GitHub/ToyCPU/i281_simulation/BIOS_Hardcoded_Low.v Line: 1
Info (12021): Found 1 design units, including 1 entities, in source file bios_hardcoded_high.v
    Info (12023): Found entity 1: BIOS_Hardcoded_High File: Y:/Documents/GitHub/ToyCPU/i281_simulation/BIOS_Hardcoded_High.v Line: 1
Info (12021): Found 1 design units, including 1 entities, in source file bios_hardcoded.v
    Info (12023): Found entity 1: BIOS_Hardcoded File: Y:/Documents/GitHub/ToyCPU/i281_simulation/BIOS_Hardcoded.v Line: 1
Info (12021): Found 1 design units, including 1 entities, in source file zeros.v
    Info (12023): Found entity 1: ZEROS File: Y:/Documents/GitHub/ToyCPU/i281_simulation/ZEROS.v Line: 1
Info (12021): Found 1 design units, including 1 entities, in source file user_data.v
    Info (12023): Found entity 1: User_Data File: Y:/Documents/GitHub/ToyCPU/i281_simulation/User_Data.v Line: 1
Info (12021): Found 1 design units, including 1 entities, in source file user_code_low.v
    Info (12023): Found entity 1: User_Code_Low File: Y:/Documents/GitHub/ToyCPU/i281_simulation/User_Code_Low.v Line: 1
Info (12021): Found 1 design units, including 1 entities, in source file user_code_high.v
    Info (12023): Found entity 1: User_Code_High File: Y:/Documents/GitHub/ToyCPU/i281_simulation/User_Code_High.v Line: 1
Info (12021): Found 1 design units, including 1 entities, in source file 16wide4to1busmux.v
    Info (12023): Found entity 1: 16Wide4To1BusMux File: Y:/Documents/GitHub/ToyCPU/i281_simulation/16Wide4To1BusMux.v Line: 19
Info (12021): Found 1 design units, including 1 entities, in source file 4x8bitregisters.v
    Info (12023): Found entity 1: 4x8BitRegisters File: Y:/Documents/GitHub/ToyCPU/i281_simulation/4x8BitRegisters.v Line: 19
Info (12021): Found 1 design units, including 1 entities, in source file 4x8bitregister.v
    Info (12023): Found entity 1: 4x8BitRegister File: Y:/Documents/GitHub/ToyCPU/i281_simulation/4x8BitRegister.v Line: 19
Info (12021): Found 1 design units, including 1 entities, in source file 4widebusmux.v
    Info (12023): Found entity 1: 4WideBusMux File: Y:/Documents/GitHub/ToyCPU/i281_simulation/4WideBusMux.v Line: 19
Info (12021): Found 1 design units, including 1 entities, in source file 4to16decoderwithenable.v
    Info (12023): Found entity 1: 4to16DecoderWithEnable File: Y:/Documents/GitHub/ToyCPU/i281_simulation/4to16DecoderWithEnable.v Line: 19
Info (12021): Found 1 design units, including 1 entities, in source file 4to1mux.v
    Info (12023): Found entity 1: 4to1Mux File: Y:/Documents/GitHub/ToyCPU/i281_simulation/4to1Mux.v Line: 19
Info (12021): Found 1 design units, including 1 entities, in source file 2to4decoderwithenable.v
    Info (12023): Found entity 1: 2to4DecoderWithEnable File: Y:/Documents/GitHub/ToyCPU/i281_simulation/2to4DecoderWithEnable.v Line: 19
Info (12021): Found 1 design units, including 1 entities, in source file 2bitupcounter.v
    Info (12023): Found entity 1: 2BitUpCounter File: Y:/Documents/GitHub/ToyCPU/i281_simulation/2BitUpCounter.v Line: 19
Info (12021): Found 1 design units, including 1 entities, in source file 2bitdecoderwithenable.v
    Info (12023): Found entity 1: 2BitDecoderWithEnable File: Y:/Documents/GitHub/ToyCPU/i281_simulation/2BitDecoderWithEnable.v Line: 19
Info (12021): Found 1 design units, including 1 entities, in source file 1to2decoderwithenable.v
    Info (12023): Found entity 1: 1to2DecoderWithEnable File: Y:/Documents/GitHub/ToyCPU/i281_simulation/1to2DecoderWithEnable.v Line: 19
Info (12021): Found 1 design units, including 1 entities, in source file sixteenwidebusmux.v
    Info (12023): Found entity 1: SixteenWideBusMux File: Y:/Documents/GitHub/ToyCPU/i281_simulation/SixteenWideBusMux.v Line: 19
Info (12021): Found 1 design units, including 1 entities, in source file shiftnodff.v
    Info (12023): Found entity 1: ShiftNoDff File: Y:/Documents/GitHub/ToyCPU/i281_simulation/ShiftNoDff.v Line: 19
Info (12021): Found 1 design units, including 1 entities, in source file registers16bit.v
    Info (12023): Found entity 1: Registers16bit File: Y:/Documents/GitHub/ToyCPU/i281_simulation/Registers16bit.v Line: 19
Info (12021): Found 1 design units, including 1 entities, in source file registers8bit_with_preset.v
    Info (12023): Found entity 1: Registers8bit_with_preset File: Y:/Documents/GitHub/ToyCPU/i281_simulation/Registers8bit_with_preset.v Line: 19
Info (12021): Found 1 design units, including 1 entities, in source file registers8bit.v
    Info (12023): Found entity 1: Registers8bit File: Y:/Documents/GitHub/ToyCPU/i281_simulation/Registers8bit.v Line: 19
Info (12021): Found 1 design units, including 1 entities, in source file readonly_16x16_register_file_low.v
    Info (12023): Found entity 1: ReadOnly_16x16_Register_File_Low File: Y:/Documents/GitHub/ToyCPU/i281_simulation/ReadOnly_16x16_Register_File_Low.v Line: 19
Info (12021): Found 1 design units, including 1 entities, in source file readonly_16x16_register_file_high.v
    Info (12023): Found entity 1: ReadOnly_16x16_Register_File_High File: Y:/Documents/GitHub/ToyCPU/i281_simulation/ReadOnly_16x16_Register_File_High.v Line: 19
Info (12021): Found 1 design units, including 1 entities, in source file readonly_registerfile.v
    Info (12023): Found entity 1: ReadOnly_RegisterFile File: Y:/Documents/GitHub/ToyCPU/i281_simulation/ReadOnly_RegisterFile.v Line: 19
Info (12021): Found 1 design units, including 1 entities, in source file programcounter.v
    Info (12023): Found entity 1: ProgramCounter File: Y:/Documents/GitHub/ToyCPU/i281_simulation/ProgramCounter.v Line: 19
Info (12021): Found 1 design units, including 1 entities, in source file opcode_decoder.v
    Info (12023): Found entity 1: Opcode_Decoder File: Y:/Documents/GitHub/ToyCPU/i281_simulation/Opcode_Decoder.v Line: 19
Info (12021): Found 1 design units, including 1 entities, in source file imem_no_preset.v
    Info (12023): Found entity 1: IMEM_no_preset File: Y:/Documents/GitHub/ToyCPU/i281_simulation/IMEM_no_preset.v Line: 19
Info (12021): Found 1 design units, including 1 entities, in source file imem_low.v
    Info (12023): Found entity 1: IMEM_low File: Y:/Documents/GitHub/ToyCPU/i281_simulation/IMEM_low.v Line: 19
Info (12021): Found 1 design units, including 1 entities, in source file imem_high.v
    Info (12023): Found entity 1: IMEM_high File: Y:/Documents/GitHub/ToyCPU/i281_simulation/IMEM_high.v Line: 19
Info (12021): Found 1 design units, including 1 entities, in source file imem.v
    Info (12023): Found entity 1: IMEM File: Y:/Documents/GitHub/ToyCPU/i281_simulation/IMEM.v Line: 19
Info (12021): Found 1 design units, including 1 entities, in source file fulladder.v
    Info (12023): Found entity 1: FullAdder File: Y:/Documents/GitHub/ToyCPU/i281_simulation/FullAdder.v Line: 19
Info (12021): Found 1 design units, including 1 entities, in source file flag_registers.v
    Info (12023): Found entity 1: Flag_Registers File: Y:/Documents/GitHub/ToyCPU/i281_simulation/Flag_Registers.v Line: 19
Info (12021): Found 1 design units, including 1 entities, in source file eightwidebusmux.v
    Info (12023): Found entity 1: EightWideBusMux File: Y:/Documents/GitHub/ToyCPU/i281_simulation/EightWideBusMux.v Line: 19
Info (12021): Found 1 design units, including 1 entities, in source file dmem.v
    Info (12023): Found entity 1: DMEM File: Y:/Documents/GitHub/ToyCPU/i281_simulation/DMEM.v Line: 19
Info (12021): Found 1 design units, including 1 entities, in source file debouncer.v
    Info (12023): Found entity 1: Debouncer File: Y:/Documents/GitHub/ToyCPU/i281_simulation/Debouncer.v Line: 19
Info (12021): Found 1 design units, including 1 entities, in source file clock_dividers.v
    Info (12023): Found entity 1: Clock_dividers File: Y:/Documents/GitHub/ToyCPU/i281_simulation/Clock_dividers.v Line: 19
Info (12021): Found 1 design units, including 1 entities, in source file clock_divider_4_16_and_64.v
    Info (12023): Found entity 1: Clock_divider_4_16_and_64 File: Y:/Documents/GitHub/ToyCPU/i281_simulation/Clock_divider_4_16_and_64.v Line: 19
Info (12021): Found 1 design units, including 1 entities, in source file clock_divider_512.v
    Info (12023): Found entity 1: Clock_divider_512 File: Y:/Documents/GitHub/ToyCPU/i281_simulation/Clock_divider_512.v Line: 19
Info (12021): Found 1 design units, including 1 entities, in source file 6bitadder.v
    Info (12023): Found entity 1: 6bitAdder File: Y:/Documents/GitHub/ToyCPU/i281_simulation/6bitAdder.v Line: 19
Info (12021): Found 1 design units, including 1 entities, in source file clock_generator.v
    Info (12023): Found entity 1: clock_generator File: Y:/Documents/GitHub/ToyCPU/i281_simulation/clock_generator.v Line: 19
Info (12021): Found 1 design units, including 1 entities, in source file c16to1busmux.v
    Info (12023): Found entity 1: C16to1BusMUX File: Y:/Documents/GitHub/ToyCPU/i281_simulation/C16to1BusMUX.v Line: 19
Info (12021): Found 1 design units, including 1 entities, in source file busnot.v
    Info (12023): Found entity 1: BusNot File: Y:/Documents/GitHub/ToyCPU/i281_simulation/BusNot.v Line: 19
Info (12021): Found 1 design units, including 1 entities, in source file block3.v
    Info (12023): Found entity 1: Block3 File: Y:/Documents/GitHub/ToyCPU/i281_simulation/Block3.v Line: 19
Info (12021): Found 1 design units, including 1 entities, in source file alu_flag_calculator.v
    Info (12023): Found entity 1: ALU_Flag_Calculator File: Y:/Documents/GitHub/ToyCPU/i281_simulation/ALU_Flag_Calculator.v Line: 3
Info (12021): Found 1 design units, including 1 entities, in source file 8widwidebusmux.v
    Info (12023): Found entity 1: 8WidWideBusMux File: Y:/Documents/GitHub/ToyCPU/i281_simulation/8WidWideBusMux.v Line: 19
Info (12021): Found 1 design units, including 1 entities, in source file alu.v
    Info (12023): Found entity 1: ALU File: Y:/Documents/GitHub/ToyCPU/i281_simulation/ALU.v Line: 19
Info (12021): Found 1 design units, including 1 entities, in source file 7widwidebusmux.v
    Info (12023): Found entity 1: 7WidWideBusMux File: Y:/Documents/GitHub/ToyCPU/i281_simulation/7WidWideBusMux.v Line: 19
Info (12021): Found 1 design units, including 1 entities, in source file 6widebusmux.v
    Info (12023): Found entity 1: 6WideBusMux File: Y:/Documents/GitHub/ToyCPU/i281_simulation/6WideBusMux.v Line: 19
Info (12021): Found 1 design units, including 1 entities, in source file video_card.v
    Info (12023): Found entity 1: Video_Card File: Y:/Documents/GitHub/ToyCPU/i281_simulation/Video_Card.v Line: 19
Info (12021): Found 1 design units, including 1 entities, in source file 8wide16to1busmux.v
    Info (12023): Found entity 1: 8wide16to1BusMUX File: Y:/Documents/GitHub/ToyCPU/i281_simulation/8wide16to1BusMUX.v Line: 19
Info (12021): Found 1 design units, including 1 entities, in source file 8bitadder.v
    Info (12023): Found entity 1: 8bitAdder File: Y:/Documents/GitHub/ToyCPU/i281_simulation/8bitAdder.v Line: 19
Info (12021): Found 1 design units, including 1 entities, in source file control_fsm.v
    Info (12023): Found entity 1: Control_FSM File: Y:/Documents/GitHub/ToyCPU/i281_simulation/Control_FSM.v Line: 4
Info (12021): Found 1 design units, including 1 entities, in source file c16dmuxer.v
    Info (12023): Found entity 1: C16dmuxer File: Y:/Documents/GitHub/ToyCPU/i281_simulation/C16dmuxer.v Line: 6
Info (12021): Found 1 design units, including 1 entities, in source file dmem_hardcoded.v
    Info (12023): Found entity 1: DMEM_Hardcoded File: Y:/Documents/GitHub/ToyCPU/i281_simulation/DMEM_Hardcoded.v Line: 1
Info (12021): Found 1 design units, including 1 entities, in source file 8wide4to1busmux.v
    Info (12023): Found entity 1: 8wide4to1BusMUX File: Y:/Documents/GitHub/ToyCPU/i281_simulation/8wide4to1BusMUX.v Line: 19
Info (12021): Found 1 design units, including 1 entities, in source file clock_divider_1024.v
    Info (12023): Found entity 1: clock_divider_1024 File: Y:/Documents/GitHub/ToyCPU/i281_simulation/clock_divider_1024.v Line: 1
Info (12021): Found 1 design units, including 1 entities, in source file i281_cpu.v
    Info (12023): Found entity 1: i281_CPU File: Y:/Documents/GitHub/ToyCPU/i281_simulation/i281_CPU.v Line: 4
Info (12021): Found 1 design units, including 1 entities, in source file i281_cpu_tb.v
    Info (12023): Found entity 1: i281_cpu_tb File: Y:/Documents/GitHub/ToyCPU/i281_simulation/i281_cpu_tb.v Line: 3
Info (12127): Elaborating entity "i281_CPU" for the top level hierarchy
Warning (10858): Verilog HDL warning at i281_CPU.v(139): object SYNTHESIZED_WIRE_18 used but never assigned File: Y:/Documents/GitHub/ToyCPU/i281_simulation/i281_CPU.v Line: 139
Warning (10030): Net "SYNTHESIZED_WIRE_18" at i281_CPU.v(139) has no driver or initial value, using a default initial value '0' File: Y:/Documents/GitHub/ToyCPU/i281_simulation/i281_CPU.v Line: 139
Info (12128): Elaborating entity "8WidWideBusMux" for hierarchy "8WidWideBusMux:b2v_ALU_RESULT_Multiplexer" File: Y:/Documents/GitHub/ToyCPU/i281_simulation/i281_CPU.v Line: 273
Info (12128): Elaborating entity "Block3" for hierarchy "8WidWideBusMux:b2v_ALU_RESULT_Multiplexer|Block3:b2v_inst" File: Y:/Documents/GitHub/ToyCPU/i281_simulation/8WidWideBusMux.v Line: 44
Info (12128): Elaborating entity "4x8BitRegisters" for hierarchy "4x8BitRegisters:b2v_inst" File: Y:/Documents/GitHub/ToyCPU/i281_simulation/i281_CPU.v Line: 303
Info (12128): Elaborating entity "Registers8bit" for hierarchy "4x8BitRegisters:b2v_inst|Registers8bit:b2v_A" File: Y:/Documents/GitHub/ToyCPU/i281_simulation/4x8BitRegisters.v Line: 69
Info (12128): Elaborating entity "2BitDecoderWithEnable" for hierarchy "4x8BitRegisters:b2v_inst|2BitDecoderWithEnable:b2v_inst" File: Y:/Documents/GitHub/ToyCPU/i281_simulation/4x8BitRegisters.v Line: 99
Info (12128): Elaborating entity "8wide4to1BusMUX" for hierarchy "4x8BitRegisters:b2v_inst|8wide4to1BusMUX:b2v_inst5" File: Y:/Documents/GitHub/ToyCPU/i281_simulation/4x8BitRegisters.v Line: 108
Info (12128): Elaborating entity "Opcode_Decoder" for hierarchy "Opcode_Decoder:b2v_inst1" File: Y:/Documents/GitHub/ToyCPU/i281_simulation/i281_CPU.v Line: 332
Info (12128): Elaborating entity "4to16DecoderWithEnable" for hierarchy "Opcode_Decoder:b2v_inst1|4to16DecoderWithEnable:b2v_inst2" File: Y:/Documents/GitHub/ToyCPU/i281_simulation/Opcode_Decoder.v Line: 91
Info (12128): Elaborating entity "2to4DecoderWithEnable" for hierarchy "Opcode_Decoder:b2v_inst1|2to4DecoderWithEnable:b2v_inst5" File: Y:/Documents/GitHub/ToyCPU/i281_simulation/Opcode_Decoder.v Line: 98
Info (12128): Elaborating entity "1to2DecoderWithEnable" for hierarchy "Opcode_Decoder:b2v_inst1|1to2DecoderWithEnable:b2v_inst6" File: Y:/Documents/GitHub/ToyCPU/i281_simulation/Opcode_Decoder.v Line: 104
Info (12128): Elaborating entity "ProgramCounter" for hierarchy "ProgramCounter:b2v_inst17" File: Y:/Documents/GitHub/ToyCPU/i281_simulation/i281_CPU.v Line: 361
Info (12128): Elaborating entity "IMEM" for hierarchy "IMEM:b2v_inst22" File: Y:/Documents/GitHub/ToyCPU/i281_simulation/i281_CPU.v Line: 371
Info (12128): Elaborating entity "IMEM_high" for hierarchy "IMEM:b2v_inst22|IMEM_high:b2v_inst1" File: Y:/Documents/GitHub/ToyCPU/i281_simulation/IMEM.v Line: 63
Info (12128): Elaborating entity "User_Code_High" for hierarchy "IMEM:b2v_inst22|IMEM_high:b2v_inst1|User_Code_High:b2v_inst" File: Y:/Documents/GitHub/ToyCPU/i281_simulation/IMEM_high.v Line: 117
Info (12128): Elaborating entity "ONES" for hierarchy "IMEM:b2v_inst22|IMEM_high:b2v_inst1|ONES:b2v_inst1" File: Y:/Documents/GitHub/ToyCPU/i281_simulation/IMEM_high.v Line: 121
Info (12128): Elaborating entity "SixteenWideBusMux" for hierarchy "IMEM:b2v_inst22|IMEM_high:b2v_inst1|SixteenWideBusMux:b2v_inst10" File: Y:/Documents/GitHub/ToyCPU/i281_simulation/IMEM_high.v Line: 128
Info (12128): Elaborating entity "Registers16bit" for hierarchy "IMEM:b2v_inst22|IMEM_high:b2v_inst1|Registers16bit:b2v_inst22" File: Y:/Documents/GitHub/ToyCPU/i281_simulation/IMEM_high.v Line: 220
Info (12128): Elaborating entity "C16to1BusMUX" for hierarchy "IMEM:b2v_inst22|IMEM_high:b2v_inst1|C16to1BusMUX:b2v_inst35" File: Y:/Documents/GitHub/ToyCPU/i281_simulation/IMEM_high.v Line: 337
Info (12128): Elaborating entity "ReadOnly_16x16_Register_File_Low" for hierarchy "IMEM:b2v_inst22|ReadOnly_16x16_Register_File_Low:b2v_inst2" File: Y:/Documents/GitHub/ToyCPU/i281_simulation/IMEM.v Line: 75
Info (12128): Elaborating entity "BIOS_Hardcoded_Low" for hierarchy "IMEM:b2v_inst22|ReadOnly_16x16_Register_File_Low:b2v_inst2|BIOS_Hardcoded_Low:b2v_inst" File: Y:/Documents/GitHub/ToyCPU/i281_simulation/ReadOnly_16x16_Register_File_Low.v Line: 117
Info (12128): Elaborating entity "ReadOnly_16x16_Register_File_High" for hierarchy "IMEM:b2v_inst22|ReadOnly_16x16_Register_File_High:b2v_inst251" File: Y:/Documents/GitHub/ToyCPU/i281_simulation/IMEM.v Line: 85
Info (12128): Elaborating entity "BIOS_Hardcoded_High" for hierarchy "IMEM:b2v_inst22|ReadOnly_16x16_Register_File_High:b2v_inst251|BIOS_Hardcoded_High:b2v_inst" File: Y:/Documents/GitHub/ToyCPU/i281_simulation/ReadOnly_16x16_Register_File_High.v Line: 117
Info (12128): Elaborating entity "16Wide4To1BusMux" for hierarchy "IMEM:b2v_inst22|16Wide4To1BusMux:b2v_inst252" File: Y:/Documents/GitHub/ToyCPU/i281_simulation/IMEM.v Line: 94
Info (12128): Elaborating entity "IMEM_low" for hierarchy "IMEM:b2v_inst22|IMEM_low:b2v_inst5" File: Y:/Documents/GitHub/ToyCPU/i281_simulation/IMEM.v Line: 106
Info (12128): Elaborating entity "User_Code_Low" for hierarchy "IMEM:b2v_inst22|IMEM_low:b2v_inst5|User_Code_Low:b2v_inst3" File: Y:/Documents/GitHub/ToyCPU/i281_simulation/IMEM_low.v Line: 277
Info (12128): Elaborating entity "Control_FSM" for hierarchy "Control_FSM:b2v_inst23" File: Y:/Documents/GitHub/ToyCPU/i281_simulation/i281_CPU.v Line: 418
Info (12128): Elaborating entity "Clock_dividers" for hierarchy "Clock_dividers:b2v_inst4" File: Y:/Documents/GitHub/ToyCPU/i281_simulation/i281_CPU.v Line: 426
Info (12128): Elaborating entity "Clock_divider_512" for hierarchy "Clock_dividers:b2v_inst4|Clock_divider_512:b2v_inst" File: Y:/Documents/GitHub/ToyCPU/i281_simulation/Clock_dividers.v Line: 44
Info (12128): Elaborating entity "Clock_divider_4_16_and_64" for hierarchy "Clock_dividers:b2v_inst4|Clock_divider_4_16_and_64:b2v_inst4" File: Y:/Documents/GitHub/ToyCPU/i281_simulation/Clock_dividers.v Line: 56
Info (12128): Elaborating entity "ALU" for hierarchy "ALU:b2v_inst6" File: Y:/Documents/GitHub/ToyCPU/i281_simulation/i281_CPU.v Line: 441
Info (12128): Elaborating entity "ShiftNoDff" for hierarchy "ALU:b2v_inst6|ShiftNoDff:b2v_inst" File: Y:/Documents/GitHub/ToyCPU/i281_simulation/ALU.v Line: 70
Info (12128): Elaborating entity "Flag_Registers" for hierarchy "ALU:b2v_inst6|Flag_Registers:b2v_inst1" File: Y:/Documents/GitHub/ToyCPU/i281_simulation/ALU.v Line: 84
Info (12128): Elaborating entity "ALU_Flag_Calculator" for hierarchy "ALU:b2v_inst6|ALU_Flag_Calculator:b2v_inst3" File: Y:/Documents/GitHub/ToyCPU/i281_simulation/ALU.v Line: 90
Info (12128): Elaborating entity "8bitAdder" for hierarchy "ALU:b2v_inst6|8bitAdder:b2v_inst5" File: Y:/Documents/GitHub/ToyCPU/i281_simulation/ALU.v Line: 106
Info (12128): Elaborating entity "FullAdder" for hierarchy "ALU:b2v_inst6|8bitAdder:b2v_inst5|FullAdder:b2v_inst25" File: Y:/Documents/GitHub/ToyCPU/i281_simulation/8bitAdder.v Line: 82
Info (12128): Elaborating entity "Video_Card" for hierarchy "Video_Card:b2v_inst7" File: Y:/Documents/GitHub/ToyCPU/i281_simulation/i281_CPU.v Line: 466
Info (12128): Elaborating entity "seven_seg_decoder_BUSOUT" for hierarchy "Video_Card:b2v_inst7|seven_seg_decoder_BUSOUT:b2v_inst10" File: Y:/Documents/GitHub/ToyCPU/i281_simulation/Video_Card.v Line: 96
Info (12128): Elaborating entity "4WideBusMux" for hierarchy "Video_Card:b2v_inst7|4WideBusMux:b2v_inst26" File: Y:/Documents/GitHub/ToyCPU/i281_simulation/Video_Card.v Line: 123
Info (12128): Elaborating entity "7WidWideBusMux" for hierarchy "Video_Card:b2v_inst7|7WidWideBusMux:b2v_inst43" File: Y:/Documents/GitHub/ToyCPU/i281_simulation/Video_Card.v Line: 156
Info (12128): Elaborating entity "BusNot" for hierarchy "Video_Card:b2v_inst7|7WidWideBusMux:b2v_inst43|BusNot:b2v_inst1" File: Y:/Documents/GitHub/ToyCPU/i281_simulation/7WidWideBusMux.v Line: 49
Info (12128): Elaborating entity "DMEM" for hierarchy "DMEM:b2v_inst8" File: Y:/Documents/GitHub/ToyCPU/i281_simulation/i281_CPU.v Line: 484
Info (12128): Elaborating entity "User_Data" for hierarchy "DMEM:b2v_inst8|User_Data:b2v_inst18" File: Y:/Documents/GitHub/ToyCPU/i281_simulation/DMEM.v Line: 220
Info (12128): Elaborating entity "8wide16to1BusMUX" for hierarchy "DMEM:b2v_inst8|8wide16to1BusMUX:b2v_inst24" File: Y:/Documents/GitHub/ToyCPU/i281_simulation/DMEM.v Line: 274
Info (12128): Elaborating entity "6bitAdder" for hierarchy "6bitAdder:b2v_Program_Counter_Adder_For_Jump_and_Branch_Offsets" File: Y:/Documents/GitHub/ToyCPU/i281_simulation/i281_CPU.v Line: 491
Info (12128): Elaborating entity "6WideBusMux" for hierarchy "6WideBusMux:b2v_Program_Counter_Multiplexer" File: Y:/Documents/GitHub/ToyCPU/i281_simulation/i281_CPU.v Line: 505
Warning (19016): Clock multiplexers are found and protected
    Warning (19017): Found clock multiplexer Block3:b2v_inst12|mxout~0 File: Y:/Documents/GitHub/ToyCPU/i281_simulation/Block3.v Line: 30
Warning (12241): 2 hierarchies have connectivity warnings - see the Connectivity Checks report folder
Warning (13024): Output pins are stuck at VCC or GND
    Warning (13410): Pin "REG2_ZERO" is stuck at GND File: Y:/Documents/GitHub/ToyCPU/i281_simulation/i281_CPU.v Line: 66
    Warning (13410): Pin "REG2_ONE" is stuck at GND File: Y:/Documents/GitHub/ToyCPU/i281_simulation/i281_CPU.v Line: 67
    Warning (13410): Pin "REG1_ZERO" is stuck at GND File: Y:/Documents/GitHub/ToyCPU/i281_simulation/i281_CPU.v Line: 68
    Warning (13410): Pin "REG1_ONE" is stuck at GND File: Y:/Documents/GitHub/ToyCPU/i281_simulation/i281_CPU.v Line: 69
    Warning (13410): Pin "Negative_Flag" is stuck at GND File: Y:/Documents/GitHub/ToyCPU/i281_simulation/i281_CPU.v Line: 70
    Warning (13410): Pin "Zero_Flag" is stuck at GND File: Y:/Documents/GitHub/ToyCPU/i281_simulation/i281_CPU.v Line: 71
    Warning (13410): Pin "Carry_Flag" is stuck at GND File: Y:/Documents/GitHub/ToyCPU/i281_simulation/i281_CPU.v Line: 72
    Warning (13410): Pin "OverFlow_Flag" is stuck at GND File: Y:/Documents/GitHub/ToyCPU/i281_simulation/i281_CPU.v Line: 73
    Warning (13410): Pin "OPCODE0" is stuck at GND File: Y:/Documents/GitHub/ToyCPU/i281_simulation/i281_CPU.v Line: 74
    Warning (13410): Pin "OPCODE1" is stuck at GND File: Y:/Documents/GitHub/ToyCPU/i281_simulation/i281_CPU.v Line: 75
    Warning (13410): Pin "OPCODE2" is stuck at GND File: Y:/Documents/GitHub/ToyCPU/i281_simulation/i281_CPU.v Line: 76
    Warning (13410): Pin "OPCODE3" is stuck at GND File: Y:/Documents/GitHub/ToyCPU/i281_simulation/i281_CPU.v Line: 77
    Warning (13410): Pin "IMMEDVAL0" is stuck at GND File: Y:/Documents/GitHub/ToyCPU/i281_simulation/i281_CPU.v Line: 78
    Warning (13410): Pin "IMMEDVAL1" is stuck at GND File: Y:/Documents/GitHub/ToyCPU/i281_simulation/i281_CPU.v Line: 79
    Warning (13410): Pin "IMMEDVAL2" is stuck at GND File: Y:/Documents/GitHub/ToyCPU/i281_simulation/i281_CPU.v Line: 80
    Warning (13410): Pin "IMMEDVAL3" is stuck at GND File: Y:/Documents/GitHub/ToyCPU/i281_simulation/i281_CPU.v Line: 81
    Warning (13410): Pin "IMMEDVAL4" is stuck at GND File: Y:/Documents/GitHub/ToyCPU/i281_simulation/i281_CPU.v Line: 82
    Warning (13410): Pin "IMMEDVAL5" is stuck at GND File: Y:/Documents/GitHub/ToyCPU/i281_simulation/i281_CPU.v Line: 83
    Warning (13410): Pin "IMMEDVAL6" is stuck at GND File: Y:/Documents/GitHub/ToyCPU/i281_simulation/i281_CPU.v Line: 84
    Warning (13410): Pin "IMMEDVAL7" is stuck at GND File: Y:/Documents/GitHub/ToyCPU/i281_simulation/i281_CPU.v Line: 85
    Warning (13410): Pin "Seven_SegOut0[6]" is stuck at VCC File: Y:/Documents/GitHub/ToyCPU/i281_simulation/i281_CPU.v Line: 86
    Warning (13410): Pin "Seven_SegOut1[6]" is stuck at VCC File: Y:/Documents/GitHub/ToyCPU/i281_simulation/i281_CPU.v Line: 87
    Warning (13410): Pin "Seven_SegOut2[6]" is stuck at VCC File: Y:/Documents/GitHub/ToyCPU/i281_simulation/i281_CPU.v Line: 88
    Warning (13410): Pin "Seven_SegOut3[6]" is stuck at VCC File: Y:/Documents/GitHub/ToyCPU/i281_simulation/i281_CPU.v Line: 89
    Warning (13410): Pin "Seven_SegOut4[6]" is stuck at VCC File: Y:/Documents/GitHub/ToyCPU/i281_simulation/i281_CPU.v Line: 90
    Warning (13410): Pin "Seven_SegOut5[6]" is stuck at VCC File: Y:/Documents/GitHub/ToyCPU/i281_simulation/i281_CPU.v Line: 91
    Warning (13410): Pin "Seven_SegOut6[6]" is stuck at VCC File: Y:/Documents/GitHub/ToyCPU/i281_simulation/i281_CPU.v Line: 92
    Warning (13410): Pin "Seven_SegOut7[6]" is stuck at VCC File: Y:/Documents/GitHub/ToyCPU/i281_simulation/i281_CPU.v Line: 93
Info (286030): Timing-Driven Synthesis is running
Info (17049): 80 registers lost all their fanouts during netlist optimizations.
Info (16010): Generating hard_block partition "hard_block:auto_generated_inst"
    Info (16011): Adding 0 node(s), including 0 DDIO, 0 PLL, 0 transceiver and 0 LCELL
Warning (21074): Design contains 20 input pin(s) that do not drive logic
    Warning (15610): No output dependent on input pin "Auto_Clock" File: Y:/Documents/GitHub/ToyCPU/i281_simulation/i281_CPU.v Line: 53
    Warning (15610): No output dependent on input pin "Turbo_Mode" File: Y:/Documents/GitHub/ToyCPU/i281_simulation/i281_CPU.v Line: 54
    Warning (15610): No output dependent on input pin "Reset_In" File: Y:/Documents/GitHub/ToyCPU/i281_simulation/i281_CPU.v Line: 56
    Warning (15610): No output dependent on input pin "Register_View" File: Y:/Documents/GitHub/ToyCPU/i281_simulation/i281_CPU.v Line: 52
    Warning (15610): No output dependent on input pin "Switch_Input[8]" File: Y:/Documents/GitHub/ToyCPU/i281_simulation/i281_CPU.v Line: 57
    Warning (15610): No output dependent on input pin "Switch_Input[9]" File: Y:/Documents/GitHub/ToyCPU/i281_simulation/i281_CPU.v Line: 57
    Warning (15610): No output dependent on input pin "Switch_Input[10]" File: Y:/Documents/GitHub/ToyCPU/i281_simulation/i281_CPU.v Line: 57
    Warning (15610): No output dependent on input pin "Switch_Input[11]" File: Y:/Documents/GitHub/ToyCPU/i281_simulation/i281_CPU.v Line: 57
    Warning (15610): No output dependent on input pin "Switch_Input[12]" File: Y:/Documents/GitHub/ToyCPU/i281_simulation/i281_CPU.v Line: 57
    Warning (15610): No output dependent on input pin "Switch_Input[13]" File: Y:/Documents/GitHub/ToyCPU/i281_simulation/i281_CPU.v Line: 57
    Warning (15610): No output dependent on input pin "Switch_Input[14]" File: Y:/Documents/GitHub/ToyCPU/i281_simulation/i281_CPU.v Line: 57
    Warning (15610): No output dependent on input pin "Switch_Input[15]" File: Y:/Documents/GitHub/ToyCPU/i281_simulation/i281_CPU.v Line: 57
    Warning (15610): No output dependent on input pin "Switch_Input[0]" File: Y:/Documents/GitHub/ToyCPU/i281_simulation/i281_CPU.v Line: 57
    Warning (15610): No output dependent on input pin "Switch_Input[1]" File: Y:/Documents/GitHub/ToyCPU/i281_simulation/i281_CPU.v Line: 57
    Warning (15610): No output dependent on input pin "Switch_Input[2]" File: Y:/Documents/GitHub/ToyCPU/i281_simulation/i281_CPU.v Line: 57
    Warning (15610): No output dependent on input pin "Switch_Input[3]" File: Y:/Documents/GitHub/ToyCPU/i281_simulation/i281_CPU.v Line: 57
    Warning (15610): No output dependent on input pin "Switch_Input[4]" File: Y:/Documents/GitHub/ToyCPU/i281_simulation/i281_CPU.v Line: 57
    Warning (15610): No output dependent on input pin "Switch_Input[5]" File: Y:/Documents/GitHub/ToyCPU/i281_simulation/i281_CPU.v Line: 57
    Warning (15610): No output dependent on input pin "Switch_Input[6]" File: Y:/Documents/GitHub/ToyCPU/i281_simulation/i281_CPU.v Line: 57
    Warning (15610): No output dependent on input pin "Switch_Input[7]" File: Y:/Documents/GitHub/ToyCPU/i281_simulation/i281_CPU.v Line: 57
Info (21057): Implemented 139 device resources after synthesis - the final resource count might be different
    Info (21058): Implemented 23 input pins
    Info (21059): Implemented 82 output pins
    Info (21061): Implemented 34 logic cells
Info: Quartus Prime Analysis & Synthesis was successful. 0 errors, 56 warnings
    Info: Peak virtual memory: 13223 megabytes
    Info: Processing ended: Tue Apr 14 21:21:51 2026
    Info: Elapsed time: 00:01:31
    Info: Total CPU time (on all processors): 00:01:18


