Timing Analyzer report for i281_cpu
Tue Apr 14 21:22:29 2026
Quartus Prime Version 18.1.0 Build 625 09/12/2018 SJ Lite Edition


---------------------
; Table of Contents ;
---------------------
  1. Legal Notice
  2. Timing Analyzer Summary
  3. Parallel Compilation
  4. Clocks
  5. Slow 1200mV 85C Model Fmax Summary
  6. Slow 1200mV 85C Model Setup Summary
  7. Slow 1200mV 85C Model Hold Summary
  8. Slow 1200mV 85C Model Recovery Summary
  9. Slow 1200mV 85C Model Removal Summary
 10. Slow 1200mV 85C Model Minimum Pulse Width Summary
 11. Slow 1200mV 85C Model Metastability Summary
 12. Slow 1200mV 0C Model Fmax Summary
 13. Slow 1200mV 0C Model Setup Summary
 14. Slow 1200mV 0C Model Hold Summary
 15. Slow 1200mV 0C Model Recovery Summary
 16. Slow 1200mV 0C Model Removal Summary
 17. Slow 1200mV 0C Model Minimum Pulse Width Summary
 18. Slow 1200mV 0C Model Metastability Summary
 19. Fast 1200mV 0C Model Setup Summary
 20. Fast 1200mV 0C Model Hold Summary
 21. Fast 1200mV 0C Model Recovery Summary
 22. Fast 1200mV 0C Model Removal Summary
 23. Fast 1200mV 0C Model Minimum Pulse Width Summary
 24. Fast 1200mV 0C Model Metastability Summary
 25. Multicorner Timing Analysis Summary
 26. Board Trace Model Assignments
 27. Input Transition Times
 28. Signal Integrity Metrics (Slow 1200mv 0c Model)
 29. Signal Integrity Metrics (Slow 1200mv 85c Model)
 30. Signal Integrity Metrics (Fast 1200mv 0c Model)
 31. Setup Transfers
 32. Hold Transfers
 33. Report TCCS
 34. Report RSKM
 35. Unconstrained Paths Summary
 36. Clock Status Summary
 37. Unconstrained Input Ports
 38. Unconstrained Output Ports
 39. Unconstrained Input Ports
 40. Unconstrained Output Ports
 41. Timing Analyzer Messages



----------------
; Legal Notice ;
----------------
Copyright (C) 2018  Intel Corporation. All rights reserved.
Your use of Intel Corporation's design tools, logic functions 
and other software and tools, and its AMPP partner logic 
functions, and any output files from any of the foregoing 
(including device programming or simulation files), and any 
associated documentation or information are expressly subject 
to the terms and conditions of the Intel Program License 
Subscription Agreement, the Intel Quartus Prime License Agreement,
the Intel FPGA IP License Agreement, or other applicable license
agreement, including, without limitation, that your use is for
the sole purpose of programming logic devices manufactured by
Intel and sold by Intel or its authorized distributors.  Please
refer to the applicable agreement for further details.



+-----------------------------------------------------------------------------+
; Timing Analyzer Summary                                                     ;
+-----------------------+-----------------------------------------------------+
; Quartus Prime Version ; Version 18.1.0 Build 625 09/12/2018 SJ Lite Edition ;
; Timing Analyzer       ; Legacy Timing Analyzer                              ;
; Revision Name         ; i281_cpu                                            ;
; Device Family         ; MAX 10                                              ;
; Device Name           ; 10M08DAF484C8G                                      ;
; Timing Models         ; Final                                               ;
; Delay Model           ; Combined                                            ;
; Rise/Fall Delays      ; Enabled                                             ;
+-----------------------+-----------------------------------------------------+


+------------------------------------------+
; Parallel Compilation                     ;
+----------------------------+-------------+
; Processors                 ; Number      ;
+----------------------------+-------------+
; Number detected on machine ; 4           ;
; Maximum allowed            ; 4           ;
;                            ;             ;
; Average used               ; 1.08        ;
; Maximum used               ; 4           ;
;                            ;             ;
; Usage by Processor         ; % Time Used ;
;     Processor 1            ; 100.0%      ;
;     Processor 2            ;   2.7%      ;
;     Processors 3-4         ;   2.6%      ;
+----------------------------+-------------+


+----------------------------------------------------------------------------------------------------------------------------------------------------------------------------------------------------------------------------------------------------------------------------------------------------------------+
; Clocks                                                                                                                                                                                                                                                                                                         ;
+------------------------------------------------------------------------+------+--------+------------+-------+-------+------------+-----------+-------------+-------+--------+-----------+------------+----------+--------+--------+----------------------------------------------------------------------------+
; Clock Name                                                             ; Type ; Period ; Frequency  ; Rise  ; Fall  ; Duty Cycle ; Divide by ; Multiply by ; Phase ; Offset ; Edge List ; Edge Shift ; Inverted ; Master ; Source ; Targets                                                                    ;
+------------------------------------------------------------------------+------+--------+------------+-------+-------+------------+-----------+-------------+-------+--------+-----------+------------+----------+--------+--------+----------------------------------------------------------------------------+
; Board_Clock                                                            ; Base ; 1.000  ; 1000.0 MHz ; 0.000 ; 0.500 ;            ;           ;             ;       ;        ;           ;            ;          ;        ;        ; { Board_Clock }                                                            ;
; Clock_dividers:b2v_inst4|Clock_divider_4_16_and_64:b2v_inst4|TFF_inst2 ; Base ; 1.000  ; 1000.0 MHz ; 0.000 ; 0.500 ;            ;           ;             ;       ;        ;           ;            ;          ;        ;        ; { Clock_dividers:b2v_inst4|Clock_divider_4_16_and_64:b2v_inst4|TFF_inst2 } ;
; Clock_dividers:b2v_inst4|Clock_divider_512:b2v_inst2|CLK_OUT           ; Base ; 1.000  ; 1000.0 MHz ; 0.000 ; 0.500 ;            ;           ;             ;       ;        ;           ;            ;          ;        ;        ; { Clock_dividers:b2v_inst4|Clock_divider_512:b2v_inst2|CLK_OUT }           ;
; Clock_dividers:b2v_inst4|Clock_divider_512:b2v_inst|CLK_OUT            ; Base ; 1.000  ; 1000.0 MHz ; 0.000 ; 0.500 ;            ;           ;             ;       ;        ;           ;            ;          ;        ;        ; { Clock_dividers:b2v_inst4|Clock_divider_512:b2v_inst|CLK_OUT }            ;
; Direct_Video_Map                                                       ; Base ; 1.000  ; 1000.0 MHz ; 0.000 ; 0.500 ;            ;           ;             ;       ;        ;           ;            ;          ;        ;        ; { Direct_Video_Map }                                                       ;
+------------------------------------------------------------------------+------+--------+------------+-------+-------+------------+-----------+-------------+-------+--------+-----------+------------+----------+--------+--------+----------------------------------------------------------------------------+


+-------------------------------------------------------------------------------------------------------------------------------------------------------------+
; Slow 1200mV 85C Model Fmax Summary                                                                                                                          ;
+------------+-----------------+--------------------------------------------------------------+---------------------------------------------------------------+
; Fmax       ; Restricted Fmax ; Clock Name                                                   ; Note                                                          ;
+------------+-----------------+--------------------------------------------------------------+---------------------------------------------------------------+
; 282.73 MHz ; 282.73 MHz      ; Clock_dividers:b2v_inst4|Clock_divider_512:b2v_inst2|CLK_OUT ;                                                               ;
; 282.89 MHz ; 250.0 MHz       ; Board_Clock                                                  ; limit due to minimum period restriction (max I/O toggle rate) ;
; 433.28 MHz ; 402.09 MHz      ; Clock_dividers:b2v_inst4|Clock_divider_512:b2v_inst|CLK_OUT  ; limit due to minimum period restriction (tmin)                ;
; 590.67 MHz ; 250.0 MHz       ; Direct_Video_Map                                             ; limit due to minimum period restriction (max I/O toggle rate) ;
+------------+-----------------+--------------------------------------------------------------+---------------------------------------------------------------+
This panel reports FMAX for every clock in the design, regardless of the user-specified clock periods.  FMAX is only computed for paths where the source and destination registers or ports are driven by the same clock.  Paths of different clocks, including generated clocks, are ignored.  For paths between a clock and its inversion, FMAX is computed as if the rising and falling edges are scaled along with FMAX, such that the duty cycle (in terms of a percentage) is maintained. Altera recommends that you always use clock constraints and other slack reports for sign-off analysis.


+---------------------------------------------------------------------------------------+
; Slow 1200mV 85C Model Setup Summary                                                   ;
+--------------------------------------------------------------+--------+---------------+
; Clock                                                        ; Slack  ; End Point TNS ;
+--------------------------------------------------------------+--------+---------------+
; Clock_dividers:b2v_inst4|Clock_divider_512:b2v_inst|CLK_OUT  ; -5.044 ; -29.107       ;
; Clock_dividers:b2v_inst4|Clock_divider_512:b2v_inst2|CLK_OUT ; -2.537 ; -8.369        ;
; Board_Clock                                                  ; -2.535 ; -8.191        ;
; Direct_Video_Map                                             ; -0.693 ; -1.927        ;
+--------------------------------------------------------------+--------+---------------+


+---------------------------------------------------------------------------------------+
; Slow 1200mV 85C Model Hold Summary                                                    ;
+--------------------------------------------------------------+--------+---------------+
; Clock                                                        ; Slack  ; End Point TNS ;
+--------------------------------------------------------------+--------+---------------+
; Direct_Video_Map                                             ; -4.008 ; -24.030       ;
; Clock_dividers:b2v_inst4|Clock_divider_512:b2v_inst2|CLK_OUT ; 0.359  ; 0.000         ;
; Board_Clock                                                  ; 0.360  ; 0.000         ;
; Clock_dividers:b2v_inst4|Clock_divider_512:b2v_inst|CLK_OUT  ; 0.363  ; 0.000         ;
+--------------------------------------------------------------+--------+---------------+


------------------------------------------
; Slow 1200mV 85C Model Recovery Summary ;
------------------------------------------
No paths to report.


-----------------------------------------
; Slow 1200mV 85C Model Removal Summary ;
-----------------------------------------
No paths to report.


+-------------------------------------------------------------------------------------------------+
; Slow 1200mV 85C Model Minimum Pulse Width Summary                                               ;
+------------------------------------------------------------------------+--------+---------------+
; Clock                                                                  ; Slack  ; End Point TNS ;
+------------------------------------------------------------------------+--------+---------------+
; Board_Clock                                                            ; -3.000 ; -16.383       ;
; Direct_Video_Map                                                       ; -3.000 ; -11.922       ;
; Clock_dividers:b2v_inst4|Clock_divider_512:b2v_inst2|CLK_OUT           ; -1.487 ; -13.383       ;
; Clock_dividers:b2v_inst4|Clock_divider_512:b2v_inst|CLK_OUT            ; -1.487 ; -11.896       ;
; Clock_dividers:b2v_inst4|Clock_divider_4_16_and_64:b2v_inst4|TFF_inst2 ; -1.487 ; -1.487        ;
+------------------------------------------------------------------------+--------+---------------+


-----------------------------------------------
; Slow 1200mV 85C Model Metastability Summary ;
-----------------------------------------------
No synchronizer chains to report.


+-------------------------------------------------------------------------------------------------------------------------------------------------------------+
; Slow 1200mV 0C Model Fmax Summary                                                                                                                           ;
+------------+-----------------+--------------------------------------------------------------+---------------------------------------------------------------+
; Fmax       ; Restricted Fmax ; Clock Name                                                   ; Note                                                          ;
+------------+-----------------+--------------------------------------------------------------+---------------------------------------------------------------+
; 301.11 MHz ; 301.11 MHz      ; Clock_dividers:b2v_inst4|Clock_divider_512:b2v_inst2|CLK_OUT ;                                                               ;
; 302.48 MHz ; 250.0 MHz       ; Board_Clock                                                  ; limit due to minimum period restriction (max I/O toggle rate) ;
; 454.75 MHz ; 402.09 MHz      ; Clock_dividers:b2v_inst4|Clock_divider_512:b2v_inst|CLK_OUT  ; limit due to minimum period restriction (tmin)                ;
; 646.83 MHz ; 250.0 MHz       ; Direct_Video_Map                                             ; limit due to minimum period restriction (max I/O toggle rate) ;
+------------+-----------------+--------------------------------------------------------------+---------------------------------------------------------------+
This panel reports FMAX for every clock in the design, regardless of the user-specified clock periods.  FMAX is only computed for paths where the source and destination registers or ports are driven by the same clock.  Paths of different clocks, including generated clocks, are ignored.  For paths between a clock and its inversion, FMAX is computed as if the rising and falling edges are scaled along with FMAX, such that the duty cycle (in terms of a percentage) is maintained. Altera recommends that you always use clock constraints and other slack reports for sign-off analysis.


+---------------------------------------------------------------------------------------+
; Slow 1200mV 0C Model Setup Summary                                                    ;
+--------------------------------------------------------------+--------+---------------+
; Clock                                                        ; Slack  ; End Point TNS ;
+--------------------------------------------------------------+--------+---------------+
; Clock_dividers:b2v_inst4|Clock_divider_512:b2v_inst|CLK_OUT  ; -4.566 ; -26.339       ;
; Clock_dividers:b2v_inst4|Clock_divider_512:b2v_inst2|CLK_OUT ; -2.321 ; -7.226        ;
; Board_Clock                                                  ; -2.306 ; -7.219        ;
; Direct_Video_Map                                             ; -0.546 ; -1.419        ;
+--------------------------------------------------------------+--------+---------------+


+---------------------------------------------------------------------------------------+
; Slow 1200mV 0C Model Hold Summary                                                     ;
+--------------------------------------------------------------+--------+---------------+
; Clock                                                        ; Slack  ; End Point TNS ;
+--------------------------------------------------------------+--------+---------------+
; Direct_Video_Map                                             ; -3.715 ; -22.274       ;
; Board_Clock                                                  ; 0.322  ; 0.000         ;
; Clock_dividers:b2v_inst4|Clock_divider_512:b2v_inst2|CLK_OUT ; 0.322  ; 0.000         ;
; Clock_dividers:b2v_inst4|Clock_divider_512:b2v_inst|CLK_OUT  ; 0.325  ; 0.000         ;
+--------------------------------------------------------------+--------+---------------+


-----------------------------------------
; Slow 1200mV 0C Model Recovery Summary ;
-----------------------------------------
No paths to report.


----------------------------------------
; Slow 1200mV 0C Model Removal Summary ;
----------------------------------------
No paths to report.


+-------------------------------------------------------------------------------------------------+
; Slow 1200mV 0C Model Minimum Pulse Width Summary                                                ;
+------------------------------------------------------------------------+--------+---------------+
; Clock                                                                  ; Slack  ; End Point TNS ;
+------------------------------------------------------------------------+--------+---------------+
; Board_Clock                                                            ; -3.000 ; -16.383       ;
; Direct_Video_Map                                                       ; -3.000 ; -11.922       ;
; Clock_dividers:b2v_inst4|Clock_divider_512:b2v_inst2|CLK_OUT           ; -1.487 ; -13.383       ;
; Clock_dividers:b2v_inst4|Clock_divider_512:b2v_inst|CLK_OUT            ; -1.487 ; -11.896       ;
; Clock_dividers:b2v_inst4|Clock_divider_4_16_and_64:b2v_inst4|TFF_inst2 ; -1.487 ; -1.487        ;
+------------------------------------------------------------------------+--------+---------------+


----------------------------------------------
; Slow 1200mV 0C Model Metastability Summary ;
----------------------------------------------
No synchronizer chains to report.


+---------------------------------------------------------------------------------------+
; Fast 1200mV 0C Model Setup Summary                                                    ;
+--------------------------------------------------------------+--------+---------------+
; Clock                                                        ; Slack  ; End Point TNS ;
+--------------------------------------------------------------+--------+---------------+
; Clock_dividers:b2v_inst4|Clock_divider_512:b2v_inst|CLK_OUT  ; -1.392 ; -7.532        ;
; Clock_dividers:b2v_inst4|Clock_divider_512:b2v_inst2|CLK_OUT ; -0.365 ; -0.365        ;
; Board_Clock                                                  ; -0.358 ; -0.358        ;
; Direct_Video_Map                                             ; 0.342  ; 0.000         ;
+--------------------------------------------------------------+--------+---------------+


+---------------------------------------------------------------------------------------+
; Fast 1200mV 0C Model Hold Summary                                                     ;
+--------------------------------------------------------------+--------+---------------+
; Clock                                                        ; Slack  ; End Point TNS ;
+--------------------------------------------------------------+--------+---------------+
; Direct_Video_Map                                             ; -1.601 ; -9.602        ;
; Clock_dividers:b2v_inst4|Clock_divider_512:b2v_inst2|CLK_OUT ; 0.150  ; 0.000         ;
; Board_Clock                                                  ; 0.151  ; 0.000         ;
; Clock_dividers:b2v_inst4|Clock_divider_512:b2v_inst|CLK_OUT  ; 0.153  ; 0.000         ;
+--------------------------------------------------------------+--------+---------------+


-----------------------------------------
; Fast 1200mV 0C Model Recovery Summary ;
-----------------------------------------
No paths to report.


----------------------------------------
; Fast 1200mV 0C Model Removal Summary ;
----------------------------------------
No paths to report.


+-------------------------------------------------------------------------------------------------+
; Fast 1200mV 0C Model Minimum Pulse Width Summary                                                ;
+------------------------------------------------------------------------+--------+---------------+
; Clock                                                                  ; Slack  ; End Point TNS ;
+------------------------------------------------------------------------+--------+---------------+
; Board_Clock                                                            ; -3.000 ; -12.261       ;
; Direct_Video_Map                                                       ; -3.000 ; -9.894        ;
; Clock_dividers:b2v_inst4|Clock_divider_512:b2v_inst2|CLK_OUT           ; -1.000 ; -9.000        ;
; Clock_dividers:b2v_inst4|Clock_divider_512:b2v_inst|CLK_OUT            ; -1.000 ; -8.000        ;
; Clock_dividers:b2v_inst4|Clock_divider_4_16_and_64:b2v_inst4|TFF_inst2 ; -1.000 ; -1.000        ;
+------------------------------------------------------------------------+--------+---------------+


----------------------------------------------
; Fast 1200mV 0C Model Metastability Summary ;
----------------------------------------------
No synchronizer chains to report.


+----------------------------------------------------------------------------------------------------------------------------------------+
; Multicorner Timing Analysis Summary                                                                                                    ;
+-------------------------------------------------------------------------+---------+---------+----------+---------+---------------------+
; Clock                                                                   ; Setup   ; Hold    ; Recovery ; Removal ; Minimum Pulse Width ;
+-------------------------------------------------------------------------+---------+---------+----------+---------+---------------------+
; Worst-case Slack                                                        ; -5.044  ; -4.008  ; N/A      ; N/A     ; -3.000              ;
;  Board_Clock                                                            ; -2.535  ; 0.151   ; N/A      ; N/A     ; -3.000              ;
;  Clock_dividers:b2v_inst4|Clock_divider_4_16_and_64:b2v_inst4|TFF_inst2 ; N/A     ; N/A     ; N/A      ; N/A     ; -1.487              ;
;  Clock_dividers:b2v_inst4|Clock_divider_512:b2v_inst2|CLK_OUT           ; -2.537  ; 0.150   ; N/A      ; N/A     ; -1.487              ;
;  Clock_dividers:b2v_inst4|Clock_divider_512:b2v_inst|CLK_OUT            ; -5.044  ; 0.153   ; N/A      ; N/A     ; -1.487              ;
;  Direct_Video_Map                                                       ; -0.693  ; -4.008  ; N/A      ; N/A     ; -3.000              ;
; Design-wide TNS                                                         ; -47.594 ; -24.03  ; 0.0      ; 0.0     ; -55.071             ;
;  Board_Clock                                                            ; -8.191  ; 0.000   ; N/A      ; N/A     ; -16.383             ;
;  Clock_dividers:b2v_inst4|Clock_divider_4_16_and_64:b2v_inst4|TFF_inst2 ; N/A     ; N/A     ; N/A      ; N/A     ; -1.487              ;
;  Clock_dividers:b2v_inst4|Clock_divider_512:b2v_inst2|CLK_OUT           ; -8.369  ; 0.000   ; N/A      ; N/A     ; -13.383             ;
;  Clock_dividers:b2v_inst4|Clock_divider_512:b2v_inst|CLK_OUT            ; -29.107 ; 0.000   ; N/A      ; N/A     ; -11.896             ;
;  Direct_Video_Map                                                       ; -1.927  ; -24.030 ; N/A      ; N/A     ; -11.922             ;
+-------------------------------------------------------------------------+---------+---------+----------+---------+---------------------+


+---------------------------------------------------------------------------------------------------------------------------------------------------------------------------------------------------------------------------------------------------------------------------------------------------------------------------------------------------------------------------------------------------------------------+
; Board Trace Model Assignments                                                                                                                                                                                                                                                                                                                                                                                       ;
+------------------+--------------+-------------------+-------------------------+-------------------------+---------------+---------------------+----------------+------------------+--------+------------------+------------------------+------------------------+--------------+---------------+-----------------+-------+---------------------+--------------------+---------------+-----------------+-------------+
; Pin              ; I/O Standard ; Near Tline Length ; Near Tline L per Length ; Near Tline C per Length ; Near Series R ; Near Differential R ; Near Pull-up R ; Near Pull-down R ; Near C ; Far Tline Length ; Far Tline L per Length ; Far Tline C per Length ; Far Series R ; Far Pull-up R ; Far Pull-down R ; Far C ; Termination Voltage ; Far Differential R ; EBD File Name ; EBD Signal Name ; EBD Far-end ;
+------------------+--------------+-------------------+-------------------------+-------------------------+---------------+---------------------+----------------+------------------+--------+------------------+------------------------+------------------------+--------------+---------------+-----------------+-------+---------------------+--------------------+---------------+-----------------+-------------+
; pin_name1        ; 2.5 V        ; 0 in              ; 0 H/in                  ; 0 F/in                  ; short         ; -                   ; open           ; open             ; open   ; 0 in             ; 0 H/in                 ; 0 F/in                 ; short        ; open          ; open            ; open  ; 0 V                 ; -                  ; n/a           ; n/a             ; n/a         ;
; pin_name2        ; 2.5 V        ; 0 in              ; 0 H/in                  ; 0 F/in                  ; short         ; -                   ; open           ; open             ; open   ; 0 in             ; 0 H/in                 ; 0 F/in                 ; short        ; open          ; open            ; open  ; 0 V                 ; -                  ; n/a           ; n/a             ; n/a         ;
; pin_name3        ; 2.5 V        ; 0 in              ; 0 H/in                  ; 0 F/in                  ; short         ; -                   ; open           ; open             ; open   ; 0 in             ; 0 H/in                 ; 0 F/in                 ; short        ; open          ; open            ; open  ; 0 V                 ; -                  ; n/a           ; n/a             ; n/a         ;
; pin_name4        ; 2.5 V        ; 0 in              ; 0 H/in                  ; 0 F/in                  ; short         ; -                   ; open           ; open             ; open   ; 0 in             ; 0 H/in                 ; 0 F/in                 ; short        ; open          ; open            ; open  ; 0 V                 ; -                  ; n/a           ; n/a             ; n/a         ;
; pin_name5        ; 2.5 V        ; 0 in              ; 0 H/in                  ; 0 F/in                  ; short         ; -                   ; open           ; open             ; open   ; 0 in             ; 0 H/in                 ; 0 F/in                 ; short        ; open          ; open            ; open  ; 0 V                 ; -                  ; n/a           ; n/a             ; n/a         ;
; pin_name6        ; 2.5 V        ; 0 in              ; 0 H/in                  ; 0 F/in                  ; short         ; -                   ; open           ; open             ; open   ; 0 in             ; 0 H/in                 ; 0 F/in                 ; short        ; open          ; open            ; open  ; 0 V                 ; -                  ; n/a           ; n/a             ; n/a         ;
; REG2_ZERO        ; 2.5 V        ; 0 in              ; 0 H/in                  ; 0 F/in                  ; short         ; -                   ; open           ; open             ; open   ; 0 in             ; 0 H/in                 ; 0 F/in                 ; short        ; open          ; open            ; open  ; 0 V                 ; -                  ; n/a           ; n/a             ; n/a         ;
; REG2_ONE         ; 2.5 V        ; 0 in              ; 0 H/in                  ; 0 F/in                  ; short         ; -                   ; open           ; open             ; open   ; 0 in             ; 0 H/in                 ; 0 F/in                 ; short        ; open          ; open            ; open  ; 0 V                 ; -                  ; n/a           ; n/a             ; n/a         ;
; REG1_ZERO        ; 2.5 V        ; 0 in              ; 0 H/in                  ; 0 F/in                  ; short         ; -                   ; open           ; open             ; open   ; 0 in             ; 0 H/in                 ; 0 F/in                 ; short        ; open          ; open            ; open  ; 0 V                 ; -                  ; n/a           ; n/a             ; n/a         ;
; REG1_ONE         ; 2.5 V        ; 0 in              ; 0 H/in                  ; 0 F/in                  ; short         ; -                   ; open           ; open             ; open   ; 0 in             ; 0 H/in                 ; 0 F/in                 ; short        ; open          ; open            ; open  ; 0 V                 ; -                  ; n/a           ; n/a             ; n/a         ;
; Negative_Flag    ; 2.5 V        ; 0 in              ; 0 H/in                  ; 0 F/in                  ; short         ; -                   ; open           ; open             ; open   ; 0 in             ; 0 H/in                 ; 0 F/in                 ; short        ; open          ; open            ; open  ; 0 V                 ; -                  ; n/a           ; n/a             ; n/a         ;
; Zero_Flag        ; 2.5 V        ; 0 in              ; 0 H/in                  ; 0 F/in                  ; short         ; -                   ; open           ; open             ; open   ; 0 in             ; 0 H/in                 ; 0 F/in                 ; short        ; open          ; open            ; open  ; 0 V                 ; -                  ; n/a           ; n/a             ; n/a         ;
; Carry_Flag       ; 2.5 V        ; 0 in              ; 0 H/in                  ; 0 F/in                  ; short         ; -                   ; open           ; open             ; open   ; 0 in             ; 0 H/in                 ; 0 F/in                 ; short        ; open          ; open            ; open  ; 0 V                 ; -                  ; n/a           ; n/a             ; n/a         ;
; OverFlow_Flag    ; 2.5 V        ; 0 in              ; 0 H/in                  ; 0 F/in                  ; short         ; -                   ; open           ; open             ; open   ; 0 in             ; 0 H/in                 ; 0 F/in                 ; short        ; open          ; open            ; open  ; 0 V                 ; -                  ; n/a           ; n/a             ; n/a         ;
; OPCODE0          ; 2.5 V        ; 0 in              ; 0 H/in                  ; 0 F/in                  ; short         ; -                   ; open           ; open             ; open   ; 0 in             ; 0 H/in                 ; 0 F/in                 ; short        ; open          ; open            ; open  ; 0 V                 ; -                  ; n/a           ; n/a             ; n/a         ;
; OPCODE1          ; 2.5 V        ; 0 in              ; 0 H/in                  ; 0 F/in                  ; short         ; -                   ; open           ; open             ; open   ; 0 in             ; 0 H/in                 ; 0 F/in                 ; short        ; open          ; open            ; open  ; 0 V                 ; -                  ; n/a           ; n/a             ; n/a         ;
; OPCODE2          ; 2.5 V        ; 0 in              ; 0 H/in                  ; 0 F/in                  ; short         ; -                   ; open           ; open             ; open   ; 0 in             ; 0 H/in                 ; 0 F/in                 ; short        ; open          ; open            ; open  ; 0 V                 ; -                  ; n/a           ; n/a             ; n/a         ;
; OPCODE3          ; 2.5 V        ; 0 in              ; 0 H/in                  ; 0 F/in                  ; short         ; -                   ; open           ; open             ; open   ; 0 in             ; 0 H/in                 ; 0 F/in                 ; short        ; open          ; open            ; open  ; 0 V                 ; -                  ; n/a           ; n/a             ; n/a         ;
; IMMEDVAL0        ; 2.5 V        ; 0 in              ; 0 H/in                  ; 0 F/in                  ; short         ; -                   ; open           ; open             ; open   ; 0 in             ; 0 H/in                 ; 0 F/in                 ; short        ; open          ; open            ; open  ; 0 V                 ; -                  ; n/a           ; n/a             ; n/a         ;
; IMMEDVAL1        ; 2.5 V        ; 0 in              ; 0 H/in                  ; 0 F/in                  ; short         ; -                   ; open           ; open             ; open   ; 0 in             ; 0 H/in                 ; 0 F/in                 ; short        ; open          ; open            ; open  ; 0 V                 ; -                  ; n/a           ; n/a             ; n/a         ;
; IMMEDVAL2        ; 2.5 V        ; 0 in              ; 0 H/in                  ; 0 F/in                  ; short         ; -                   ; open           ; open             ; open   ; 0 in             ; 0 H/in                 ; 0 F/in                 ; short        ; open          ; open            ; open  ; 0 V                 ; -                  ; n/a           ; n/a             ; n/a         ;
; IMMEDVAL3        ; 2.5 V        ; 0 in              ; 0 H/in                  ; 0 F/in                  ; short         ; -                   ; open           ; open             ; open   ; 0 in             ; 0 H/in                 ; 0 F/in                 ; short        ; open          ; open            ; open  ; 0 V                 ; -                  ; n/a           ; n/a             ; n/a         ;
; IMMEDVAL4        ; 2.5 V        ; 0 in              ; 0 H/in                  ; 0 F/in                  ; short         ; -                   ; open           ; open             ; open   ; 0 in             ; 0 H/in                 ; 0 F/in                 ; short        ; open          ; open            ; open  ; 0 V                 ; -                  ; n/a           ; n/a             ; n/a         ;
; IMMEDVAL5        ; 2.5 V        ; 0 in              ; 0 H/in                  ; 0 F/in                  ; short         ; -                   ; open           ; open             ; open   ; 0 in             ; 0 H/in                 ; 0 F/in                 ; short        ; open          ; open            ; open  ; 0 V                 ; -                  ; n/a           ; n/a             ; n/a         ;
; IMMEDVAL6        ; 2.5 V        ; 0 in              ; 0 H/in                  ; 0 F/in                  ; short         ; -                   ; open           ; open             ; open   ; 0 in             ; 0 H/in                 ; 0 F/in                 ; short        ; open          ; open            ; open  ; 0 V                 ; -                  ; n/a           ; n/a             ; n/a         ;
; IMMEDVAL7        ; 2.5 V        ; 0 in              ; 0 H/in                  ; 0 F/in                  ; short         ; -                   ; open           ; open             ; open   ; 0 in             ; 0 H/in                 ; 0 F/in                 ; short        ; open          ; open            ; open  ; 0 V                 ; -                  ; n/a           ; n/a             ; n/a         ;
; Seven_SegOut0[0] ; 2.5 V        ; 0 in              ; 0 H/in                  ; 0 F/in                  ; short         ; -                   ; open           ; open             ; open   ; 0 in             ; 0 H/in                 ; 0 F/in                 ; short        ; open          ; open            ; open  ; 0 V                 ; -                  ; n/a           ; n/a             ; n/a         ;
; Seven_SegOut0[1] ; 2.5 V        ; 0 in              ; 0 H/in                  ; 0 F/in                  ; short         ; -                   ; open           ; open             ; open   ; 0 in             ; 0 H/in                 ; 0 F/in                 ; short        ; open          ; open            ; open  ; 0 V                 ; -                  ; n/a           ; n/a             ; n/a         ;
; Seven_SegOut0[2] ; 2.5 V        ; 0 in              ; 0 H/in                  ; 0 F/in                  ; short         ; -                   ; open           ; open             ; open   ; 0 in             ; 0 H/in                 ; 0 F/in                 ; short        ; open          ; open            ; open  ; 0 V                 ; -                  ; n/a           ; n/a             ; n/a         ;
; Seven_SegOut0[3] ; 2.5 V        ; 0 in              ; 0 H/in                  ; 0 F/in                  ; short         ; -                   ; open           ; open             ; open   ; 0 in             ; 0 H/in                 ; 0 F/in                 ; short        ; open          ; open            ; open  ; 0 V                 ; -                  ; n/a           ; n/a             ; n/a         ;
; Seven_SegOut0[4] ; 2.5 V        ; 0 in              ; 0 H/in                  ; 0 F/in                  ; short         ; -                   ; open           ; open             ; open   ; 0 in             ; 0 H/in                 ; 0 F/in                 ; short        ; open          ; open            ; open  ; 0 V                 ; -                  ; n/a           ; n/a             ; n/a         ;
; Seven_SegOut0[5] ; 2.5 V        ; 0 in              ; 0 H/in                  ; 0 F/in                  ; short         ; -                   ; open           ; open             ; open   ; 0 in             ; 0 H/in                 ; 0 F/in                 ; short        ; open          ; open            ; open  ; 0 V                 ; -                  ; n/a           ; n/a             ; n/a         ;
; Seven_SegOut0[6] ; 2.5 V        ; 0 in              ; 0 H/in                  ; 0 F/in                  ; short         ; -                   ; open           ; open             ; open   ; 0 in             ; 0 H/in                 ; 0 F/in                 ; short        ; open          ; open            ; open  ; 0 V                 ; -                  ; n/a           ; n/a             ; n/a         ;
; Seven_SegOut1[0] ; 2.5 V        ; 0 in              ; 0 H/in                  ; 0 F/in                  ; short         ; -                   ; open           ; open             ; open   ; 0 in             ; 0 H/in                 ; 0 F/in                 ; short        ; open          ; open            ; open  ; 0 V                 ; -                  ; n/a           ; n/a             ; n/a         ;
; Seven_SegOut1[1] ; 2.5 V        ; 0 in              ; 0 H/in                  ; 0 F/in                  ; short         ; -                   ; open           ; open             ; open   ; 0 in             ; 0 H/in                 ; 0 F/in                 ; short        ; open          ; open            ; open  ; 0 V                 ; -                  ; n/a           ; n/a             ; n/a         ;
; Seven_SegOut1[2] ; 2.5 V        ; 0 in              ; 0 H/in                  ; 0 F/in                  ; short         ; -                   ; open           ; open             ; open   ; 0 in             ; 0 H/in                 ; 0 F/in                 ; short        ; open          ; open            ; open  ; 0 V                 ; -                  ; n/a           ; n/a             ; n/a         ;
; Seven_SegOut1[3] ; 2.5 V        ; 0 in              ; 0 H/in                  ; 0 F/in                  ; short         ; -                   ; open           ; open             ; open   ; 0 in             ; 0 H/in                 ; 0 F/in                 ; short        ; open          ; open            ; open  ; 0 V                 ; -                  ; n/a           ; n/a             ; n/a         ;
; Seven_SegOut1[4] ; 2.5 V        ; 0 in              ; 0 H/in                  ; 0 F/in                  ; short         ; -                   ; open           ; open             ; open   ; 0 in             ; 0 H/in                 ; 0 F/in                 ; short        ; open          ; open            ; open  ; 0 V                 ; -                  ; n/a           ; n/a             ; n/a         ;
; Seven_SegOut1[5] ; 2.5 V        ; 0 in              ; 0 H/in                  ; 0 F/in                  ; short         ; -                   ; open           ; open             ; open   ; 0 in             ; 0 H/in                 ; 0 F/in                 ; short        ; open          ; open            ; open  ; 0 V                 ; -                  ; n/a           ; n/a             ; n/a         ;
; Seven_SegOut1[6] ; 2.5 V        ; 0 in              ; 0 H/in                  ; 0 F/in                  ; short         ; -                   ; open           ; open             ; open   ; 0 in             ; 0 H/in                 ; 0 F/in                 ; short        ; open          ; open            ; open  ; 0 V                 ; -                  ; n/a           ; n/a             ; n/a         ;
; Seven_SegOut2[0] ; 2.5 V        ; 0 in              ; 0 H/in                  ; 0 F/in                  ; short         ; -                   ; open           ; open             ; open   ; 0 in             ; 0 H/in                 ; 0 F/in                 ; short        ; open          ; open            ; open  ; 0 V                 ; -                  ; n/a           ; n/a             ; n/a         ;
; Seven_SegOut2[1] ; 2.5 V        ; 0 in              ; 0 H/in                  ; 0 F/in                  ; short         ; -                   ; open           ; open             ; open   ; 0 in             ; 0 H/in                 ; 0 F/in                 ; short        ; open          ; open            ; open  ; 0 V                 ; -                  ; n/a           ; n/a             ; n/a         ;
; Seven_SegOut2[2] ; 2.5 V        ; 0 in              ; 0 H/in                  ; 0 F/in                  ; short         ; -                   ; open           ; open             ; open   ; 0 in             ; 0 H/in                 ; 0 F/in                 ; short        ; open          ; open            ; open  ; 0 V                 ; -                  ; n/a           ; n/a             ; n/a         ;
; Seven_SegOut2[3] ; 2.5 V        ; 0 in              ; 0 H/in                  ; 0 F/in                  ; short         ; -                   ; open           ; open             ; open   ; 0 in             ; 0 H/in                 ; 0 F/in                 ; short        ; open          ; open            ; open  ; 0 V                 ; -                  ; n/a           ; n/a             ; n/a         ;
; Seven_SegOut2[4] ; 2.5 V        ; 0 in              ; 0 H/in                  ; 0 F/in                  ; short         ; -                   ; open           ; open             ; open   ; 0 in             ; 0 H/in                 ; 0 F/in                 ; short        ; open          ; open            ; open  ; 0 V                 ; -                  ; n/a           ; n/a             ; n/a         ;
; Seven_SegOut2[5] ; 2.5 V        ; 0 in              ; 0 H/in                  ; 0 F/in                  ; short         ; -                   ; open           ; open             ; open   ; 0 in             ; 0 H/in                 ; 0 F/in                 ; short        ; open          ; open            ; open  ; 0 V                 ; -                  ; n/a           ; n/a             ; n/a         ;
; Seven_SegOut2[6] ; 2.5 V        ; 0 in              ; 0 H/in                  ; 0 F/in                  ; short         ; -                   ; open           ; open             ; open   ; 0 in             ; 0 H/in                 ; 0 F/in                 ; short        ; open          ; open            ; open  ; 0 V                 ; -                  ; n/a           ; n/a             ; n/a         ;
; Seven_SegOut3[0] ; 2.5 V        ; 0 in              ; 0 H/in                  ; 0 F/in                  ; short         ; -                   ; open           ; open             ; open   ; 0 in             ; 0 H/in                 ; 0 F/in                 ; short        ; open          ; open            ; open  ; 0 V                 ; -                  ; n/a           ; n/a             ; n/a         ;
; Seven_SegOut3[1] ; 2.5 V        ; 0 in              ; 0 H/in                  ; 0 F/in                  ; short         ; -                   ; open           ; open             ; open   ; 0 in             ; 0 H/in                 ; 0 F/in                 ; short        ; open          ; open            ; open  ; 0 V                 ; -                  ; n/a           ; n/a             ; n/a         ;
; Seven_SegOut3[2] ; 2.5 V        ; 0 in              ; 0 H/in                  ; 0 F/in                  ; short         ; -                   ; open           ; open             ; open   ; 0 in             ; 0 H/in                 ; 0 F/in                 ; short        ; open          ; open            ; open  ; 0 V                 ; -                  ; n/a           ; n/a             ; n/a         ;
; Seven_SegOut3[3] ; 2.5 V        ; 0 in              ; 0 H/in                  ; 0 F/in                  ; short         ; -                   ; open           ; open             ; open   ; 0 in             ; 0 H/in                 ; 0 F/in                 ; short        ; open          ; open            ; open  ; 0 V                 ; -                  ; n/a           ; n/a             ; n/a         ;
; Seven_SegOut3[4] ; 2.5 V        ; 0 in              ; 0 H/in                  ; 0 F/in                  ; short         ; -                   ; open           ; open             ; open   ; 0 in             ; 0 H/in                 ; 0 F/in                 ; short        ; open          ; open            ; open  ; 0 V                 ; -                  ; n/a           ; n/a             ; n/a         ;
; Seven_SegOut3[5] ; 2.5 V        ; 0 in              ; 0 H/in                  ; 0 F/in                  ; short         ; -                   ; open           ; open             ; open   ; 0 in             ; 0 H/in                 ; 0 F/in                 ; short        ; open          ; open            ; open  ; 0 V                 ; -                  ; n/a           ; n/a             ; n/a         ;
; Seven_SegOut3[6] ; 2.5 V        ; 0 in              ; 0 H/in                  ; 0 F/in                  ; short         ; -                   ; open           ; open             ; open   ; 0 in             ; 0 H/in                 ; 0 F/in                 ; short        ; open          ; open            ; open  ; 0 V                 ; -                  ; n/a           ; n/a             ; n/a         ;
; Seven_SegOut4[0] ; 2.5 V        ; 0 in              ; 0 H/in                  ; 0 F/in                  ; short         ; -                   ; open           ; open             ; open   ; 0 in             ; 0 H/in                 ; 0 F/in                 ; short        ; open          ; open            ; open  ; 0 V                 ; -                  ; n/a           ; n/a             ; n/a         ;
; Seven_SegOut4[1] ; 2.5 V        ; 0 in              ; 0 H/in                  ; 0 F/in                  ; short         ; -                   ; open           ; open             ; open   ; 0 in             ; 0 H/in                 ; 0 F/in                 ; short        ; open          ; open            ; open  ; 0 V                 ; -                  ; n/a           ; n/a             ; n/a         ;
; Seven_SegOut4[2] ; 2.5 V        ; 0 in              ; 0 H/in                  ; 0 F/in                  ; short         ; -                   ; open           ; open             ; open   ; 0 in             ; 0 H/in                 ; 0 F/in                 ; short        ; open          ; open            ; open  ; 0 V                 ; -                  ; n/a           ; n/a             ; n/a         ;
; Seven_SegOut4[3] ; 2.5 V        ; 0 in              ; 0 H/in                  ; 0 F/in                  ; short         ; -                   ; open           ; open             ; open   ; 0 in             ; 0 H/in                 ; 0 F/in                 ; short        ; open          ; open            ; open  ; 0 V                 ; -                  ; n/a           ; n/a             ; n/a         ;
; Seven_SegOut4[4] ; 2.5 V        ; 0 in              ; 0 H/in                  ; 0 F/in                  ; short         ; -                   ; open           ; open             ; open   ; 0 in             ; 0 H/in                 ; 0 F/in                 ; short        ; open          ; open            ; open  ; 0 V                 ; -                  ; n/a           ; n/a             ; n/a         ;
; Seven_SegOut4[5] ; 2.5 V        ; 0 in              ; 0 H/in                  ; 0 F/in                  ; short         ; -                   ; open           ; open             ; open   ; 0 in             ; 0 H/in                 ; 0 F/in                 ; short        ; open          ; open            ; open  ; 0 V                 ; -                  ; n/a           ; n/a             ; n/a         ;
; Seven_SegOut4[6] ; 2.5 V        ; 0 in              ; 0 H/in                  ; 0 F/in                  ; short         ; -                   ; open           ; open             ; open   ; 0 in             ; 0 H/in                 ; 0 F/in                 ; short        ; open          ; open            ; open  ; 0 V                 ; -                  ; n/a           ; n/a             ; n/a         ;
; Seven_SegOut5[0] ; 2.5 V        ; 0 in              ; 0 H/in                  ; 0 F/in                  ; short         ; -                   ; open           ; open             ; open   ; 0 in             ; 0 H/in                 ; 0 F/in                 ; short        ; open          ; open            ; open  ; 0 V                 ; -                  ; n/a           ; n/a             ; n/a         ;
; Seven_SegOut5[1] ; 2.5 V        ; 0 in              ; 0 H/in                  ; 0 F/in                  ; short         ; -                   ; open           ; open             ; open   ; 0 in             ; 0 H/in                 ; 0 F/in                 ; short        ; open          ; open            ; open  ; 0 V                 ; -                  ; n/a           ; n/a             ; n/a         ;
; Seven_SegOut5[2] ; 2.5 V        ; 0 in              ; 0 H/in                  ; 0 F/in                  ; short         ; -                   ; open           ; open             ; open   ; 0 in             ; 0 H/in                 ; 0 F/in                 ; short        ; open          ; open            ; open  ; 0 V                 ; -                  ; n/a           ; n/a             ; n/a         ;
; Seven_SegOut5[3] ; 2.5 V        ; 0 in              ; 0 H/in                  ; 0 F/in                  ; short         ; -                   ; open           ; open             ; open   ; 0 in             ; 0 H/in                 ; 0 F/in                 ; short        ; open          ; open            ; open  ; 0 V                 ; -                  ; n/a           ; n/a             ; n/a         ;
; Seven_SegOut5[4] ; 2.5 V        ; 0 in              ; 0 H/in                  ; 0 F/in                  ; short         ; -                   ; open           ; open             ; open   ; 0 in             ; 0 H/in                 ; 0 F/in                 ; short        ; open          ; open            ; open  ; 0 V                 ; -                  ; n/a           ; n/a             ; n/a         ;
; Seven_SegOut5[5] ; 2.5 V        ; 0 in              ; 0 H/in                  ; 0 F/in                  ; short         ; -                   ; open           ; open             ; open   ; 0 in             ; 0 H/in                 ; 0 F/in                 ; short        ; open          ; open            ; open  ; 0 V                 ; -                  ; n/a           ; n/a             ; n/a         ;
; Seven_SegOut5[6] ; 2.5 V        ; 0 in              ; 0 H/in                  ; 0 F/in                  ; short         ; -                   ; open           ; open             ; open   ; 0 in             ; 0 H/in                 ; 0 F/in                 ; short        ; open          ; open            ; open  ; 0 V                 ; -                  ; n/a           ; n/a             ; n/a         ;
; Seven_SegOut6[0] ; 2.5 V        ; 0 in              ; 0 H/in                  ; 0 F/in                  ; short         ; -                   ; open           ; open             ; open   ; 0 in             ; 0 H/in                 ; 0 F/in                 ; short        ; open          ; open            ; open  ; 0 V                 ; -                  ; n/a           ; n/a             ; n/a         ;
; Seven_SegOut6[1] ; 2.5 V        ; 0 in              ; 0 H/in                  ; 0 F/in                  ; short         ; -                   ; open           ; open             ; open   ; 0 in             ; 0 H/in                 ; 0 F/in                 ; short        ; open          ; open            ; open  ; 0 V                 ; -                  ; n/a           ; n/a             ; n/a         ;
; Seven_SegOut6[2] ; 2.5 V        ; 0 in              ; 0 H/in                  ; 0 F/in                  ; short         ; -                   ; open           ; open             ; open   ; 0 in             ; 0 H/in                 ; 0 F/in                 ; short        ; open          ; open            ; open  ; 0 V                 ; -                  ; n/a           ; n/a             ; n/a         ;
; Seven_SegOut6[3] ; 2.5 V        ; 0 in              ; 0 H/in                  ; 0 F/in                  ; short         ; -                   ; open           ; open             ; open   ; 0 in             ; 0 H/in                 ; 0 F/in                 ; short        ; open          ; open            ; open  ; 0 V                 ; -                  ; n/a           ; n/a             ; n/a         ;
; Seven_SegOut6[4] ; 2.5 V        ; 0 in              ; 0 H/in                  ; 0 F/in                  ; short         ; -                   ; open           ; open             ; open   ; 0 in             ; 0 H/in                 ; 0 F/in                 ; short        ; open          ; open            ; open  ; 0 V                 ; -                  ; n/a           ; n/a             ; n/a         ;
; Seven_SegOut6[5] ; 2.5 V        ; 0 in              ; 0 H/in                  ; 0 F/in                  ; short         ; -                   ; open           ; open             ; open   ; 0 in             ; 0 H/in                 ; 0 F/in                 ; short        ; open          ; open            ; open  ; 0 V                 ; -                  ; n/a           ; n/a             ; n/a         ;
; Seven_SegOut6[6] ; 2.5 V        ; 0 in              ; 0 H/in                  ; 0 F/in                  ; short         ; -                   ; open           ; open             ; open   ; 0 in             ; 0 H/in                 ; 0 F/in                 ; short        ; open          ; open            ; open  ; 0 V                 ; -                  ; n/a           ; n/a             ; n/a         ;
; Seven_SegOut7[0] ; 2.5 V        ; 0 in              ; 0 H/in                  ; 0 F/in                  ; short         ; -                   ; open           ; open             ; open   ; 0 in             ; 0 H/in                 ; 0 F/in                 ; short        ; open          ; open            ; open  ; 0 V                 ; -                  ; n/a           ; n/a             ; n/a         ;
; Seven_SegOut7[1] ; 2.5 V        ; 0 in              ; 0 H/in                  ; 0 F/in                  ; short         ; -                   ; open           ; open             ; open   ; 0 in             ; 0 H/in                 ; 0 F/in                 ; short        ; open          ; open            ; open  ; 0 V                 ; -                  ; n/a           ; n/a             ; n/a         ;
; Seven_SegOut7[2] ; 2.5 V        ; 0 in              ; 0 H/in                  ; 0 F/in                  ; short         ; -                   ; open           ; open             ; open   ; 0 in             ; 0 H/in                 ; 0 F/in                 ; short        ; open          ; open            ; open  ; 0 V                 ; -                  ; n/a           ; n/a             ; n/a         ;
; Seven_SegOut7[3] ; 2.5 V        ; 0 in              ; 0 H/in                  ; 0 F/in                  ; short         ; -                   ; open           ; open             ; open   ; 0 in             ; 0 H/in                 ; 0 F/in                 ; short        ; open          ; open            ; open  ; 0 V                 ; -                  ; n/a           ; n/a             ; n/a         ;
; Seven_SegOut7[4] ; 2.5 V        ; 0 in              ; 0 H/in                  ; 0 F/in                  ; short         ; -                   ; open           ; open             ; open   ; 0 in             ; 0 H/in                 ; 0 F/in                 ; short        ; open          ; open            ; open  ; 0 V                 ; -                  ; n/a           ; n/a             ; n/a         ;
; Seven_SegOut7[5] ; 2.5 V        ; 0 in              ; 0 H/in                  ; 0 F/in                  ; short         ; -                   ; open           ; open             ; open   ; 0 in             ; 0 H/in                 ; 0 F/in                 ; short        ; open          ; open            ; open  ; 0 V                 ; -                  ; n/a           ; n/a             ; n/a         ;
; Seven_SegOut7[6] ; 2.5 V        ; 0 in              ; 0 H/in                  ; 0 F/in                  ; short         ; -                   ; open           ; open             ; open   ; 0 in             ; 0 H/in                 ; 0 F/in                 ; short        ; open          ; open            ; open  ; 0 V                 ; -                  ; n/a           ; n/a             ; n/a         ;
; ~ALTERA_TDO~     ; 2.5 V        ; 0 in              ; 0 H/in                  ; 0 F/in                  ; short         ; -                   ; open           ; open             ; open   ; 0 in             ; 0 H/in                 ; 0 F/in                 ; short        ; open          ; open            ; open  ; 0 V                 ; -                  ; n/a           ; n/a             ; n/a         ;
+------------------+--------------+-------------------+-------------------------+-------------------------+---------------+---------------------+----------------+------------------+--------+------------------+------------------------+------------------------+--------------+---------------+-----------------+-------+---------------------+--------------------+---------------+-----------------+-------------+


+---------------------------------------------------------------------------------+
; Input Transition Times                                                          ;
+---------------------+-----------------------+-----------------+-----------------+
; Pin                 ; I/O Standard          ; 10-90 Rise Time ; 90-10 Fall Time ;
+---------------------+-----------------------+-----------------+-----------------+
; Auto_Clock          ; 2.5 V                 ; 2000 ps         ; 2000 ps         ;
; Turbo_Mode          ; 2.5 V                 ; 2000 ps         ; 2000 ps         ;
; Reset_In            ; 2.5 V                 ; 2000 ps         ; 2000 ps         ;
; Register_View       ; 2.5 V                 ; 2000 ps         ; 2000 ps         ;
; Switch_Input[8]     ; 2.5 V                 ; 2000 ps         ; 2000 ps         ;
; Switch_Input[9]     ; 2.5 V                 ; 2000 ps         ; 2000 ps         ;
; Switch_Input[10]    ; 2.5 V                 ; 2000 ps         ; 2000 ps         ;
; Switch_Input[11]    ; 2.5 V                 ; 2000 ps         ; 2000 ps         ;
; Switch_Input[12]    ; 2.5 V                 ; 2000 ps         ; 2000 ps         ;
; Switch_Input[13]    ; 2.5 V                 ; 2000 ps         ; 2000 ps         ;
; Switch_Input[14]    ; 2.5 V                 ; 2000 ps         ; 2000 ps         ;
; Switch_Input[15]    ; 2.5 V                 ; 2000 ps         ; 2000 ps         ;
; Switch_Input[0]     ; 2.5 V                 ; 2000 ps         ; 2000 ps         ;
; Switch_Input[1]     ; 2.5 V                 ; 2000 ps         ; 2000 ps         ;
; Switch_Input[2]     ; 2.5 V                 ; 2000 ps         ; 2000 ps         ;
; Switch_Input[3]     ; 2.5 V                 ; 2000 ps         ; 2000 ps         ;
; Switch_Input[4]     ; 2.5 V                 ; 2000 ps         ; 2000 ps         ;
; Switch_Input[5]     ; 2.5 V                 ; 2000 ps         ; 2000 ps         ;
; Switch_Input[6]     ; 2.5 V                 ; 2000 ps         ; 2000 ps         ;
; Switch_Input[7]     ; 2.5 V                 ; 2000 ps         ; 2000 ps         ;
; Direct_Video_Map    ; 2.5 V                 ; 2000 ps         ; 2000 ps         ;
; Manual_Clock        ; 2.5 V                 ; 2000 ps         ; 2000 ps         ;
; Board_Clock         ; 2.5 V                 ; 2000 ps         ; 2000 ps         ;
; ~ALTERA_TMS~        ; 2.5 V Schmitt Trigger ; 2000 ps         ; 2000 ps         ;
; ~ALTERA_TCK~        ; 2.5 V Schmitt Trigger ; 2000 ps         ; 2000 ps         ;
; ~ALTERA_TDI~        ; 2.5 V Schmitt Trigger ; 2000 ps         ; 2000 ps         ;
; ~ALTERA_CONFIG_SEL~ ; 2.5 V                 ; 2000 ps         ; 2000 ps         ;
; ~ALTERA_nCONFIG~    ; 2.5 V Schmitt Trigger ; 2000 ps         ; 2000 ps         ;
; ~ALTERA_nSTATUS~    ; 2.5 V Schmitt Trigger ; 2000 ps         ; 2000 ps         ;
; ~ALTERA_CONF_DONE~  ; 2.5 V Schmitt Trigger ; 2000 ps         ; 2000 ps         ;
+---------------------+-----------------------+-----------------+-----------------+


+-----------------------------------------------------------------------------------------------------------------------------------------------------------------------------------------------------------------------------------------------------------------------------------------------------------------------------------------------------------------------------------------------------------------------------------------------------------------------------------------------------------------------------------------------------------------------------------------------------------------------------------------------------------------------------------------------+
; Signal Integrity Metrics (Slow 1200mv 0c Model)                                                                                                                                                                                                                                                                                                                                                                                                                                                                                                                                                                                                                                               ;
+------------------+--------------+---------------------+---------------------+------------------------------+------------------------------+---------------------+---------------------+--------------------------------------+--------------------------------------+-----------------------------+-----------------------------+----------------------------+----------------------------+-----------------------------+-----------------------------+--------------------+--------------------+-------------------------------------+-------------------------------------+----------------------------+----------------------------+---------------------------+---------------------------+
; Pin              ; I/O Standard ; Board Delay on Rise ; Board Delay on Fall ; Steady State Voh at FPGA Pin ; Steady State Vol at FPGA Pin ; Voh Max at FPGA Pin ; Vol Min at FPGA Pin ; Ringback Voltage on Rise at FPGA Pin ; Ringback Voltage on Fall at FPGA Pin ; 10-90 Rise Time at FPGA Pin ; 90-10 Fall Time at FPGA Pin ; Monotonic Rise at FPGA Pin ; Monotonic Fall at FPGA Pin ; Steady State Voh at Far-end ; Steady State Vol at Far-end ; Voh Max at Far-end ; Vol Min at Far-end ; Ringback Voltage on Rise at Far-end ; Ringback Voltage on Fall at Far-end ; 10-90 Rise Time at Far-end ; 90-10 Fall Time at Far-end ; Monotonic Rise at Far-end ; Monotonic Fall at Far-end ;
+------------------+--------------+---------------------+---------------------+------------------------------+------------------------------+---------------------+---------------------+--------------------------------------+--------------------------------------+-----------------------------+-----------------------------+----------------------------+----------------------------+-----------------------------+-----------------------------+--------------------+--------------------+-------------------------------------+-------------------------------------+----------------------------+----------------------------+---------------------------+---------------------------+
; pin_name1        ; 2.5 V        ; 0 s                 ; 0 s                 ; 2.32 V                       ; 4.47e-09 V                   ; 2.33 V              ; -0.00564 V          ; 0.232 V                              ; 0.19 V                               ; 4.14e-09 s                  ; 3.92e-09 s                  ; No                         ; Yes                        ; 2.32 V                      ; 4.47e-09 V                  ; 2.33 V             ; -0.00564 V         ; 0.232 V                             ; 0.19 V                              ; 4.14e-09 s                 ; 3.92e-09 s                 ; No                        ; Yes                       ;
; pin_name2        ; 2.5 V        ; 0 s                 ; 0 s                 ; 2.32 V                       ; 4.48e-09 V                   ; 2.39 V              ; -0.0848 V           ; 0.163 V                              ; 0.202 V                              ; 4.62e-10 s                  ; 4.54e-10 s                  ; No                         ; Yes                        ; 2.32 V                      ; 4.48e-09 V                  ; 2.39 V             ; -0.0848 V          ; 0.163 V                             ; 0.202 V                             ; 4.62e-10 s                 ; 4.54e-10 s                 ; No                        ; Yes                       ;
; pin_name3        ; 2.5 V        ; 0 s                 ; 0 s                 ; 2.32 V                       ; 4.48e-09 V                   ; 2.39 V              ; -0.0848 V           ; 0.163 V                              ; 0.202 V                              ; 4.62e-10 s                  ; 4.54e-10 s                  ; No                         ; Yes                        ; 2.32 V                      ; 4.48e-09 V                  ; 2.39 V             ; -0.0848 V          ; 0.163 V                             ; 0.202 V                             ; 4.62e-10 s                 ; 4.54e-10 s                 ; No                        ; Yes                       ;
; pin_name4        ; 2.5 V        ; 0 s                 ; 0 s                 ; 2.32 V                       ; 4.47e-09 V                   ; 2.39 V              ; -0.0854 V           ; 0.162 V                              ; 0.204 V                              ; 4.62e-10 s                  ; 4.54e-10 s                  ; No                         ; Yes                        ; 2.32 V                      ; 4.47e-09 V                  ; 2.39 V             ; -0.0854 V          ; 0.162 V                             ; 0.204 V                             ; 4.62e-10 s                 ; 4.54e-10 s                 ; No                        ; Yes                       ;
; pin_name5        ; 2.5 V        ; 0 s                 ; 0 s                 ; 2.32 V                       ; 4.47e-09 V                   ; 2.4 V               ; -0.0932 V           ; 0.135 V                              ; 0.16 V                               ; 4.43e-10 s                  ; 4.36e-10 s                  ; No                         ; Yes                        ; 2.32 V                      ; 4.47e-09 V                  ; 2.4 V              ; -0.0932 V          ; 0.135 V                             ; 0.16 V                              ; 4.43e-10 s                 ; 4.36e-10 s                 ; No                        ; Yes                       ;
; pin_name6        ; 2.5 V        ; 0 s                 ; 0 s                 ; 2.32 V                       ; 4.47e-09 V                   ; 2.4 V               ; -0.0905 V           ; 0.135 V                              ; 0.167 V                              ; 4.43e-10 s                  ; 4.36e-10 s                  ; No                         ; Yes                        ; 2.32 V                      ; 4.47e-09 V                  ; 2.4 V              ; -0.0905 V          ; 0.135 V                             ; 0.167 V                             ; 4.43e-10 s                 ; 4.36e-10 s                 ; No                        ; Yes                       ;
; REG2_ZERO        ; 2.5 V        ; 0 s                 ; 0 s                 ; 2.32 V                       ; 4.48e-09 V                   ; 2.39 V              ; -0.0848 V           ; 0.163 V                              ; 0.202 V                              ; 4.62e-10 s                  ; 4.54e-10 s                  ; No                         ; Yes                        ; 2.32 V                      ; 4.48e-09 V                  ; 2.39 V             ; -0.0848 V          ; 0.163 V                             ; 0.202 V                             ; 4.62e-10 s                 ; 4.54e-10 s                 ; No                        ; Yes                       ;
; REG2_ONE         ; 2.5 V        ; 0 s                 ; 0 s                 ; 2.32 V                       ; 4.47e-09 V                   ; 2.4 V               ; -0.0932 V           ; 0.135 V                              ; 0.16 V                               ; 4.43e-10 s                  ; 4.36e-10 s                  ; No                         ; Yes                        ; 2.32 V                      ; 4.47e-09 V                  ; 2.4 V              ; -0.0932 V          ; 0.135 V                             ; 0.16 V                              ; 4.43e-10 s                 ; 4.36e-10 s                 ; No                        ; Yes                       ;
; REG1_ZERO        ; 2.5 V        ; 0 s                 ; 0 s                 ; 2.32 V                       ; 4.47e-09 V                   ; 2.4 V               ; -0.0905 V           ; 0.135 V                              ; 0.167 V                              ; 4.43e-10 s                  ; 4.36e-10 s                  ; No                         ; Yes                        ; 2.32 V                      ; 4.47e-09 V                  ; 2.4 V              ; -0.0905 V          ; 0.135 V                             ; 0.167 V                             ; 4.43e-10 s                 ; 4.36e-10 s                 ; No                        ; Yes                       ;
; REG1_ONE         ; 2.5 V        ; 0 s                 ; 0 s                 ; 2.32 V                       ; 4.48e-09 V                   ; 2.39 V              ; -0.0848 V           ; 0.163 V                              ; 0.202 V                              ; 4.62e-10 s                  ; 4.54e-10 s                  ; No                         ; Yes                        ; 2.32 V                      ; 4.48e-09 V                  ; 2.39 V             ; -0.0848 V          ; 0.163 V                             ; 0.202 V                             ; 4.62e-10 s                 ; 4.54e-10 s                 ; No                        ; Yes                       ;
; Negative_Flag    ; 2.5 V        ; 0 s                 ; 0 s                 ; 2.32 V                       ; 4.47e-09 V                   ; 2.39 V              ; -0.0854 V           ; 0.162 V                              ; 0.204 V                              ; 4.62e-10 s                  ; 4.54e-10 s                  ; No                         ; Yes                        ; 2.32 V                      ; 4.47e-09 V                  ; 2.39 V             ; -0.0854 V          ; 0.162 V                             ; 0.204 V                             ; 4.62e-10 s                 ; 4.54e-10 s                 ; No                        ; Yes                       ;
; Zero_Flag        ; 2.5 V        ; 0 s                 ; 0 s                 ; 2.32 V                       ; 4.47e-09 V                   ; 2.4 V               ; -0.0905 V           ; 0.135 V                              ; 0.167 V                              ; 4.43e-10 s                  ; 4.36e-10 s                  ; No                         ; Yes                        ; 2.32 V                      ; 4.47e-09 V                  ; 2.4 V              ; -0.0905 V          ; 0.135 V                             ; 0.167 V                             ; 4.43e-10 s                 ; 4.36e-10 s                 ; No                        ; Yes                       ;
; Carry_Flag       ; 2.5 V        ; 0 s                 ; 0 s                 ; 2.32 V                       ; 4.48e-09 V                   ; 2.39 V              ; -0.0848 V           ; 0.163 V                              ; 0.202 V                              ; 4.62e-10 s                  ; 4.54e-10 s                  ; No                         ; Yes                        ; 2.32 V                      ; 4.48e-09 V                  ; 2.39 V             ; -0.0848 V          ; 0.163 V                             ; 0.202 V                             ; 4.62e-10 s                 ; 4.54e-10 s                 ; No                        ; Yes                       ;
; OverFlow_Flag    ; 2.5 V        ; 0 s                 ; 0 s                 ; 2.32 V                       ; 4.47e-09 V                   ; 2.4 V               ; -0.0905 V           ; 0.135 V                              ; 0.167 V                              ; 4.43e-10 s                  ; 4.36e-10 s                  ; No                         ; Yes                        ; 2.32 V                      ; 4.47e-09 V                  ; 2.4 V              ; -0.0905 V          ; 0.135 V                             ; 0.167 V                             ; 4.43e-10 s                 ; 4.36e-10 s                 ; No                        ; Yes                       ;
; OPCODE0          ; 2.5 V        ; 0 s                 ; 0 s                 ; 2.32 V                       ; 4.47e-09 V                   ; 2.4 V               ; -0.0932 V           ; 0.135 V                              ; 0.16 V                               ; 4.43e-10 s                  ; 4.36e-10 s                  ; No                         ; Yes                        ; 2.32 V                      ; 4.47e-09 V                  ; 2.4 V              ; -0.0932 V          ; 0.135 V                             ; 0.16 V                              ; 4.43e-10 s                 ; 4.36e-10 s                 ; No                        ; Yes                       ;
; OPCODE1          ; 2.5 V        ; 0 s                 ; 0 s                 ; 2.32 V                       ; 4.47e-09 V                   ; 2.4 V               ; -0.0932 V           ; 0.135 V                              ; 0.16 V                               ; 4.43e-10 s                  ; 4.36e-10 s                  ; No                         ; Yes                        ; 2.32 V                      ; 4.47e-09 V                  ; 2.4 V              ; -0.0932 V          ; 0.135 V                             ; 0.16 V                              ; 4.43e-10 s                 ; 4.36e-10 s                 ; No                        ; Yes                       ;
; OPCODE2          ; 2.5 V        ; 0 s                 ; 0 s                 ; 2.32 V                       ; 4.47e-09 V                   ; 2.4 V               ; -0.0932 V           ; 0.135 V                              ; 0.16 V                               ; 4.43e-10 s                  ; 4.36e-10 s                  ; No                         ; Yes                        ; 2.32 V                      ; 4.47e-09 V                  ; 2.4 V              ; -0.0932 V          ; 0.135 V                             ; 0.16 V                              ; 4.43e-10 s                 ; 4.36e-10 s                 ; No                        ; Yes                       ;
; OPCODE3          ; 2.5 V        ; 0 s                 ; 0 s                 ; 2.32 V                       ; 4.47e-09 V                   ; 2.4 V               ; -0.0905 V           ; 0.135 V                              ; 0.167 V                              ; 4.43e-10 s                  ; 4.36e-10 s                  ; No                         ; Yes                        ; 2.32 V                      ; 4.47e-09 V                  ; 2.4 V              ; -0.0905 V          ; 0.135 V                             ; 0.167 V                             ; 4.43e-10 s                 ; 4.36e-10 s                 ; No                        ; Yes                       ;
; IMMEDVAL0        ; 2.5 V        ; 0 s                 ; 0 s                 ; 2.32 V                       ; 4.47e-09 V                   ; 2.4 V               ; -0.0932 V           ; 0.135 V                              ; 0.16 V                               ; 4.43e-10 s                  ; 4.36e-10 s                  ; No                         ; Yes                        ; 2.32 V                      ; 4.47e-09 V                  ; 2.4 V              ; -0.0932 V          ; 0.135 V                             ; 0.16 V                              ; 4.43e-10 s                 ; 4.36e-10 s                 ; No                        ; Yes                       ;
; IMMEDVAL1        ; 2.5 V        ; 0 s                 ; 0 s                 ; 2.32 V                       ; 4.47e-09 V                   ; 2.4 V               ; -0.0932 V           ; 0.135 V                              ; 0.16 V                               ; 4.43e-10 s                  ; 4.36e-10 s                  ; No                         ; Yes                        ; 2.32 V                      ; 4.47e-09 V                  ; 2.4 V              ; -0.0932 V          ; 0.135 V                             ; 0.16 V                              ; 4.43e-10 s                 ; 4.36e-10 s                 ; No                        ; Yes                       ;
; IMMEDVAL2        ; 2.5 V        ; 0 s                 ; 0 s                 ; 2.32 V                       ; 4.47e-09 V                   ; 2.4 V               ; -0.0932 V           ; 0.135 V                              ; 0.16 V                               ; 4.43e-10 s                  ; 4.36e-10 s                  ; No                         ; Yes                        ; 2.32 V                      ; 4.47e-09 V                  ; 2.4 V              ; -0.0932 V          ; 0.135 V                             ; 0.16 V                              ; 4.43e-10 s                 ; 4.36e-10 s                 ; No                        ; Yes                       ;
; IMMEDVAL3        ; 2.5 V        ; 0 s                 ; 0 s                 ; 2.32 V                       ; 4.47e-09 V                   ; 2.39 V              ; -0.0854 V           ; 0.162 V                              ; 0.204 V                              ; 4.62e-10 s                  ; 4.54e-10 s                  ; No                         ; Yes                        ; 2.32 V                      ; 4.47e-09 V                  ; 2.39 V             ; -0.0854 V          ; 0.162 V                             ; 0.204 V                             ; 4.62e-10 s                 ; 4.54e-10 s                 ; No                        ; Yes                       ;
; IMMEDVAL4        ; 2.5 V        ; 0 s                 ; 0 s                 ; 2.32 V                       ; 4.47e-09 V                   ; 2.39 V              ; -0.0854 V           ; 0.162 V                              ; 0.204 V                              ; 4.62e-10 s                  ; 4.54e-10 s                  ; No                         ; Yes                        ; 2.32 V                      ; 4.47e-09 V                  ; 2.39 V             ; -0.0854 V          ; 0.162 V                             ; 0.204 V                             ; 4.62e-10 s                 ; 4.54e-10 s                 ; No                        ; Yes                       ;
; IMMEDVAL5        ; 2.5 V        ; 0 s                 ; 0 s                 ; 2.32 V                       ; 4.47e-09 V                   ; 2.4 V               ; -0.0905 V           ; 0.135 V                              ; 0.167 V                              ; 4.43e-10 s                  ; 4.36e-10 s                  ; No                         ; Yes                        ; 2.32 V                      ; 4.47e-09 V                  ; 2.4 V              ; -0.0905 V          ; 0.135 V                             ; 0.167 V                             ; 4.43e-10 s                 ; 4.36e-10 s                 ; No                        ; Yes                       ;
; IMMEDVAL6        ; 2.5 V        ; 0 s                 ; 0 s                 ; 2.32 V                       ; 4.48e-09 V                   ; 2.39 V              ; -0.0848 V           ; 0.163 V                              ; 0.202 V                              ; 4.62e-10 s                  ; 4.54e-10 s                  ; No                         ; Yes                        ; 2.32 V                      ; 4.48e-09 V                  ; 2.39 V             ; -0.0848 V          ; 0.163 V                             ; 0.202 V                             ; 4.62e-10 s                 ; 4.54e-10 s                 ; No                        ; Yes                       ;
; IMMEDVAL7        ; 2.5 V        ; 0 s                 ; 0 s                 ; 2.32 V                       ; 4.48e-09 V                   ; 2.39 V              ; -0.0848 V           ; 0.163 V                              ; 0.202 V                              ; 4.62e-10 s                  ; 4.54e-10 s                  ; No                         ; Yes                        ; 2.32 V                      ; 4.48e-09 V                  ; 2.39 V             ; -0.0848 V          ; 0.163 V                             ; 0.202 V                             ; 4.62e-10 s                 ; 4.54e-10 s                 ; No                        ; Yes                       ;
; Seven_SegOut0[0] ; 2.5 V        ; 0 s                 ; 0 s                 ; 2.32 V                       ; 4.48e-09 V                   ; 2.39 V              ; -0.0848 V           ; 0.163 V                              ; 0.202 V                              ; 4.62e-10 s                  ; 4.54e-10 s                  ; No                         ; Yes                        ; 2.32 V                      ; 4.48e-09 V                  ; 2.39 V             ; -0.0848 V          ; 0.163 V                             ; 0.202 V                             ; 4.62e-10 s                 ; 4.54e-10 s                 ; No                        ; Yes                       ;
; Seven_SegOut0[1] ; 2.5 V        ; 0 s                 ; 0 s                 ; 2.32 V                       ; 4.47e-09 V                   ; 2.4 V               ; -0.0932 V           ; 0.135 V                              ; 0.16 V                               ; 4.43e-10 s                  ; 4.36e-10 s                  ; No                         ; Yes                        ; 2.32 V                      ; 4.47e-09 V                  ; 2.4 V              ; -0.0932 V          ; 0.135 V                             ; 0.16 V                              ; 4.43e-10 s                 ; 4.36e-10 s                 ; No                        ; Yes                       ;
; Seven_SegOut0[2] ; 2.5 V        ; 0 s                 ; 0 s                 ; 2.32 V                       ; 4.47e-09 V                   ; 2.4 V               ; -0.0932 V           ; 0.135 V                              ; 0.16 V                               ; 4.43e-10 s                  ; 4.36e-10 s                  ; No                         ; Yes                        ; 2.32 V                      ; 4.47e-09 V                  ; 2.4 V              ; -0.0932 V          ; 0.135 V                             ; 0.16 V                              ; 4.43e-10 s                 ; 4.36e-10 s                 ; No                        ; Yes                       ;
; Seven_SegOut0[3] ; 2.5 V        ; 0 s                 ; 0 s                 ; 2.32 V                       ; 4.47e-09 V                   ; 2.4 V               ; -0.0932 V           ; 0.135 V                              ; 0.16 V                               ; 4.43e-10 s                  ; 4.36e-10 s                  ; No                         ; Yes                        ; 2.32 V                      ; 4.47e-09 V                  ; 2.4 V              ; -0.0932 V          ; 0.135 V                             ; 0.16 V                              ; 4.43e-10 s                 ; 4.36e-10 s                 ; No                        ; Yes                       ;
; Seven_SegOut0[4] ; 2.5 V        ; 0 s                 ; 0 s                 ; 2.32 V                       ; 4.47e-09 V                   ; 2.4 V               ; -0.0932 V           ; 0.135 V                              ; 0.16 V                               ; 4.43e-10 s                  ; 4.36e-10 s                  ; No                         ; Yes                        ; 2.32 V                      ; 4.47e-09 V                  ; 2.4 V              ; -0.0932 V          ; 0.135 V                             ; 0.16 V                              ; 4.43e-10 s                 ; 4.36e-10 s                 ; No                        ; Yes                       ;
; Seven_SegOut0[5] ; 2.5 V        ; 0 s                 ; 0 s                 ; 2.32 V                       ; 4.47e-09 V                   ; 2.4 V               ; -0.0905 V           ; 0.135 V                              ; 0.167 V                              ; 4.43e-10 s                  ; 4.36e-10 s                  ; No                         ; Yes                        ; 2.32 V                      ; 4.47e-09 V                  ; 2.4 V              ; -0.0905 V          ; 0.135 V                             ; 0.167 V                             ; 4.43e-10 s                 ; 4.36e-10 s                 ; No                        ; Yes                       ;
; Seven_SegOut0[6] ; 2.5 V        ; 0 s                 ; 0 s                 ; 2.32 V                       ; 4.47e-09 V                   ; 2.4 V               ; -0.0905 V           ; 0.135 V                              ; 0.167 V                              ; 4.43e-10 s                  ; 4.36e-10 s                  ; No                         ; Yes                        ; 2.32 V                      ; 4.47e-09 V                  ; 2.4 V              ; -0.0905 V          ; 0.135 V                             ; 0.167 V                             ; 4.43e-10 s                 ; 4.36e-10 s                 ; No                        ; Yes                       ;
; Seven_SegOut1[0] ; 2.5 V        ; 0 s                 ; 0 s                 ; 2.32 V                       ; 4.47e-09 V                   ; 2.4 V               ; -0.0905 V           ; 0.135 V                              ; 0.167 V                              ; 4.43e-10 s                  ; 4.36e-10 s                  ; No                         ; Yes                        ; 2.32 V                      ; 4.47e-09 V                  ; 2.4 V              ; -0.0905 V          ; 0.135 V                             ; 0.167 V                             ; 4.43e-10 s                 ; 4.36e-10 s                 ; No                        ; Yes                       ;
; Seven_SegOut1[1] ; 2.5 V        ; 0 s                 ; 0 s                 ; 2.32 V                       ; 4.47e-09 V                   ; 2.4 V               ; -0.0932 V           ; 0.135 V                              ; 0.16 V                               ; 4.43e-10 s                  ; 4.36e-10 s                  ; No                         ; Yes                        ; 2.32 V                      ; 4.47e-09 V                  ; 2.4 V              ; -0.0932 V          ; 0.135 V                             ; 0.16 V                              ; 4.43e-10 s                 ; 4.36e-10 s                 ; No                        ; Yes                       ;
; Seven_SegOut1[2] ; 2.5 V        ; 0 s                 ; 0 s                 ; 2.32 V                       ; 4.47e-09 V                   ; 2.4 V               ; -0.0905 V           ; 0.135 V                              ; 0.167 V                              ; 4.43e-10 s                  ; 4.36e-10 s                  ; No                         ; Yes                        ; 2.32 V                      ; 4.47e-09 V                  ; 2.4 V              ; -0.0905 V          ; 0.135 V                             ; 0.167 V                             ; 4.43e-10 s                 ; 4.36e-10 s                 ; No                        ; Yes                       ;
; Seven_SegOut1[3] ; 2.5 V        ; 0 s                 ; 0 s                 ; 2.32 V                       ; 4.47e-09 V                   ; 2.4 V               ; -0.0932 V           ; 0.135 V                              ; 0.16 V                               ; 4.43e-10 s                  ; 4.36e-10 s                  ; No                         ; Yes                        ; 2.32 V                      ; 4.47e-09 V                  ; 2.4 V              ; -0.0932 V          ; 0.135 V                             ; 0.16 V                              ; 4.43e-10 s                 ; 4.36e-10 s                 ; No                        ; Yes                       ;
; Seven_SegOut1[4] ; 2.5 V        ; 0 s                 ; 0 s                 ; 2.32 V                       ; 4.47e-09 V                   ; 2.4 V               ; -0.0932 V           ; 0.135 V                              ; 0.16 V                               ; 4.43e-10 s                  ; 4.36e-10 s                  ; No                         ; Yes                        ; 2.32 V                      ; 4.47e-09 V                  ; 2.4 V              ; -0.0932 V          ; 0.135 V                             ; 0.16 V                              ; 4.43e-10 s                 ; 4.36e-10 s                 ; No                        ; Yes                       ;
; Seven_SegOut1[5] ; 2.5 V        ; 0 s                 ; 0 s                 ; 2.32 V                       ; 4.47e-09 V                   ; 2.4 V               ; -0.0932 V           ; 0.135 V                              ; 0.16 V                               ; 4.43e-10 s                  ; 4.36e-10 s                  ; No                         ; Yes                        ; 2.32 V                      ; 4.47e-09 V                  ; 2.4 V              ; -0.0932 V          ; 0.135 V                             ; 0.16 V                              ; 4.43e-10 s                 ; 4.36e-10 s                 ; No                        ; Yes                       ;
; Seven_SegOut1[6] ; 2.5 V        ; 0 s                 ; 0 s                 ; 2.32 V                       ; 4.47e-09 V                   ; 2.4 V               ; -0.0932 V           ; 0.135 V                              ; 0.16 V                               ; 4.43e-10 s                  ; 4.36e-10 s                  ; No                         ; Yes                        ; 2.32 V                      ; 4.47e-09 V                  ; 2.4 V              ; -0.0932 V          ; 0.135 V                             ; 0.16 V                              ; 4.43e-10 s                 ; 4.36e-10 s                 ; No                        ; Yes                       ;
; Seven_SegOut2[0] ; 2.5 V        ; 0 s                 ; 0 s                 ; 2.32 V                       ; 4.47e-09 V                   ; 2.4 V               ; -0.0905 V           ; 0.135 V                              ; 0.167 V                              ; 4.43e-10 s                  ; 4.36e-10 s                  ; No                         ; Yes                        ; 2.32 V                      ; 4.47e-09 V                  ; 2.4 V              ; -0.0905 V          ; 0.135 V                             ; 0.167 V                             ; 4.43e-10 s                 ; 4.36e-10 s                 ; No                        ; Yes                       ;
; Seven_SegOut2[1] ; 2.5 V        ; 0 s                 ; 0 s                 ; 2.32 V                       ; 4.47e-09 V                   ; 2.4 V               ; -0.0905 V           ; 0.135 V                              ; 0.167 V                              ; 4.43e-10 s                  ; 4.36e-10 s                  ; No                         ; Yes                        ; 2.32 V                      ; 4.47e-09 V                  ; 2.4 V              ; -0.0905 V          ; 0.135 V                             ; 0.167 V                             ; 4.43e-10 s                 ; 4.36e-10 s                 ; No                        ; Yes                       ;
; Seven_SegOut2[2] ; 2.5 V        ; 0 s                 ; 0 s                 ; 2.32 V                       ; 4.47e-09 V                   ; 2.4 V               ; -0.0932 V           ; 0.135 V                              ; 0.16 V                               ; 4.43e-10 s                  ; 4.36e-10 s                  ; No                         ; Yes                        ; 2.32 V                      ; 4.47e-09 V                  ; 2.4 V              ; -0.0932 V          ; 0.135 V                             ; 0.16 V                              ; 4.43e-10 s                 ; 4.36e-10 s                 ; No                        ; Yes                       ;
; Seven_SegOut2[3] ; 2.5 V        ; 0 s                 ; 0 s                 ; 2.32 V                       ; 4.47e-09 V                   ; 2.4 V               ; -0.0905 V           ; 0.135 V                              ; 0.167 V                              ; 4.43e-10 s                  ; 4.36e-10 s                  ; No                         ; Yes                        ; 2.32 V                      ; 4.47e-09 V                  ; 2.4 V              ; -0.0905 V          ; 0.135 V                             ; 0.167 V                             ; 4.43e-10 s                 ; 4.36e-10 s                 ; No                        ; Yes                       ;
; Seven_SegOut2[4] ; 2.5 V        ; 0 s                 ; 0 s                 ; 2.32 V                       ; 4.47e-09 V                   ; 2.4 V               ; -0.0932 V           ; 0.135 V                              ; 0.16 V                               ; 4.43e-10 s                  ; 4.36e-10 s                  ; No                         ; Yes                        ; 2.32 V                      ; 4.47e-09 V                  ; 2.4 V              ; -0.0932 V          ; 0.135 V                             ; 0.16 V                              ; 4.43e-10 s                 ; 4.36e-10 s                 ; No                        ; Yes                       ;
; Seven_SegOut2[5] ; 2.5 V        ; 0 s                 ; 0 s                 ; 2.32 V                       ; 4.47e-09 V                   ; 2.4 V               ; -0.0905 V           ; 0.135 V                              ; 0.167 V                              ; 4.43e-10 s                  ; 4.36e-10 s                  ; No                         ; Yes                        ; 2.32 V                      ; 4.47e-09 V                  ; 2.4 V              ; -0.0905 V          ; 0.135 V                             ; 0.167 V                             ; 4.43e-10 s                 ; 4.36e-10 s                 ; No                        ; Yes                       ;
; Seven_SegOut2[6] ; 2.5 V        ; 0 s                 ; 0 s                 ; 2.32 V                       ; 4.47e-09 V                   ; 2.4 V               ; -0.0905 V           ; 0.135 V                              ; 0.167 V                              ; 4.43e-10 s                  ; 4.36e-10 s                  ; No                         ; Yes                        ; 2.32 V                      ; 4.47e-09 V                  ; 2.4 V              ; -0.0905 V          ; 0.135 V                             ; 0.167 V                             ; 4.43e-10 s                 ; 4.36e-10 s                 ; No                        ; Yes                       ;
; Seven_SegOut3[0] ; 2.5 V        ; 0 s                 ; 0 s                 ; 2.32 V                       ; 4.47e-09 V                   ; 2.39 V              ; -0.0854 V           ; 0.162 V                              ; 0.204 V                              ; 4.62e-10 s                  ; 4.54e-10 s                  ; No                         ; Yes                        ; 2.32 V                      ; 4.47e-09 V                  ; 2.39 V             ; -0.0854 V          ; 0.162 V                             ; 0.204 V                             ; 4.62e-10 s                 ; 4.54e-10 s                 ; No                        ; Yes                       ;
; Seven_SegOut3[1] ; 2.5 V        ; 0 s                 ; 0 s                 ; 2.32 V                       ; 4.47e-09 V                   ; 2.4 V               ; -0.0932 V           ; 0.135 V                              ; 0.16 V                               ; 4.43e-10 s                  ; 4.36e-10 s                  ; No                         ; Yes                        ; 2.32 V                      ; 4.47e-09 V                  ; 2.4 V              ; -0.0932 V          ; 0.135 V                             ; 0.16 V                              ; 4.43e-10 s                 ; 4.36e-10 s                 ; No                        ; Yes                       ;
; Seven_SegOut3[2] ; 2.5 V        ; 0 s                 ; 0 s                 ; 2.32 V                       ; 4.47e-09 V                   ; 2.4 V               ; -0.0905 V           ; 0.135 V                              ; 0.167 V                              ; 4.43e-10 s                  ; 4.36e-10 s                  ; No                         ; Yes                        ; 2.32 V                      ; 4.47e-09 V                  ; 2.4 V              ; -0.0905 V          ; 0.135 V                             ; 0.167 V                             ; 4.43e-10 s                 ; 4.36e-10 s                 ; No                        ; Yes                       ;
; Seven_SegOut3[3] ; 2.5 V        ; 0 s                 ; 0 s                 ; 2.32 V                       ; 4.47e-09 V                   ; 2.4 V               ; -0.0932 V           ; 0.135 V                              ; 0.16 V                               ; 4.43e-10 s                  ; 4.36e-10 s                  ; No                         ; Yes                        ; 2.32 V                      ; 4.47e-09 V                  ; 2.4 V              ; -0.0932 V          ; 0.135 V                             ; 0.16 V                              ; 4.43e-10 s                 ; 4.36e-10 s                 ; No                        ; Yes                       ;
; Seven_SegOut3[4] ; 2.5 V        ; 0 s                 ; 0 s                 ; 2.32 V                       ; 4.47e-09 V                   ; 2.4 V               ; -0.0932 V           ; 0.135 V                              ; 0.16 V                               ; 4.43e-10 s                  ; 4.36e-10 s                  ; No                         ; Yes                        ; 2.32 V                      ; 4.47e-09 V                  ; 2.4 V              ; -0.0932 V          ; 0.135 V                             ; 0.16 V                              ; 4.43e-10 s                 ; 4.36e-10 s                 ; No                        ; Yes                       ;
; Seven_SegOut3[5] ; 2.5 V        ; 0 s                 ; 0 s                 ; 2.32 V                       ; 4.47e-09 V                   ; 2.39 V              ; -0.0854 V           ; 0.162 V                              ; 0.204 V                              ; 4.62e-10 s                  ; 4.54e-10 s                  ; No                         ; Yes                        ; 2.32 V                      ; 4.47e-09 V                  ; 2.39 V             ; -0.0854 V          ; 0.162 V                             ; 0.204 V                             ; 4.62e-10 s                 ; 4.54e-10 s                 ; No                        ; Yes                       ;
; Seven_SegOut3[6] ; 2.5 V        ; 0 s                 ; 0 s                 ; 2.32 V                       ; 4.47e-09 V                   ; 2.4 V               ; -0.0905 V           ; 0.135 V                              ; 0.167 V                              ; 4.43e-10 s                  ; 4.36e-10 s                  ; No                         ; Yes                        ; 2.32 V                      ; 4.47e-09 V                  ; 2.4 V              ; -0.0905 V          ; 0.135 V                             ; 0.167 V                             ; 4.43e-10 s                 ; 4.36e-10 s                 ; No                        ; Yes                       ;
; Seven_SegOut4[0] ; 2.5 V        ; 0 s                 ; 0 s                 ; 2.32 V                       ; 4.47e-09 V                   ; 2.4 V               ; -0.0932 V           ; 0.135 V                              ; 0.16 V                               ; 4.43e-10 s                  ; 4.36e-10 s                  ; No                         ; Yes                        ; 2.32 V                      ; 4.47e-09 V                  ; 2.4 V              ; -0.0932 V          ; 0.135 V                             ; 0.16 V                              ; 4.43e-10 s                 ; 4.36e-10 s                 ; No                        ; Yes                       ;
; Seven_SegOut4[1] ; 2.5 V        ; 0 s                 ; 0 s                 ; 2.32 V                       ; 4.47e-09 V                   ; 2.4 V               ; -0.0905 V           ; 0.135 V                              ; 0.167 V                              ; 4.43e-10 s                  ; 4.36e-10 s                  ; No                         ; Yes                        ; 2.32 V                      ; 4.47e-09 V                  ; 2.4 V              ; -0.0905 V          ; 0.135 V                             ; 0.167 V                             ; 4.43e-10 s                 ; 4.36e-10 s                 ; No                        ; Yes                       ;
; Seven_SegOut4[2] ; 2.5 V        ; 0 s                 ; 0 s                 ; 2.32 V                       ; 4.47e-09 V                   ; 2.4 V               ; -0.0932 V           ; 0.135 V                              ; 0.16 V                               ; 4.43e-10 s                  ; 4.36e-10 s                  ; No                         ; Yes                        ; 2.32 V                      ; 4.47e-09 V                  ; 2.4 V              ; -0.0932 V          ; 0.135 V                             ; 0.16 V                              ; 4.43e-10 s                 ; 4.36e-10 s                 ; No                        ; Yes                       ;
; Seven_SegOut4[3] ; 2.5 V        ; 0 s                 ; 0 s                 ; 2.32 V                       ; 4.47e-09 V                   ; 2.4 V               ; -0.0905 V           ; 0.135 V                              ; 0.167 V                              ; 4.43e-10 s                  ; 4.36e-10 s                  ; No                         ; Yes                        ; 2.32 V                      ; 4.47e-09 V                  ; 2.4 V              ; -0.0905 V          ; 0.135 V                             ; 0.167 V                             ; 4.43e-10 s                 ; 4.36e-10 s                 ; No                        ; Yes                       ;
; Seven_SegOut4[4] ; 2.5 V        ; 0 s                 ; 0 s                 ; 2.32 V                       ; 4.47e-09 V                   ; 2.4 V               ; -0.0905 V           ; 0.135 V                              ; 0.167 V                              ; 4.43e-10 s                  ; 4.36e-10 s                  ; No                         ; Yes                        ; 2.32 V                      ; 4.47e-09 V                  ; 2.4 V              ; -0.0905 V          ; 0.135 V                             ; 0.167 V                             ; 4.43e-10 s                 ; 4.36e-10 s                 ; No                        ; Yes                       ;
; Seven_SegOut4[5] ; 2.5 V        ; 0 s                 ; 0 s                 ; 2.32 V                       ; 4.47e-09 V                   ; 2.33 V              ; -0.00564 V          ; 0.232 V                              ; 0.19 V                               ; 4.14e-09 s                  ; 3.92e-09 s                  ; No                         ; Yes                        ; 2.32 V                      ; 4.47e-09 V                  ; 2.33 V             ; -0.00564 V         ; 0.232 V                             ; 0.19 V                              ; 4.14e-09 s                 ; 3.92e-09 s                 ; No                        ; Yes                       ;
; Seven_SegOut4[6] ; 2.5 V        ; 0 s                 ; 0 s                 ; 2.32 V                       ; 4.47e-09 V                   ; 2.4 V               ; -0.0905 V           ; 0.135 V                              ; 0.167 V                              ; 4.43e-10 s                  ; 4.36e-10 s                  ; No                         ; Yes                        ; 2.32 V                      ; 4.47e-09 V                  ; 2.4 V              ; -0.0905 V          ; 0.135 V                             ; 0.167 V                             ; 4.43e-10 s                 ; 4.36e-10 s                 ; No                        ; Yes                       ;
; Seven_SegOut5[0] ; 2.5 V        ; 0 s                 ; 0 s                 ; 2.32 V                       ; 4.47e-09 V                   ; 2.4 V               ; -0.0905 V           ; 0.135 V                              ; 0.167 V                              ; 4.43e-10 s                  ; 4.36e-10 s                  ; No                         ; Yes                        ; 2.32 V                      ; 4.47e-09 V                  ; 2.4 V              ; -0.0905 V          ; 0.135 V                             ; 0.167 V                             ; 4.43e-10 s                 ; 4.36e-10 s                 ; No                        ; Yes                       ;
; Seven_SegOut5[1] ; 2.5 V        ; 0 s                 ; 0 s                 ; 2.32 V                       ; 4.47e-09 V                   ; 2.4 V               ; -0.0932 V           ; 0.135 V                              ; 0.16 V                               ; 4.43e-10 s                  ; 4.36e-10 s                  ; No                         ; Yes                        ; 2.32 V                      ; 4.47e-09 V                  ; 2.4 V              ; -0.0932 V          ; 0.135 V                             ; 0.16 V                              ; 4.43e-10 s                 ; 4.36e-10 s                 ; No                        ; Yes                       ;
; Seven_SegOut5[2] ; 2.5 V        ; 0 s                 ; 0 s                 ; 2.32 V                       ; 4.47e-09 V                   ; 2.4 V               ; -0.0905 V           ; 0.135 V                              ; 0.167 V                              ; 4.43e-10 s                  ; 4.36e-10 s                  ; No                         ; Yes                        ; 2.32 V                      ; 4.47e-09 V                  ; 2.4 V              ; -0.0905 V          ; 0.135 V                             ; 0.167 V                             ; 4.43e-10 s                 ; 4.36e-10 s                 ; No                        ; Yes                       ;
; Seven_SegOut5[3] ; 2.5 V        ; 0 s                 ; 0 s                 ; 2.32 V                       ; 4.47e-09 V                   ; 2.4 V               ; -0.0905 V           ; 0.135 V                              ; 0.167 V                              ; 4.43e-10 s                  ; 4.36e-10 s                  ; No                         ; Yes                        ; 2.32 V                      ; 4.47e-09 V                  ; 2.4 V              ; -0.0905 V          ; 0.135 V                             ; 0.167 V                             ; 4.43e-10 s                 ; 4.36e-10 s                 ; No                        ; Yes                       ;
; Seven_SegOut5[4] ; 2.5 V        ; 0 s                 ; 0 s                 ; 2.32 V                       ; 4.47e-09 V                   ; 2.4 V               ; -0.0932 V           ; 0.135 V                              ; 0.16 V                               ; 4.43e-10 s                  ; 4.36e-10 s                  ; No                         ; Yes                        ; 2.32 V                      ; 4.47e-09 V                  ; 2.4 V              ; -0.0932 V          ; 0.135 V                             ; 0.16 V                              ; 4.43e-10 s                 ; 4.36e-10 s                 ; No                        ; Yes                       ;
; Seven_SegOut5[5] ; 2.5 V        ; 0 s                 ; 0 s                 ; 2.32 V                       ; 4.47e-09 V                   ; 2.4 V               ; -0.0905 V           ; 0.135 V                              ; 0.167 V                              ; 4.43e-10 s                  ; 4.36e-10 s                  ; No                         ; Yes                        ; 2.32 V                      ; 4.47e-09 V                  ; 2.4 V              ; -0.0905 V          ; 0.135 V                             ; 0.167 V                             ; 4.43e-10 s                 ; 4.36e-10 s                 ; No                        ; Yes                       ;
; Seven_SegOut5[6] ; 2.5 V        ; 0 s                 ; 0 s                 ; 2.32 V                       ; 4.47e-09 V                   ; 2.4 V               ; -0.0932 V           ; 0.135 V                              ; 0.16 V                               ; 4.43e-10 s                  ; 4.36e-10 s                  ; No                         ; Yes                        ; 2.32 V                      ; 4.47e-09 V                  ; 2.4 V              ; -0.0932 V          ; 0.135 V                             ; 0.16 V                              ; 4.43e-10 s                 ; 4.36e-10 s                 ; No                        ; Yes                       ;
; Seven_SegOut6[0] ; 2.5 V        ; 0 s                 ; 0 s                 ; 2.32 V                       ; 4.47e-09 V                   ; 2.4 V               ; -0.0932 V           ; 0.135 V                              ; 0.16 V                               ; 4.43e-10 s                  ; 4.36e-10 s                  ; No                         ; Yes                        ; 2.32 V                      ; 4.47e-09 V                  ; 2.4 V              ; -0.0932 V          ; 0.135 V                             ; 0.16 V                              ; 4.43e-10 s                 ; 4.36e-10 s                 ; No                        ; Yes                       ;
; Seven_SegOut6[1] ; 2.5 V        ; 0 s                 ; 0 s                 ; 2.32 V                       ; 4.48e-09 V                   ; 2.39 V              ; -0.0848 V           ; 0.163 V                              ; 0.202 V                              ; 4.62e-10 s                  ; 4.54e-10 s                  ; No                         ; Yes                        ; 2.32 V                      ; 4.48e-09 V                  ; 2.39 V             ; -0.0848 V          ; 0.163 V                             ; 0.202 V                             ; 4.62e-10 s                 ; 4.54e-10 s                 ; No                        ; Yes                       ;
; Seven_SegOut6[2] ; 2.5 V        ; 0 s                 ; 0 s                 ; 2.32 V                       ; 4.47e-09 V                   ; 2.4 V               ; -0.0905 V           ; 0.135 V                              ; 0.167 V                              ; 4.43e-10 s                  ; 4.36e-10 s                  ; No                         ; Yes                        ; 2.32 V                      ; 4.47e-09 V                  ; 2.4 V              ; -0.0905 V          ; 0.135 V                             ; 0.167 V                             ; 4.43e-10 s                 ; 4.36e-10 s                 ; No                        ; Yes                       ;
; Seven_SegOut6[3] ; 2.5 V        ; 0 s                 ; 0 s                 ; 2.32 V                       ; 4.47e-09 V                   ; 2.4 V               ; -0.0905 V           ; 0.135 V                              ; 0.167 V                              ; 4.43e-10 s                  ; 4.36e-10 s                  ; No                         ; Yes                        ; 2.32 V                      ; 4.47e-09 V                  ; 2.4 V              ; -0.0905 V          ; 0.135 V                             ; 0.167 V                             ; 4.43e-10 s                 ; 4.36e-10 s                 ; No                        ; Yes                       ;
; Seven_SegOut6[4] ; 2.5 V        ; 0 s                 ; 0 s                 ; 2.32 V                       ; 4.47e-09 V                   ; 2.4 V               ; -0.0905 V           ; 0.135 V                              ; 0.167 V                              ; 4.43e-10 s                  ; 4.36e-10 s                  ; No                         ; Yes                        ; 2.32 V                      ; 4.47e-09 V                  ; 2.4 V              ; -0.0905 V          ; 0.135 V                             ; 0.167 V                             ; 4.43e-10 s                 ; 4.36e-10 s                 ; No                        ; Yes                       ;
; Seven_SegOut6[5] ; 2.5 V        ; 0 s                 ; 0 s                 ; 2.32 V                       ; 4.48e-09 V                   ; 2.39 V              ; -0.0848 V           ; 0.163 V                              ; 0.202 V                              ; 4.62e-10 s                  ; 4.54e-10 s                  ; No                         ; Yes                        ; 2.32 V                      ; 4.48e-09 V                  ; 2.39 V             ; -0.0848 V          ; 0.163 V                             ; 0.202 V                             ; 4.62e-10 s                 ; 4.54e-10 s                 ; No                        ; Yes                       ;
; Seven_SegOut6[6] ; 2.5 V        ; 0 s                 ; 0 s                 ; 2.32 V                       ; 4.48e-09 V                   ; 2.39 V              ; -0.0848 V           ; 0.163 V                              ; 0.202 V                              ; 4.62e-10 s                  ; 4.54e-10 s                  ; No                         ; Yes                        ; 2.32 V                      ; 4.48e-09 V                  ; 2.39 V             ; -0.0848 V          ; 0.163 V                             ; 0.202 V                             ; 4.62e-10 s                 ; 4.54e-10 s                 ; No                        ; Yes                       ;
; Seven_SegOut7[0] ; 2.5 V        ; 0 s                 ; 0 s                 ; 2.32 V                       ; 4.47e-09 V                   ; 2.4 V               ; -0.0905 V           ; 0.135 V                              ; 0.167 V                              ; 4.43e-10 s                  ; 4.36e-10 s                  ; No                         ; Yes                        ; 2.32 V                      ; 4.47e-09 V                  ; 2.4 V              ; -0.0905 V          ; 0.135 V                             ; 0.167 V                             ; 4.43e-10 s                 ; 4.36e-10 s                 ; No                        ; Yes                       ;
; Seven_SegOut7[1] ; 2.5 V        ; 0 s                 ; 0 s                 ; 2.32 V                       ; 4.47e-09 V                   ; 2.4 V               ; -0.0905 V           ; 0.135 V                              ; 0.167 V                              ; 4.43e-10 s                  ; 4.36e-10 s                  ; No                         ; Yes                        ; 2.32 V                      ; 4.47e-09 V                  ; 2.4 V              ; -0.0905 V          ; 0.135 V                             ; 0.167 V                             ; 4.43e-10 s                 ; 4.36e-10 s                 ; No                        ; Yes                       ;
; Seven_SegOut7[2] ; 2.5 V        ; 0 s                 ; 0 s                 ; 2.32 V                       ; 4.47e-09 V                   ; 2.4 V               ; -0.0905 V           ; 0.135 V                              ; 0.167 V                              ; 4.43e-10 s                  ; 4.36e-10 s                  ; No                         ; Yes                        ; 2.32 V                      ; 4.47e-09 V                  ; 2.4 V              ; -0.0905 V          ; 0.135 V                             ; 0.167 V                             ; 4.43e-10 s                 ; 4.36e-10 s                 ; No                        ; Yes                       ;
; Seven_SegOut7[3] ; 2.5 V        ; 0 s                 ; 0 s                 ; 2.32 V                       ; 4.47e-09 V                   ; 2.4 V               ; -0.0932 V           ; 0.135 V                              ; 0.16 V                               ; 4.43e-10 s                  ; 4.36e-10 s                  ; No                         ; Yes                        ; 2.32 V                      ; 4.47e-09 V                  ; 2.4 V              ; -0.0932 V          ; 0.135 V                             ; 0.16 V                              ; 4.43e-10 s                 ; 4.36e-10 s                 ; No                        ; Yes                       ;
; Seven_SegOut7[4] ; 2.5 V        ; 0 s                 ; 0 s                 ; 2.32 V                       ; 4.47e-09 V                   ; 2.4 V               ; -0.0905 V           ; 0.135 V                              ; 0.167 V                              ; 4.43e-10 s                  ; 4.36e-10 s                  ; No                         ; Yes                        ; 2.32 V                      ; 4.47e-09 V                  ; 2.4 V              ; -0.0905 V          ; 0.135 V                             ; 0.167 V                             ; 4.43e-10 s                 ; 4.36e-10 s                 ; No                        ; Yes                       ;
; Seven_SegOut7[5] ; 2.5 V        ; 0 s                 ; 0 s                 ; 2.32 V                       ; 4.47e-09 V                   ; 2.4 V               ; -0.0932 V           ; 0.135 V                              ; 0.16 V                               ; 4.43e-10 s                  ; 4.36e-10 s                  ; No                         ; Yes                        ; 2.32 V                      ; 4.47e-09 V                  ; 2.4 V              ; -0.0932 V          ; 0.135 V                             ; 0.16 V                              ; 4.43e-10 s                 ; 4.36e-10 s                 ; No                        ; Yes                       ;
; Seven_SegOut7[6] ; 2.5 V        ; 0 s                 ; 0 s                 ; 2.32 V                       ; 4.47e-09 V                   ; 2.4 V               ; -0.0905 V           ; 0.135 V                              ; 0.167 V                              ; 4.43e-10 s                  ; 4.36e-10 s                  ; No                         ; Yes                        ; 2.32 V                      ; 4.47e-09 V                  ; 2.4 V              ; -0.0905 V          ; 0.135 V                             ; 0.167 V                             ; 4.43e-10 s                 ; 4.36e-10 s                 ; No                        ; Yes                       ;
; ~ALTERA_TDO~     ; 2.5 V        ; 0 s                 ; 0 s                 ; 2.32 V                       ; 7.49e-09 V                   ; 2.38 V              ; -0.0505 V           ; 0.23 V                               ; 0.155 V                              ; 4.84e-10 s                  ; 6.18e-10 s                  ; Yes                        ; No                         ; 2.32 V                      ; 7.49e-09 V                  ; 2.38 V             ; -0.0505 V          ; 0.23 V                              ; 0.155 V                             ; 4.84e-10 s                 ; 6.18e-10 s                 ; Yes                       ; No                        ;
+------------------+--------------+---------------------+---------------------+------------------------------+------------------------------+---------------------+---------------------+--------------------------------------+--------------------------------------+-----------------------------+-----------------------------+----------------------------+----------------------------+-----------------------------+-----------------------------+--------------------+--------------------+-------------------------------------+-------------------------------------+----------------------------+----------------------------+---------------------------+---------------------------+


+-----------------------------------------------------------------------------------------------------------------------------------------------------------------------------------------------------------------------------------------------------------------------------------------------------------------------------------------------------------------------------------------------------------------------------------------------------------------------------------------------------------------------------------------------------------------------------------------------------------------------------------------------------------------------------------------------+
; Signal Integrity Metrics (Slow 1200mv 85c Model)                                                                                                                                                                                                                                                                                                                                                                                                                                                                                                                                                                                                                                              ;
+------------------+--------------+---------------------+---------------------+------------------------------+------------------------------+---------------------+---------------------+--------------------------------------+--------------------------------------+-----------------------------+-----------------------------+----------------------------+----------------------------+-----------------------------+-----------------------------+--------------------+--------------------+-------------------------------------+-------------------------------------+----------------------------+----------------------------+---------------------------+---------------------------+
; Pin              ; I/O Standard ; Board Delay on Rise ; Board Delay on Fall ; Steady State Voh at FPGA Pin ; Steady State Vol at FPGA Pin ; Voh Max at FPGA Pin ; Vol Min at FPGA Pin ; Ringback Voltage on Rise at FPGA Pin ; Ringback Voltage on Fall at FPGA Pin ; 10-90 Rise Time at FPGA Pin ; 90-10 Fall Time at FPGA Pin ; Monotonic Rise at FPGA Pin ; Monotonic Fall at FPGA Pin ; Steady State Voh at Far-end ; Steady State Vol at Far-end ; Voh Max at Far-end ; Vol Min at Far-end ; Ringback Voltage on Rise at Far-end ; Ringback Voltage on Fall at Far-end ; 10-90 Rise Time at Far-end ; 90-10 Fall Time at Far-end ; Monotonic Rise at Far-end ; Monotonic Fall at Far-end ;
+------------------+--------------+---------------------+---------------------+------------------------------+------------------------------+---------------------+---------------------+--------------------------------------+--------------------------------------+-----------------------------+-----------------------------+----------------------------+----------------------------+-----------------------------+-----------------------------+--------------------+--------------------+-------------------------------------+-------------------------------------+----------------------------+----------------------------+---------------------------+---------------------------+
; pin_name1        ; 2.5 V        ; 0 s                 ; 0 s                 ; 2.32 V                       ; 4.66e-07 V                   ; 2.33 V              ; -0.00284 V          ; 0.213 V                              ; 0.149 V                              ; 5.03e-09 s                  ; 4.66e-09 s                  ; Yes                        ; Yes                        ; 2.32 V                      ; 4.66e-07 V                  ; 2.33 V             ; -0.00284 V         ; 0.213 V                             ; 0.149 V                             ; 5.03e-09 s                 ; 4.66e-09 s                 ; Yes                       ; Yes                       ;
; pin_name2        ; 2.5 V        ; 0 s                 ; 0 s                 ; 2.32 V                       ; 4.66e-07 V                   ; 2.36 V              ; -0.0484 V           ; 0.228 V                              ; 0.115 V                              ; 5.12e-10 s                  ; 6.12e-10 s                  ; Yes                        ; No                         ; 2.32 V                      ; 4.66e-07 V                  ; 2.36 V             ; -0.0484 V          ; 0.228 V                             ; 0.115 V                             ; 5.12e-10 s                 ; 6.12e-10 s                 ; Yes                       ; No                        ;
; pin_name3        ; 2.5 V        ; 0 s                 ; 0 s                 ; 2.32 V                       ; 4.66e-07 V                   ; 2.36 V              ; -0.0484 V           ; 0.228 V                              ; 0.115 V                              ; 5.12e-10 s                  ; 6.12e-10 s                  ; Yes                        ; No                         ; 2.32 V                      ; 4.66e-07 V                  ; 2.36 V             ; -0.0484 V          ; 0.228 V                             ; 0.115 V                             ; 5.12e-10 s                 ; 6.12e-10 s                 ; Yes                       ; No                        ;
; pin_name4        ; 2.5 V        ; 0 s                 ; 0 s                 ; 2.32 V                       ; 4.66e-07 V                   ; 2.36 V              ; -0.0486 V           ; 0.228 V                              ; 0.114 V                              ; 5.12e-10 s                  ; 6.11e-10 s                  ; Yes                        ; No                         ; 2.32 V                      ; 4.66e-07 V                  ; 2.36 V             ; -0.0486 V          ; 0.228 V                             ; 0.114 V                             ; 5.12e-10 s                 ; 6.11e-10 s                 ; Yes                       ; No                        ;
; pin_name5        ; 2.5 V        ; 0 s                 ; 0 s                 ; 2.32 V                       ; 4.66e-07 V                   ; 2.37 V              ; -0.0521 V           ; 0.17 V                               ; 0.231 V                              ; 4.74e-10 s                  ; 4.79e-10 s                  ; Yes                        ; Yes                        ; 2.32 V                      ; 4.66e-07 V                  ; 2.37 V             ; -0.0521 V          ; 0.17 V                              ; 0.231 V                             ; 4.74e-10 s                 ; 4.79e-10 s                 ; Yes                       ; Yes                       ;
; pin_name6        ; 2.5 V        ; 0 s                 ; 0 s                 ; 2.32 V                       ; 4.66e-07 V                   ; 2.37 V              ; -0.0526 V           ; 0.169 V                              ; 0.23 V                               ; 4.75e-10 s                  ; 4.8e-10 s                   ; Yes                        ; Yes                        ; 2.32 V                      ; 4.66e-07 V                  ; 2.37 V             ; -0.0526 V          ; 0.169 V                             ; 0.23 V                              ; 4.75e-10 s                 ; 4.8e-10 s                  ; Yes                       ; Yes                       ;
; REG2_ZERO        ; 2.5 V        ; 0 s                 ; 0 s                 ; 2.32 V                       ; 4.66e-07 V                   ; 2.36 V              ; -0.0484 V           ; 0.228 V                              ; 0.115 V                              ; 5.12e-10 s                  ; 6.12e-10 s                  ; Yes                        ; No                         ; 2.32 V                      ; 4.66e-07 V                  ; 2.36 V             ; -0.0484 V          ; 0.228 V                             ; 0.115 V                             ; 5.12e-10 s                 ; 6.12e-10 s                 ; Yes                       ; No                        ;
; REG2_ONE         ; 2.5 V        ; 0 s                 ; 0 s                 ; 2.32 V                       ; 4.66e-07 V                   ; 2.37 V              ; -0.0521 V           ; 0.17 V                               ; 0.231 V                              ; 4.74e-10 s                  ; 4.79e-10 s                  ; Yes                        ; Yes                        ; 2.32 V                      ; 4.66e-07 V                  ; 2.37 V             ; -0.0521 V          ; 0.17 V                              ; 0.231 V                             ; 4.74e-10 s                 ; 4.79e-10 s                 ; Yes                       ; Yes                       ;
; REG1_ZERO        ; 2.5 V        ; 0 s                 ; 0 s                 ; 2.32 V                       ; 4.66e-07 V                   ; 2.37 V              ; -0.0526 V           ; 0.169 V                              ; 0.23 V                               ; 4.75e-10 s                  ; 4.8e-10 s                   ; Yes                        ; Yes                        ; 2.32 V                      ; 4.66e-07 V                  ; 2.37 V             ; -0.0526 V          ; 0.169 V                             ; 0.23 V                              ; 4.75e-10 s                 ; 4.8e-10 s                  ; Yes                       ; Yes                       ;
; REG1_ONE         ; 2.5 V        ; 0 s                 ; 0 s                 ; 2.32 V                       ; 4.66e-07 V                   ; 2.36 V              ; -0.0484 V           ; 0.228 V                              ; 0.115 V                              ; 5.12e-10 s                  ; 6.12e-10 s                  ; Yes                        ; No                         ; 2.32 V                      ; 4.66e-07 V                  ; 2.36 V             ; -0.0484 V          ; 0.228 V                             ; 0.115 V                             ; 5.12e-10 s                 ; 6.12e-10 s                 ; Yes                       ; No                        ;
; Negative_Flag    ; 2.5 V        ; 0 s                 ; 0 s                 ; 2.32 V                       ; 4.66e-07 V                   ; 2.36 V              ; -0.0486 V           ; 0.228 V                              ; 0.114 V                              ; 5.12e-10 s                  ; 6.11e-10 s                  ; Yes                        ; No                         ; 2.32 V                      ; 4.66e-07 V                  ; 2.36 V             ; -0.0486 V          ; 0.228 V                             ; 0.114 V                             ; 5.12e-10 s                 ; 6.11e-10 s                 ; Yes                       ; No                        ;
; Zero_Flag        ; 2.5 V        ; 0 s                 ; 0 s                 ; 2.32 V                       ; 4.66e-07 V                   ; 2.37 V              ; -0.0526 V           ; 0.169 V                              ; 0.23 V                               ; 4.75e-10 s                  ; 4.8e-10 s                   ; Yes                        ; Yes                        ; 2.32 V                      ; 4.66e-07 V                  ; 2.37 V             ; -0.0526 V          ; 0.169 V                             ; 0.23 V                              ; 4.75e-10 s                 ; 4.8e-10 s                  ; Yes                       ; Yes                       ;
; Carry_Flag       ; 2.5 V        ; 0 s                 ; 0 s                 ; 2.32 V                       ; 4.66e-07 V                   ; 2.36 V              ; -0.0484 V           ; 0.228 V                              ; 0.115 V                              ; 5.12e-10 s                  ; 6.12e-10 s                  ; Yes                        ; No                         ; 2.32 V                      ; 4.66e-07 V                  ; 2.36 V             ; -0.0484 V          ; 0.228 V                             ; 0.115 V                             ; 5.12e-10 s                 ; 6.12e-10 s                 ; Yes                       ; No                        ;
; OverFlow_Flag    ; 2.5 V        ; 0 s                 ; 0 s                 ; 2.32 V                       ; 4.66e-07 V                   ; 2.37 V              ; -0.0526 V           ; 0.169 V                              ; 0.23 V                               ; 4.75e-10 s                  ; 4.8e-10 s                   ; Yes                        ; Yes                        ; 2.32 V                      ; 4.66e-07 V                  ; 2.37 V             ; -0.0526 V          ; 0.169 V                             ; 0.23 V                              ; 4.75e-10 s                 ; 4.8e-10 s                  ; Yes                       ; Yes                       ;
; OPCODE0          ; 2.5 V        ; 0 s                 ; 0 s                 ; 2.32 V                       ; 4.66e-07 V                   ; 2.37 V              ; -0.0521 V           ; 0.17 V                               ; 0.231 V                              ; 4.74e-10 s                  ; 4.79e-10 s                  ; Yes                        ; Yes                        ; 2.32 V                      ; 4.66e-07 V                  ; 2.37 V             ; -0.0521 V          ; 0.17 V                              ; 0.231 V                             ; 4.74e-10 s                 ; 4.79e-10 s                 ; Yes                       ; Yes                       ;
; OPCODE1          ; 2.5 V        ; 0 s                 ; 0 s                 ; 2.32 V                       ; 4.66e-07 V                   ; 2.37 V              ; -0.0521 V           ; 0.17 V                               ; 0.231 V                              ; 4.74e-10 s                  ; 4.79e-10 s                  ; Yes                        ; Yes                        ; 2.32 V                      ; 4.66e-07 V                  ; 2.37 V             ; -0.0521 V          ; 0.17 V                              ; 0.231 V                             ; 4.74e-10 s                 ; 4.79e-10 s                 ; Yes                       ; Yes                       ;
; OPCODE2          ; 2.5 V        ; 0 s                 ; 0 s                 ; 2.32 V                       ; 4.66e-07 V                   ; 2.37 V              ; -0.0521 V           ; 0.17 V                               ; 0.231 V                              ; 4.74e-10 s                  ; 4.79e-10 s                  ; Yes                        ; Yes                        ; 2.32 V                      ; 4.66e-07 V                  ; 2.37 V             ; -0.0521 V          ; 0.17 V                              ; 0.231 V                             ; 4.74e-10 s                 ; 4.79e-10 s                 ; Yes                       ; Yes                       ;
; OPCODE3          ; 2.5 V        ; 0 s                 ; 0 s                 ; 2.32 V                       ; 4.66e-07 V                   ; 2.37 V              ; -0.0526 V           ; 0.169 V                              ; 0.23 V                               ; 4.75e-10 s                  ; 4.8e-10 s                   ; Yes                        ; Yes                        ; 2.32 V                      ; 4.66e-07 V                  ; 2.37 V             ; -0.0526 V          ; 0.169 V                             ; 0.23 V                              ; 4.75e-10 s                 ; 4.8e-10 s                  ; Yes                       ; Yes                       ;
; IMMEDVAL0        ; 2.5 V        ; 0 s                 ; 0 s                 ; 2.32 V                       ; 4.66e-07 V                   ; 2.37 V              ; -0.0521 V           ; 0.17 V                               ; 0.231 V                              ; 4.74e-10 s                  ; 4.79e-10 s                  ; Yes                        ; Yes                        ; 2.32 V                      ; 4.66e-07 V                  ; 2.37 V             ; -0.0521 V          ; 0.17 V                              ; 0.231 V                             ; 4.74e-10 s                 ; 4.79e-10 s                 ; Yes                       ; Yes                       ;
; IMMEDVAL1        ; 2.5 V        ; 0 s                 ; 0 s                 ; 2.32 V                       ; 4.66e-07 V                   ; 2.37 V              ; -0.0521 V           ; 0.17 V                               ; 0.231 V                              ; 4.74e-10 s                  ; 4.79e-10 s                  ; Yes                        ; Yes                        ; 2.32 V                      ; 4.66e-07 V                  ; 2.37 V             ; -0.0521 V          ; 0.17 V                              ; 0.231 V                             ; 4.74e-10 s                 ; 4.79e-10 s                 ; Yes                       ; Yes                       ;
; IMMEDVAL2        ; 2.5 V        ; 0 s                 ; 0 s                 ; 2.32 V                       ; 4.66e-07 V                   ; 2.37 V              ; -0.0521 V           ; 0.17 V                               ; 0.231 V                              ; 4.74e-10 s                  ; 4.79e-10 s                  ; Yes                        ; Yes                        ; 2.32 V                      ; 4.66e-07 V                  ; 2.37 V             ; -0.0521 V          ; 0.17 V                              ; 0.231 V                             ; 4.74e-10 s                 ; 4.79e-10 s                 ; Yes                       ; Yes                       ;
; IMMEDVAL3        ; 2.5 V        ; 0 s                 ; 0 s                 ; 2.32 V                       ; 4.66e-07 V                   ; 2.36 V              ; -0.0486 V           ; 0.228 V                              ; 0.114 V                              ; 5.12e-10 s                  ; 6.11e-10 s                  ; Yes                        ; No                         ; 2.32 V                      ; 4.66e-07 V                  ; 2.36 V             ; -0.0486 V          ; 0.228 V                             ; 0.114 V                             ; 5.12e-10 s                 ; 6.11e-10 s                 ; Yes                       ; No                        ;
; IMMEDVAL4        ; 2.5 V        ; 0 s                 ; 0 s                 ; 2.32 V                       ; 4.66e-07 V                   ; 2.36 V              ; -0.0486 V           ; 0.228 V                              ; 0.114 V                              ; 5.12e-10 s                  ; 6.11e-10 s                  ; Yes                        ; No                         ; 2.32 V                      ; 4.66e-07 V                  ; 2.36 V             ; -0.0486 V          ; 0.228 V                             ; 0.114 V                             ; 5.12e-10 s                 ; 6.11e-10 s                 ; Yes                       ; No                        ;
; IMMEDVAL5        ; 2.5 V        ; 0 s                 ; 0 s                 ; 2.32 V                       ; 4.66e-07 V                   ; 2.37 V              ; -0.0526 V           ; 0.169 V                              ; 0.23 V                               ; 4.75e-10 s                  ; 4.8e-10 s                   ; Yes                        ; Yes                        ; 2.32 V                      ; 4.66e-07 V                  ; 2.37 V             ; -0.0526 V          ; 0.169 V                             ; 0.23 V                              ; 4.75e-10 s                 ; 4.8e-10 s                  ; Yes                       ; Yes                       ;
; IMMEDVAL6        ; 2.5 V        ; 0 s                 ; 0 s                 ; 2.32 V                       ; 4.66e-07 V                   ; 2.36 V              ; -0.0484 V           ; 0.228 V                              ; 0.115 V                              ; 5.12e-10 s                  ; 6.12e-10 s                  ; Yes                        ; No                         ; 2.32 V                      ; 4.66e-07 V                  ; 2.36 V             ; -0.0484 V          ; 0.228 V                             ; 0.115 V                             ; 5.12e-10 s                 ; 6.12e-10 s                 ; Yes                       ; No                        ;
; IMMEDVAL7        ; 2.5 V        ; 0 s                 ; 0 s                 ; 2.32 V                       ; 4.66e-07 V                   ; 2.36 V              ; -0.0484 V           ; 0.228 V                              ; 0.115 V                              ; 5.12e-10 s                  ; 6.12e-10 s                  ; Yes                        ; No                         ; 2.32 V                      ; 4.66e-07 V                  ; 2.36 V             ; -0.0484 V          ; 0.228 V                             ; 0.115 V                             ; 5.12e-10 s                 ; 6.12e-10 s                 ; Yes                       ; No                        ;
; Seven_SegOut0[0] ; 2.5 V        ; 0 s                 ; 0 s                 ; 2.32 V                       ; 4.66e-07 V                   ; 2.36 V              ; -0.0484 V           ; 0.228 V                              ; 0.115 V                              ; 5.12e-10 s                  ; 6.12e-10 s                  ; Yes                        ; No                         ; 2.32 V                      ; 4.66e-07 V                  ; 2.36 V             ; -0.0484 V          ; 0.228 V                             ; 0.115 V                             ; 5.12e-10 s                 ; 6.12e-10 s                 ; Yes                       ; No                        ;
; Seven_SegOut0[1] ; 2.5 V        ; 0 s                 ; 0 s                 ; 2.32 V                       ; 4.66e-07 V                   ; 2.37 V              ; -0.0521 V           ; 0.17 V                               ; 0.231 V                              ; 4.74e-10 s                  ; 4.79e-10 s                  ; Yes                        ; Yes                        ; 2.32 V                      ; 4.66e-07 V                  ; 2.37 V             ; -0.0521 V          ; 0.17 V                              ; 0.231 V                             ; 4.74e-10 s                 ; 4.79e-10 s                 ; Yes                       ; Yes                       ;
; Seven_SegOut0[2] ; 2.5 V        ; 0 s                 ; 0 s                 ; 2.32 V                       ; 4.66e-07 V                   ; 2.37 V              ; -0.0521 V           ; 0.17 V                               ; 0.231 V                              ; 4.74e-10 s                  ; 4.79e-10 s                  ; Yes                        ; Yes                        ; 2.32 V                      ; 4.66e-07 V                  ; 2.37 V             ; -0.0521 V          ; 0.17 V                              ; 0.231 V                             ; 4.74e-10 s                 ; 4.79e-10 s                 ; Yes                       ; Yes                       ;
; Seven_SegOut0[3] ; 2.5 V        ; 0 s                 ; 0 s                 ; 2.32 V                       ; 4.66e-07 V                   ; 2.37 V              ; -0.0521 V           ; 0.17 V                               ; 0.231 V                              ; 4.74e-10 s                  ; 4.79e-10 s                  ; Yes                        ; Yes                        ; 2.32 V                      ; 4.66e-07 V                  ; 2.37 V             ; -0.0521 V          ; 0.17 V                              ; 0.231 V                             ; 4.74e-10 s                 ; 4.79e-10 s                 ; Yes                       ; Yes                       ;
; Seven_SegOut0[4] ; 2.5 V        ; 0 s                 ; 0 s                 ; 2.32 V                       ; 4.66e-07 V                   ; 2.37 V              ; -0.0521 V           ; 0.17 V                               ; 0.231 V                              ; 4.74e-10 s                  ; 4.79e-10 s                  ; Yes                        ; Yes                        ; 2.32 V                      ; 4.66e-07 V                  ; 2.37 V             ; -0.0521 V          ; 0.17 V                              ; 0.231 V                             ; 4.74e-10 s                 ; 4.79e-10 s                 ; Yes                       ; Yes                       ;
; Seven_SegOut0[5] ; 2.5 V        ; 0 s                 ; 0 s                 ; 2.32 V                       ; 4.66e-07 V                   ; 2.37 V              ; -0.0526 V           ; 0.169 V                              ; 0.23 V                               ; 4.75e-10 s                  ; 4.8e-10 s                   ; Yes                        ; Yes                        ; 2.32 V                      ; 4.66e-07 V                  ; 2.37 V             ; -0.0526 V          ; 0.169 V                             ; 0.23 V                              ; 4.75e-10 s                 ; 4.8e-10 s                  ; Yes                       ; Yes                       ;
; Seven_SegOut0[6] ; 2.5 V        ; 0 s                 ; 0 s                 ; 2.32 V                       ; 4.66e-07 V                   ; 2.37 V              ; -0.0526 V           ; 0.169 V                              ; 0.23 V                               ; 4.75e-10 s                  ; 4.8e-10 s                   ; Yes                        ; Yes                        ; 2.32 V                      ; 4.66e-07 V                  ; 2.37 V             ; -0.0526 V          ; 0.169 V                             ; 0.23 V                              ; 4.75e-10 s                 ; 4.8e-10 s                  ; Yes                       ; Yes                       ;
; Seven_SegOut1[0] ; 2.5 V        ; 0 s                 ; 0 s                 ; 2.32 V                       ; 4.66e-07 V                   ; 2.37 V              ; -0.0526 V           ; 0.169 V                              ; 0.23 V                               ; 4.75e-10 s                  ; 4.8e-10 s                   ; Yes                        ; Yes                        ; 2.32 V                      ; 4.66e-07 V                  ; 2.37 V             ; -0.0526 V          ; 0.169 V                             ; 0.23 V                              ; 4.75e-10 s                 ; 4.8e-10 s                  ; Yes                       ; Yes                       ;
; Seven_SegOut1[1] ; 2.5 V        ; 0 s                 ; 0 s                 ; 2.32 V                       ; 4.66e-07 V                   ; 2.37 V              ; -0.0521 V           ; 0.17 V                               ; 0.231 V                              ; 4.74e-10 s                  ; 4.79e-10 s                  ; Yes                        ; Yes                        ; 2.32 V                      ; 4.66e-07 V                  ; 2.37 V             ; -0.0521 V          ; 0.17 V                              ; 0.231 V                             ; 4.74e-10 s                 ; 4.79e-10 s                 ; Yes                       ; Yes                       ;
; Seven_SegOut1[2] ; 2.5 V        ; 0 s                 ; 0 s                 ; 2.32 V                       ; 4.66e-07 V                   ; 2.37 V              ; -0.0526 V           ; 0.169 V                              ; 0.23 V                               ; 4.75e-10 s                  ; 4.8e-10 s                   ; Yes                        ; Yes                        ; 2.32 V                      ; 4.66e-07 V                  ; 2.37 V             ; -0.0526 V          ; 0.169 V                             ; 0.23 V                              ; 4.75e-10 s                 ; 4.8e-10 s                  ; Yes                       ; Yes                       ;
; Seven_SegOut1[3] ; 2.5 V        ; 0 s                 ; 0 s                 ; 2.32 V                       ; 4.66e-07 V                   ; 2.37 V              ; -0.0521 V           ; 0.17 V                               ; 0.231 V                              ; 4.74e-10 s                  ; 4.79e-10 s                  ; Yes                        ; Yes                        ; 2.32 V                      ; 4.66e-07 V                  ; 2.37 V             ; -0.0521 V          ; 0.17 V                              ; 0.231 V                             ; 4.74e-10 s                 ; 4.79e-10 s                 ; Yes                       ; Yes                       ;
; Seven_SegOut1[4] ; 2.5 V        ; 0 s                 ; 0 s                 ; 2.32 V                       ; 4.66e-07 V                   ; 2.37 V              ; -0.0521 V           ; 0.17 V                               ; 0.231 V                              ; 4.74e-10 s                  ; 4.79e-10 s                  ; Yes                        ; Yes                        ; 2.32 V                      ; 4.66e-07 V                  ; 2.37 V             ; -0.0521 V          ; 0.17 V                              ; 0.231 V                             ; 4.74e-10 s                 ; 4.79e-10 s                 ; Yes                       ; Yes                       ;
; Seven_SegOut1[5] ; 2.5 V        ; 0 s                 ; 0 s                 ; 2.32 V                       ; 4.66e-07 V                   ; 2.37 V              ; -0.0521 V           ; 0.17 V                               ; 0.231 V                              ; 4.74e-10 s                  ; 4.79e-10 s                  ; Yes                        ; Yes                        ; 2.32 V                      ; 4.66e-07 V                  ; 2.37 V             ; -0.0521 V          ; 0.17 V                              ; 0.231 V                             ; 4.74e-10 s                 ; 4.79e-10 s                 ; Yes                       ; Yes                       ;
; Seven_SegOut1[6] ; 2.5 V        ; 0 s                 ; 0 s                 ; 2.32 V                       ; 4.66e-07 V                   ; 2.37 V              ; -0.0521 V           ; 0.17 V                               ; 0.231 V                              ; 4.74e-10 s                  ; 4.79e-10 s                  ; Yes                        ; Yes                        ; 2.32 V                      ; 4.66e-07 V                  ; 2.37 V             ; -0.0521 V          ; 0.17 V                              ; 0.231 V                             ; 4.74e-10 s                 ; 4.79e-10 s                 ; Yes                       ; Yes                       ;
; Seven_SegOut2[0] ; 2.5 V        ; 0 s                 ; 0 s                 ; 2.32 V                       ; 4.66e-07 V                   ; 2.37 V              ; -0.0526 V           ; 0.169 V                              ; 0.23 V                               ; 4.75e-10 s                  ; 4.8e-10 s                   ; Yes                        ; Yes                        ; 2.32 V                      ; 4.66e-07 V                  ; 2.37 V             ; -0.0526 V          ; 0.169 V                             ; 0.23 V                              ; 4.75e-10 s                 ; 4.8e-10 s                  ; Yes                       ; Yes                       ;
; Seven_SegOut2[1] ; 2.5 V        ; 0 s                 ; 0 s                 ; 2.32 V                       ; 4.66e-07 V                   ; 2.37 V              ; -0.0526 V           ; 0.169 V                              ; 0.23 V                               ; 4.75e-10 s                  ; 4.8e-10 s                   ; Yes                        ; Yes                        ; 2.32 V                      ; 4.66e-07 V                  ; 2.37 V             ; -0.0526 V          ; 0.169 V                             ; 0.23 V                              ; 4.75e-10 s                 ; 4.8e-10 s                  ; Yes                       ; Yes                       ;
; Seven_SegOut2[2] ; 2.5 V        ; 0 s                 ; 0 s                 ; 2.32 V                       ; 4.66e-07 V                   ; 2.37 V              ; -0.0521 V           ; 0.17 V                               ; 0.231 V                              ; 4.74e-10 s                  ; 4.79e-10 s                  ; Yes                        ; Yes                        ; 2.32 V                      ; 4.66e-07 V                  ; 2.37 V             ; -0.0521 V          ; 0.17 V                              ; 0.231 V                             ; 4.74e-10 s                 ; 4.79e-10 s                 ; Yes                       ; Yes                       ;
; Seven_SegOut2[3] ; 2.5 V        ; 0 s                 ; 0 s                 ; 2.32 V                       ; 4.66e-07 V                   ; 2.37 V              ; -0.0526 V           ; 0.169 V                              ; 0.23 V                               ; 4.75e-10 s                  ; 4.8e-10 s                   ; Yes                        ; Yes                        ; 2.32 V                      ; 4.66e-07 V                  ; 2.37 V             ; -0.0526 V          ; 0.169 V                             ; 0.23 V                              ; 4.75e-10 s                 ; 4.8e-10 s                  ; Yes                       ; Yes                       ;
; Seven_SegOut2[4] ; 2.5 V        ; 0 s                 ; 0 s                 ; 2.32 V                       ; 4.66e-07 V                   ; 2.37 V              ; -0.0521 V           ; 0.17 V                               ; 0.231 V                              ; 4.74e-10 s                  ; 4.79e-10 s                  ; Yes                        ; Yes                        ; 2.32 V                      ; 4.66e-07 V                  ; 2.37 V             ; -0.0521 V          ; 0.17 V                              ; 0.231 V                             ; 4.74e-10 s                 ; 4.79e-10 s                 ; Yes                       ; Yes                       ;
; Seven_SegOut2[5] ; 2.5 V        ; 0 s                 ; 0 s                 ; 2.32 V                       ; 4.66e-07 V                   ; 2.37 V              ; -0.0526 V           ; 0.169 V                              ; 0.23 V                               ; 4.75e-10 s                  ; 4.8e-10 s                   ; Yes                        ; Yes                        ; 2.32 V                      ; 4.66e-07 V                  ; 2.37 V             ; -0.0526 V          ; 0.169 V                             ; 0.23 V                              ; 4.75e-10 s                 ; 4.8e-10 s                  ; Yes                       ; Yes                       ;
; Seven_SegOut2[6] ; 2.5 V        ; 0 s                 ; 0 s                 ; 2.32 V                       ; 4.66e-07 V                   ; 2.37 V              ; -0.0526 V           ; 0.169 V                              ; 0.23 V                               ; 4.75e-10 s                  ; 4.8e-10 s                   ; Yes                        ; Yes                        ; 2.32 V                      ; 4.66e-07 V                  ; 2.37 V             ; -0.0526 V          ; 0.169 V                             ; 0.23 V                              ; 4.75e-10 s                 ; 4.8e-10 s                  ; Yes                       ; Yes                       ;
; Seven_SegOut3[0] ; 2.5 V        ; 0 s                 ; 0 s                 ; 2.32 V                       ; 4.66e-07 V                   ; 2.36 V              ; -0.0486 V           ; 0.228 V                              ; 0.114 V                              ; 5.12e-10 s                  ; 6.11e-10 s                  ; Yes                        ; No                         ; 2.32 V                      ; 4.66e-07 V                  ; 2.36 V             ; -0.0486 V          ; 0.228 V                             ; 0.114 V                             ; 5.12e-10 s                 ; 6.11e-10 s                 ; Yes                       ; No                        ;
; Seven_SegOut3[1] ; 2.5 V        ; 0 s                 ; 0 s                 ; 2.32 V                       ; 4.66e-07 V                   ; 2.37 V              ; -0.0521 V           ; 0.17 V                               ; 0.231 V                              ; 4.74e-10 s                  ; 4.79e-10 s                  ; Yes                        ; Yes                        ; 2.32 V                      ; 4.66e-07 V                  ; 2.37 V             ; -0.0521 V          ; 0.17 V                              ; 0.231 V                             ; 4.74e-10 s                 ; 4.79e-10 s                 ; Yes                       ; Yes                       ;
; Seven_SegOut3[2] ; 2.5 V        ; 0 s                 ; 0 s                 ; 2.32 V                       ; 4.66e-07 V                   ; 2.37 V              ; -0.0526 V           ; 0.169 V                              ; 0.23 V                               ; 4.75e-10 s                  ; 4.8e-10 s                   ; Yes                        ; Yes                        ; 2.32 V                      ; 4.66e-07 V                  ; 2.37 V             ; -0.0526 V          ; 0.169 V                             ; 0.23 V                              ; 4.75e-10 s                 ; 4.8e-10 s                  ; Yes                       ; Yes                       ;
; Seven_SegOut3[3] ; 2.5 V        ; 0 s                 ; 0 s                 ; 2.32 V                       ; 4.66e-07 V                   ; 2.37 V              ; -0.0521 V           ; 0.17 V                               ; 0.231 V                              ; 4.74e-10 s                  ; 4.79e-10 s                  ; Yes                        ; Yes                        ; 2.32 V                      ; 4.66e-07 V                  ; 2.37 V             ; -0.0521 V          ; 0.17 V                              ; 0.231 V                             ; 4.74e-10 s                 ; 4.79e-10 s                 ; Yes                       ; Yes                       ;
; Seven_SegOut3[4] ; 2.5 V        ; 0 s                 ; 0 s                 ; 2.32 V                       ; 4.66e-07 V                   ; 2.37 V              ; -0.0521 V           ; 0.17 V                               ; 0.231 V                              ; 4.74e-10 s                  ; 4.79e-10 s                  ; Yes                        ; Yes                        ; 2.32 V                      ; 4.66e-07 V                  ; 2.37 V             ; -0.0521 V          ; 0.17 V                              ; 0.231 V                             ; 4.74e-10 s                 ; 4.79e-10 s                 ; Yes                       ; Yes                       ;
; Seven_SegOut3[5] ; 2.5 V        ; 0 s                 ; 0 s                 ; 2.32 V                       ; 4.66e-07 V                   ; 2.36 V              ; -0.0486 V           ; 0.228 V                              ; 0.114 V                              ; 5.12e-10 s                  ; 6.11e-10 s                  ; Yes                        ; No                         ; 2.32 V                      ; 4.66e-07 V                  ; 2.36 V             ; -0.0486 V          ; 0.228 V                             ; 0.114 V                             ; 5.12e-10 s                 ; 6.11e-10 s                 ; Yes                       ; No                        ;
; Seven_SegOut3[6] ; 2.5 V        ; 0 s                 ; 0 s                 ; 2.32 V                       ; 4.66e-07 V                   ; 2.37 V              ; -0.0526 V           ; 0.169 V                              ; 0.23 V                               ; 4.75e-10 s                  ; 4.8e-10 s                   ; Yes                        ; Yes                        ; 2.32 V                      ; 4.66e-07 V                  ; 2.37 V             ; -0.0526 V          ; 0.169 V                             ; 0.23 V                              ; 4.75e-10 s                 ; 4.8e-10 s                  ; Yes                       ; Yes                       ;
; Seven_SegOut4[0] ; 2.5 V        ; 0 s                 ; 0 s                 ; 2.32 V                       ; 4.66e-07 V                   ; 2.37 V              ; -0.0521 V           ; 0.17 V                               ; 0.231 V                              ; 4.74e-10 s                  ; 4.79e-10 s                  ; Yes                        ; Yes                        ; 2.32 V                      ; 4.66e-07 V                  ; 2.37 V             ; -0.0521 V          ; 0.17 V                              ; 0.231 V                             ; 4.74e-10 s                 ; 4.79e-10 s                 ; Yes                       ; Yes                       ;
; Seven_SegOut4[1] ; 2.5 V        ; 0 s                 ; 0 s                 ; 2.32 V                       ; 4.66e-07 V                   ; 2.37 V              ; -0.0526 V           ; 0.169 V                              ; 0.23 V                               ; 4.75e-10 s                  ; 4.8e-10 s                   ; Yes                        ; Yes                        ; 2.32 V                      ; 4.66e-07 V                  ; 2.37 V             ; -0.0526 V          ; 0.169 V                             ; 0.23 V                              ; 4.75e-10 s                 ; 4.8e-10 s                  ; Yes                       ; Yes                       ;
; Seven_SegOut4[2] ; 2.5 V        ; 0 s                 ; 0 s                 ; 2.32 V                       ; 4.66e-07 V                   ; 2.37 V              ; -0.0521 V           ; 0.17 V                               ; 0.231 V                              ; 4.74e-10 s                  ; 4.79e-10 s                  ; Yes                        ; Yes                        ; 2.32 V                      ; 4.66e-07 V                  ; 2.37 V             ; -0.0521 V          ; 0.17 V                              ; 0.231 V                             ; 4.74e-10 s                 ; 4.79e-10 s                 ; Yes                       ; Yes                       ;
; Seven_SegOut4[3] ; 2.5 V        ; 0 s                 ; 0 s                 ; 2.32 V                       ; 4.66e-07 V                   ; 2.37 V              ; -0.0526 V           ; 0.169 V                              ; 0.23 V                               ; 4.75e-10 s                  ; 4.8e-10 s                   ; Yes                        ; Yes                        ; 2.32 V                      ; 4.66e-07 V                  ; 2.37 V             ; -0.0526 V          ; 0.169 V                             ; 0.23 V                              ; 4.75e-10 s                 ; 4.8e-10 s                  ; Yes                       ; Yes                       ;
; Seven_SegOut4[4] ; 2.5 V        ; 0 s                 ; 0 s                 ; 2.32 V                       ; 4.66e-07 V                   ; 2.37 V              ; -0.0526 V           ; 0.169 V                              ; 0.23 V                               ; 4.75e-10 s                  ; 4.8e-10 s                   ; Yes                        ; Yes                        ; 2.32 V                      ; 4.66e-07 V                  ; 2.37 V             ; -0.0526 V          ; 0.169 V                             ; 0.23 V                              ; 4.75e-10 s                 ; 4.8e-10 s                  ; Yes                       ; Yes                       ;
; Seven_SegOut4[5] ; 2.5 V        ; 0 s                 ; 0 s                 ; 2.32 V                       ; 4.66e-07 V                   ; 2.33 V              ; -0.00284 V          ; 0.213 V                              ; 0.149 V                              ; 5.03e-09 s                  ; 4.66e-09 s                  ; Yes                        ; Yes                        ; 2.32 V                      ; 4.66e-07 V                  ; 2.33 V             ; -0.00284 V         ; 0.213 V                             ; 0.149 V                             ; 5.03e-09 s                 ; 4.66e-09 s                 ; Yes                       ; Yes                       ;
; Seven_SegOut4[6] ; 2.5 V        ; 0 s                 ; 0 s                 ; 2.32 V                       ; 4.66e-07 V                   ; 2.37 V              ; -0.0526 V           ; 0.169 V                              ; 0.23 V                               ; 4.75e-10 s                  ; 4.8e-10 s                   ; Yes                        ; Yes                        ; 2.32 V                      ; 4.66e-07 V                  ; 2.37 V             ; -0.0526 V          ; 0.169 V                             ; 0.23 V                              ; 4.75e-10 s                 ; 4.8e-10 s                  ; Yes                       ; Yes                       ;
; Seven_SegOut5[0] ; 2.5 V        ; 0 s                 ; 0 s                 ; 2.32 V                       ; 4.66e-07 V                   ; 2.37 V              ; -0.0526 V           ; 0.169 V                              ; 0.23 V                               ; 4.75e-10 s                  ; 4.8e-10 s                   ; Yes                        ; Yes                        ; 2.32 V                      ; 4.66e-07 V                  ; 2.37 V             ; -0.0526 V          ; 0.169 V                             ; 0.23 V                              ; 4.75e-10 s                 ; 4.8e-10 s                  ; Yes                       ; Yes                       ;
; Seven_SegOut5[1] ; 2.5 V        ; 0 s                 ; 0 s                 ; 2.32 V                       ; 4.66e-07 V                   ; 2.37 V              ; -0.0521 V           ; 0.17 V                               ; 0.231 V                              ; 4.74e-10 s                  ; 4.79e-10 s                  ; Yes                        ; Yes                        ; 2.32 V                      ; 4.66e-07 V                  ; 2.37 V             ; -0.0521 V          ; 0.17 V                              ; 0.231 V                             ; 4.74e-10 s                 ; 4.79e-10 s                 ; Yes                       ; Yes                       ;
; Seven_SegOut5[2] ; 2.5 V        ; 0 s                 ; 0 s                 ; 2.32 V                       ; 4.66e-07 V                   ; 2.37 V              ; -0.0526 V           ; 0.169 V                              ; 0.23 V                               ; 4.75e-10 s                  ; 4.8e-10 s                   ; Yes                        ; Yes                        ; 2.32 V                      ; 4.66e-07 V                  ; 2.37 V             ; -0.0526 V          ; 0.169 V                             ; 0.23 V                              ; 4.75e-10 s                 ; 4.8e-10 s                  ; Yes                       ; Yes                       ;
; Seven_SegOut5[3] ; 2.5 V        ; 0 s                 ; 0 s                 ; 2.32 V                       ; 4.66e-07 V                   ; 2.37 V              ; -0.0526 V           ; 0.169 V                              ; 0.23 V                               ; 4.75e-10 s                  ; 4.8e-10 s                   ; Yes                        ; Yes                        ; 2.32 V                      ; 4.66e-07 V                  ; 2.37 V             ; -0.0526 V          ; 0.169 V                             ; 0.23 V                              ; 4.75e-10 s                 ; 4.8e-10 s                  ; Yes                       ; Yes                       ;
; Seven_SegOut5[4] ; 2.5 V        ; 0 s                 ; 0 s                 ; 2.32 V                       ; 4.66e-07 V                   ; 2.37 V              ; -0.0521 V           ; 0.17 V                               ; 0.231 V                              ; 4.74e-10 s                  ; 4.79e-10 s                  ; Yes                        ; Yes                        ; 2.32 V                      ; 4.66e-07 V                  ; 2.37 V             ; -0.0521 V          ; 0.17 V                              ; 0.231 V                             ; 4.74e-10 s                 ; 4.79e-10 s                 ; Yes                       ; Yes                       ;
; Seven_SegOut5[5] ; 2.5 V        ; 0 s                 ; 0 s                 ; 2.32 V                       ; 4.66e-07 V                   ; 2.37 V              ; -0.0526 V           ; 0.169 V                              ; 0.23 V                               ; 4.75e-10 s                  ; 4.8e-10 s                   ; Yes                        ; Yes                        ; 2.32 V                      ; 4.66e-07 V                  ; 2.37 V             ; -0.0526 V          ; 0.169 V                             ; 0.23 V                              ; 4.75e-10 s                 ; 4.8e-10 s                  ; Yes                       ; Yes                       ;
; Seven_SegOut5[6] ; 2.5 V        ; 0 s                 ; 0 s                 ; 2.32 V                       ; 4.66e-07 V                   ; 2.37 V              ; -0.0521 V           ; 0.17 V                               ; 0.231 V                              ; 4.74e-10 s                  ; 4.79e-10 s                  ; Yes                        ; Yes                        ; 2.32 V                      ; 4.66e-07 V                  ; 2.37 V             ; -0.0521 V          ; 0.17 V                              ; 0.231 V                             ; 4.74e-10 s                 ; 4.79e-10 s                 ; Yes                       ; Yes                       ;
; Seven_SegOut6[0] ; 2.5 V        ; 0 s                 ; 0 s                 ; 2.32 V                       ; 4.66e-07 V                   ; 2.37 V              ; -0.0521 V           ; 0.17 V                               ; 0.231 V                              ; 4.74e-10 s                  ; 4.79e-10 s                  ; Yes                        ; Yes                        ; 2.32 V                      ; 4.66e-07 V                  ; 2.37 V             ; -0.0521 V          ; 0.17 V                              ; 0.231 V                             ; 4.74e-10 s                 ; 4.79e-10 s                 ; Yes                       ; Yes                       ;
; Seven_SegOut6[1] ; 2.5 V        ; 0 s                 ; 0 s                 ; 2.32 V                       ; 4.66e-07 V                   ; 2.36 V              ; -0.0484 V           ; 0.228 V                              ; 0.115 V                              ; 5.12e-10 s                  ; 6.12e-10 s                  ; Yes                        ; No                         ; 2.32 V                      ; 4.66e-07 V                  ; 2.36 V             ; -0.0484 V          ; 0.228 V                             ; 0.115 V                             ; 5.12e-10 s                 ; 6.12e-10 s                 ; Yes                       ; No                        ;
; Seven_SegOut6[2] ; 2.5 V        ; 0 s                 ; 0 s                 ; 2.32 V                       ; 4.66e-07 V                   ; 2.37 V              ; -0.0526 V           ; 0.169 V                              ; 0.23 V                               ; 4.75e-10 s                  ; 4.8e-10 s                   ; Yes                        ; Yes                        ; 2.32 V                      ; 4.66e-07 V                  ; 2.37 V             ; -0.0526 V          ; 0.169 V                             ; 0.23 V                              ; 4.75e-10 s                 ; 4.8e-10 s                  ; Yes                       ; Yes                       ;
; Seven_SegOut6[3] ; 2.5 V        ; 0 s                 ; 0 s                 ; 2.32 V                       ; 4.66e-07 V                   ; 2.37 V              ; -0.0526 V           ; 0.169 V                              ; 0.23 V                               ; 4.75e-10 s                  ; 4.8e-10 s                   ; Yes                        ; Yes                        ; 2.32 V                      ; 4.66e-07 V                  ; 2.37 V             ; -0.0526 V          ; 0.169 V                             ; 0.23 V                              ; 4.75e-10 s                 ; 4.8e-10 s                  ; Yes                       ; Yes                       ;
; Seven_SegOut6[4] ; 2.5 V        ; 0 s                 ; 0 s                 ; 2.32 V                       ; 4.66e-07 V                   ; 2.37 V              ; -0.0526 V           ; 0.169 V                              ; 0.23 V                               ; 4.75e-10 s                  ; 4.8e-10 s                   ; Yes                        ; Yes                        ; 2.32 V                      ; 4.66e-07 V                  ; 2.37 V             ; -0.0526 V          ; 0.169 V                             ; 0.23 V                              ; 4.75e-10 s                 ; 4.8e-10 s                  ; Yes                       ; Yes                       ;
; Seven_SegOut6[5] ; 2.5 V        ; 0 s                 ; 0 s                 ; 2.32 V                       ; 4.66e-07 V                   ; 2.36 V              ; -0.0484 V           ; 0.228 V                              ; 0.115 V                              ; 5.12e-10 s                  ; 6.12e-10 s                  ; Yes                        ; No                         ; 2.32 V                      ; 4.66e-07 V                  ; 2.36 V             ; -0.0484 V          ; 0.228 V                             ; 0.115 V                             ; 5.12e-10 s                 ; 6.12e-10 s                 ; Yes                       ; No                        ;
; Seven_SegOut6[6] ; 2.5 V        ; 0 s                 ; 0 s                 ; 2.32 V                       ; 4.66e-07 V                   ; 2.36 V              ; -0.0484 V           ; 0.228 V                              ; 0.115 V                              ; 5.12e-10 s                  ; 6.12e-10 s                  ; Yes                        ; No                         ; 2.32 V                      ; 4.66e-07 V                  ; 2.36 V             ; -0.0484 V          ; 0.228 V                             ; 0.115 V                             ; 5.12e-10 s                 ; 6.12e-10 s                 ; Yes                       ; No                        ;
; Seven_SegOut7[0] ; 2.5 V        ; 0 s                 ; 0 s                 ; 2.32 V                       ; 4.66e-07 V                   ; 2.37 V              ; -0.0526 V           ; 0.169 V                              ; 0.23 V                               ; 4.75e-10 s                  ; 4.8e-10 s                   ; Yes                        ; Yes                        ; 2.32 V                      ; 4.66e-07 V                  ; 2.37 V             ; -0.0526 V          ; 0.169 V                             ; 0.23 V                              ; 4.75e-10 s                 ; 4.8e-10 s                  ; Yes                       ; Yes                       ;
; Seven_SegOut7[1] ; 2.5 V        ; 0 s                 ; 0 s                 ; 2.32 V                       ; 4.66e-07 V                   ; 2.37 V              ; -0.0526 V           ; 0.169 V                              ; 0.23 V                               ; 4.75e-10 s                  ; 4.8e-10 s                   ; Yes                        ; Yes                        ; 2.32 V                      ; 4.66e-07 V                  ; 2.37 V             ; -0.0526 V          ; 0.169 V                             ; 0.23 V                              ; 4.75e-10 s                 ; 4.8e-10 s                  ; Yes                       ; Yes                       ;
; Seven_SegOut7[2] ; 2.5 V        ; 0 s                 ; 0 s                 ; 2.32 V                       ; 4.66e-07 V                   ; 2.37 V              ; -0.0526 V           ; 0.169 V                              ; 0.23 V                               ; 4.75e-10 s                  ; 4.8e-10 s                   ; Yes                        ; Yes                        ; 2.32 V                      ; 4.66e-07 V                  ; 2.37 V             ; -0.0526 V          ; 0.169 V                             ; 0.23 V                              ; 4.75e-10 s                 ; 4.8e-10 s                  ; Yes                       ; Yes                       ;
; Seven_SegOut7[3] ; 2.5 V        ; 0 s                 ; 0 s                 ; 2.32 V                       ; 4.66e-07 V                   ; 2.37 V              ; -0.0521 V           ; 0.17 V                               ; 0.231 V                              ; 4.74e-10 s                  ; 4.79e-10 s                  ; Yes                        ; Yes                        ; 2.32 V                      ; 4.66e-07 V                  ; 2.37 V             ; -0.0521 V          ; 0.17 V                              ; 0.231 V                             ; 4.74e-10 s                 ; 4.79e-10 s                 ; Yes                       ; Yes                       ;
; Seven_SegOut7[4] ; 2.5 V        ; 0 s                 ; 0 s                 ; 2.32 V                       ; 4.66e-07 V                   ; 2.37 V              ; -0.0526 V           ; 0.169 V                              ; 0.23 V                               ; 4.75e-10 s                  ; 4.8e-10 s                   ; Yes                        ; Yes                        ; 2.32 V                      ; 4.66e-07 V                  ; 2.37 V             ; -0.0526 V          ; 0.169 V                             ; 0.23 V                              ; 4.75e-10 s                 ; 4.8e-10 s                  ; Yes                       ; Yes                       ;
; Seven_SegOut7[5] ; 2.5 V        ; 0 s                 ; 0 s                 ; 2.32 V                       ; 4.66e-07 V                   ; 2.37 V              ; -0.0521 V           ; 0.17 V                               ; 0.231 V                              ; 4.74e-10 s                  ; 4.79e-10 s                  ; Yes                        ; Yes                        ; 2.32 V                      ; 4.66e-07 V                  ; 2.37 V             ; -0.0521 V          ; 0.17 V                              ; 0.231 V                             ; 4.74e-10 s                 ; 4.79e-10 s                 ; Yes                       ; Yes                       ;
; Seven_SegOut7[6] ; 2.5 V        ; 0 s                 ; 0 s                 ; 2.32 V                       ; 4.66e-07 V                   ; 2.37 V              ; -0.0526 V           ; 0.169 V                              ; 0.23 V                               ; 4.75e-10 s                  ; 4.8e-10 s                   ; Yes                        ; Yes                        ; 2.32 V                      ; 4.66e-07 V                  ; 2.37 V             ; -0.0526 V          ; 0.169 V                             ; 0.23 V                              ; 4.75e-10 s                 ; 4.8e-10 s                  ; Yes                       ; Yes                       ;
; ~ALTERA_TDO~     ; 2.5 V        ; 0 s                 ; 0 s                 ; 2.32 V                       ; 7.88e-07 V                   ; 2.36 V              ; -0.0211 V           ; 0.162 V                              ; 0.122 V                              ; 6.58e-10 s                  ; 7.79e-10 s                  ; No                         ; Yes                        ; 2.32 V                      ; 7.88e-07 V                  ; 2.36 V             ; -0.0211 V          ; 0.162 V                             ; 0.122 V                             ; 6.58e-10 s                 ; 7.79e-10 s                 ; No                        ; Yes                       ;
+------------------+--------------+---------------------+---------------------+------------------------------+------------------------------+---------------------+---------------------+--------------------------------------+--------------------------------------+-----------------------------+-----------------------------+----------------------------+----------------------------+-----------------------------+-----------------------------+--------------------+--------------------+-------------------------------------+-------------------------------------+----------------------------+----------------------------+---------------------------+---------------------------+


+-----------------------------------------------------------------------------------------------------------------------------------------------------------------------------------------------------------------------------------------------------------------------------------------------------------------------------------------------------------------------------------------------------------------------------------------------------------------------------------------------------------------------------------------------------------------------------------------------------------------------------------------------------------------------------------------------+
; Signal Integrity Metrics (Fast 1200mv 0c Model)                                                                                                                                                                                                                                                                                                                                                                                                                                                                                                                                                                                                                                               ;
+------------------+--------------+---------------------+---------------------+------------------------------+------------------------------+---------------------+---------------------+--------------------------------------+--------------------------------------+-----------------------------+-----------------------------+----------------------------+----------------------------+-----------------------------+-----------------------------+--------------------+--------------------+-------------------------------------+-------------------------------------+----------------------------+----------------------------+---------------------------+---------------------------+
; Pin              ; I/O Standard ; Board Delay on Rise ; Board Delay on Fall ; Steady State Voh at FPGA Pin ; Steady State Vol at FPGA Pin ; Voh Max at FPGA Pin ; Vol Min at FPGA Pin ; Ringback Voltage on Rise at FPGA Pin ; Ringback Voltage on Fall at FPGA Pin ; 10-90 Rise Time at FPGA Pin ; 90-10 Fall Time at FPGA Pin ; Monotonic Rise at FPGA Pin ; Monotonic Fall at FPGA Pin ; Steady State Voh at Far-end ; Steady State Vol at Far-end ; Voh Max at Far-end ; Vol Min at Far-end ; Ringback Voltage on Rise at Far-end ; Ringback Voltage on Fall at Far-end ; 10-90 Rise Time at Far-end ; 90-10 Fall Time at Far-end ; Monotonic Rise at Far-end ; Monotonic Fall at Far-end ;
+------------------+--------------+---------------------+---------------------+------------------------------+------------------------------+---------------------+---------------------+--------------------------------------+--------------------------------------+-----------------------------+-----------------------------+----------------------------+----------------------------+-----------------------------+-----------------------------+--------------------+--------------------+-------------------------------------+-------------------------------------+----------------------------+----------------------------+---------------------------+---------------------------+
; pin_name1        ; 2.5 V        ; 0 s                 ; 0 s                 ; 2.62 V                       ; 9.95e-08 V                   ; 2.64 V              ; -0.00888 V          ; 0.249 V                              ; 0.203 V                              ; 3.12e-09 s                  ; 3.02e-09 s                  ; No                         ; Yes                        ; 2.62 V                      ; 9.95e-08 V                  ; 2.64 V             ; -0.00888 V         ; 0.249 V                             ; 0.203 V                             ; 3.12e-09 s                 ; 3.02e-09 s                 ; No                        ; Yes                       ;
; pin_name2        ; 2.5 V        ; 0 s                 ; 0 s                 ; 2.62 V                       ; 9.94e-08 V                   ; 2.77 V              ; -0.0485 V           ; 0.289 V                              ; 0.058 V                              ; 2.81e-10 s                  ; 3.04e-10 s                  ; No                         ; Yes                        ; 2.62 V                      ; 9.94e-08 V                  ; 2.77 V             ; -0.0485 V          ; 0.289 V                             ; 0.058 V                             ; 2.81e-10 s                 ; 3.04e-10 s                 ; No                        ; Yes                       ;
; pin_name3        ; 2.5 V        ; 0 s                 ; 0 s                 ; 2.62 V                       ; 9.94e-08 V                   ; 2.77 V              ; -0.0485 V           ; 0.289 V                              ; 0.058 V                              ; 2.81e-10 s                  ; 3.04e-10 s                  ; No                         ; Yes                        ; 2.62 V                      ; 9.94e-08 V                  ; 2.77 V             ; -0.0485 V          ; 0.289 V                             ; 0.058 V                             ; 2.81e-10 s                 ; 3.04e-10 s                 ; No                        ; Yes                       ;
; pin_name4        ; 2.5 V        ; 0 s                 ; 0 s                 ; 2.62 V                       ; 9.95e-08 V                   ; 2.77 V              ; -0.0486 V           ; 0.285 V                              ; 0.06 V                               ; 2.8e-10 s                   ; 3.04e-10 s                  ; No                         ; Yes                        ; 2.62 V                      ; 9.95e-08 V                  ; 2.77 V             ; -0.0486 V          ; 0.285 V                             ; 0.06 V                              ; 2.8e-10 s                  ; 3.04e-10 s                 ; No                        ; Yes                       ;
; pin_name5        ; 2.5 V        ; 0 s                 ; 0 s                 ; 2.62 V                       ; 9.95e-08 V                   ; 2.78 V              ; -0.0452 V           ; 0.248 V                              ; 0.108 V                              ; 2.67e-10 s                  ; 2.75e-10 s                  ; No                         ; Yes                        ; 2.62 V                      ; 9.95e-08 V                  ; 2.78 V             ; -0.0452 V          ; 0.248 V                             ; 0.108 V                             ; 2.67e-10 s                 ; 2.75e-10 s                 ; No                        ; Yes                       ;
; pin_name6        ; 2.5 V        ; 0 s                 ; 0 s                 ; 2.62 V                       ; 9.94e-08 V                   ; 2.78 V              ; -0.0444 V           ; 0.25 V                               ; 0.107 V                              ; 2.67e-10 s                  ; 2.75e-10 s                  ; No                         ; Yes                        ; 2.62 V                      ; 9.94e-08 V                  ; 2.78 V             ; -0.0444 V          ; 0.25 V                              ; 0.107 V                             ; 2.67e-10 s                 ; 2.75e-10 s                 ; No                        ; Yes                       ;
; REG2_ZERO        ; 2.5 V        ; 0 s                 ; 0 s                 ; 2.62 V                       ; 9.94e-08 V                   ; 2.77 V              ; -0.0485 V           ; 0.289 V                              ; 0.058 V                              ; 2.81e-10 s                  ; 3.04e-10 s                  ; No                         ; Yes                        ; 2.62 V                      ; 9.94e-08 V                  ; 2.77 V             ; -0.0485 V          ; 0.289 V                             ; 0.058 V                             ; 2.81e-10 s                 ; 3.04e-10 s                 ; No                        ; Yes                       ;
; REG2_ONE         ; 2.5 V        ; 0 s                 ; 0 s                 ; 2.62 V                       ; 9.95e-08 V                   ; 2.78 V              ; -0.0452 V           ; 0.248 V                              ; 0.108 V                              ; 2.67e-10 s                  ; 2.75e-10 s                  ; No                         ; Yes                        ; 2.62 V                      ; 9.95e-08 V                  ; 2.78 V             ; -0.0452 V          ; 0.248 V                             ; 0.108 V                             ; 2.67e-10 s                 ; 2.75e-10 s                 ; No                        ; Yes                       ;
; REG1_ZERO        ; 2.5 V        ; 0 s                 ; 0 s                 ; 2.62 V                       ; 9.94e-08 V                   ; 2.78 V              ; -0.0444 V           ; 0.25 V                               ; 0.107 V                              ; 2.67e-10 s                  ; 2.75e-10 s                  ; No                         ; Yes                        ; 2.62 V                      ; 9.94e-08 V                  ; 2.78 V             ; -0.0444 V          ; 0.25 V                              ; 0.107 V                             ; 2.67e-10 s                 ; 2.75e-10 s                 ; No                        ; Yes                       ;
; REG1_ONE         ; 2.5 V        ; 0 s                 ; 0 s                 ; 2.62 V                       ; 9.94e-08 V                   ; 2.77 V              ; -0.0485 V           ; 0.289 V                              ; 0.058 V                              ; 2.81e-10 s                  ; 3.04e-10 s                  ; No                         ; Yes                        ; 2.62 V                      ; 9.94e-08 V                  ; 2.77 V             ; -0.0485 V          ; 0.289 V                             ; 0.058 V                             ; 2.81e-10 s                 ; 3.04e-10 s                 ; No                        ; Yes                       ;
; Negative_Flag    ; 2.5 V        ; 0 s                 ; 0 s                 ; 2.62 V                       ; 9.95e-08 V                   ; 2.77 V              ; -0.0486 V           ; 0.285 V                              ; 0.06 V                               ; 2.8e-10 s                   ; 3.04e-10 s                  ; No                         ; Yes                        ; 2.62 V                      ; 9.95e-08 V                  ; 2.77 V             ; -0.0486 V          ; 0.285 V                             ; 0.06 V                              ; 2.8e-10 s                  ; 3.04e-10 s                 ; No                        ; Yes                       ;
; Zero_Flag        ; 2.5 V        ; 0 s                 ; 0 s                 ; 2.62 V                       ; 9.94e-08 V                   ; 2.78 V              ; -0.0444 V           ; 0.25 V                               ; 0.107 V                              ; 2.67e-10 s                  ; 2.75e-10 s                  ; No                         ; Yes                        ; 2.62 V                      ; 9.94e-08 V                  ; 2.78 V             ; -0.0444 V          ; 0.25 V                              ; 0.107 V                             ; 2.67e-10 s                 ; 2.75e-10 s                 ; No                        ; Yes                       ;
; Carry_Flag       ; 2.5 V        ; 0 s                 ; 0 s                 ; 2.62 V                       ; 9.94e-08 V                   ; 2.77 V              ; -0.0485 V           ; 0.289 V                              ; 0.058 V                              ; 2.81e-10 s                  ; 3.04e-10 s                  ; No                         ; Yes                        ; 2.62 V                      ; 9.94e-08 V                  ; 2.77 V             ; -0.0485 V          ; 0.289 V                             ; 0.058 V                             ; 2.81e-10 s                 ; 3.04e-10 s                 ; No                        ; Yes                       ;
; OverFlow_Flag    ; 2.5 V        ; 0 s                 ; 0 s                 ; 2.62 V                       ; 9.94e-08 V                   ; 2.78 V              ; -0.0444 V           ; 0.25 V                               ; 0.107 V                              ; 2.67e-10 s                  ; 2.75e-10 s                  ; No                         ; Yes                        ; 2.62 V                      ; 9.94e-08 V                  ; 2.78 V             ; -0.0444 V          ; 0.25 V                              ; 0.107 V                             ; 2.67e-10 s                 ; 2.75e-10 s                 ; No                        ; Yes                       ;
; OPCODE0          ; 2.5 V        ; 0 s                 ; 0 s                 ; 2.62 V                       ; 9.95e-08 V                   ; 2.78 V              ; -0.0452 V           ; 0.248 V                              ; 0.108 V                              ; 2.67e-10 s                  ; 2.75e-10 s                  ; No                         ; Yes                        ; 2.62 V                      ; 9.95e-08 V                  ; 2.78 V             ; -0.0452 V          ; 0.248 V                             ; 0.108 V                             ; 2.67e-10 s                 ; 2.75e-10 s                 ; No                        ; Yes                       ;
; OPCODE1          ; 2.5 V        ; 0 s                 ; 0 s                 ; 2.62 V                       ; 9.95e-08 V                   ; 2.78 V              ; -0.0452 V           ; 0.248 V                              ; 0.108 V                              ; 2.67e-10 s                  ; 2.75e-10 s                  ; No                         ; Yes                        ; 2.62 V                      ; 9.95e-08 V                  ; 2.78 V             ; -0.0452 V          ; 0.248 V                             ; 0.108 V                             ; 2.67e-10 s                 ; 2.75e-10 s                 ; No                        ; Yes                       ;
; OPCODE2          ; 2.5 V        ; 0 s                 ; 0 s                 ; 2.62 V                       ; 9.95e-08 V                   ; 2.78 V              ; -0.0452 V           ; 0.248 V                              ; 0.108 V                              ; 2.67e-10 s                  ; 2.75e-10 s                  ; No                         ; Yes                        ; 2.62 V                      ; 9.95e-08 V                  ; 2.78 V             ; -0.0452 V          ; 0.248 V                             ; 0.108 V                             ; 2.67e-10 s                 ; 2.75e-10 s                 ; No                        ; Yes                       ;
; OPCODE3          ; 2.5 V        ; 0 s                 ; 0 s                 ; 2.62 V                       ; 9.94e-08 V                   ; 2.78 V              ; -0.0444 V           ; 0.25 V                               ; 0.107 V                              ; 2.67e-10 s                  ; 2.75e-10 s                  ; No                         ; Yes                        ; 2.62 V                      ; 9.94e-08 V                  ; 2.78 V             ; -0.0444 V          ; 0.25 V                              ; 0.107 V                             ; 2.67e-10 s                 ; 2.75e-10 s                 ; No                        ; Yes                       ;
; IMMEDVAL0        ; 2.5 V        ; 0 s                 ; 0 s                 ; 2.62 V                       ; 9.95e-08 V                   ; 2.78 V              ; -0.0452 V           ; 0.248 V                              ; 0.108 V                              ; 2.67e-10 s                  ; 2.75e-10 s                  ; No                         ; Yes                        ; 2.62 V                      ; 9.95e-08 V                  ; 2.78 V             ; -0.0452 V          ; 0.248 V                             ; 0.108 V                             ; 2.67e-10 s                 ; 2.75e-10 s                 ; No                        ; Yes                       ;
; IMMEDVAL1        ; 2.5 V        ; 0 s                 ; 0 s                 ; 2.62 V                       ; 9.95e-08 V                   ; 2.78 V              ; -0.0452 V           ; 0.248 V                              ; 0.108 V                              ; 2.67e-10 s                  ; 2.75e-10 s                  ; No                         ; Yes                        ; 2.62 V                      ; 9.95e-08 V                  ; 2.78 V             ; -0.0452 V          ; 0.248 V                             ; 0.108 V                             ; 2.67e-10 s                 ; 2.75e-10 s                 ; No                        ; Yes                       ;
; IMMEDVAL2        ; 2.5 V        ; 0 s                 ; 0 s                 ; 2.62 V                       ; 9.95e-08 V                   ; 2.78 V              ; -0.0452 V           ; 0.248 V                              ; 0.108 V                              ; 2.67e-10 s                  ; 2.75e-10 s                  ; No                         ; Yes                        ; 2.62 V                      ; 9.95e-08 V                  ; 2.78 V             ; -0.0452 V          ; 0.248 V                             ; 0.108 V                             ; 2.67e-10 s                 ; 2.75e-10 s                 ; No                        ; Yes                       ;
; IMMEDVAL3        ; 2.5 V        ; 0 s                 ; 0 s                 ; 2.62 V                       ; 9.95e-08 V                   ; 2.77 V              ; -0.0486 V           ; 0.285 V                              ; 0.06 V                               ; 2.8e-10 s                   ; 3.04e-10 s                  ; No                         ; Yes                        ; 2.62 V                      ; 9.95e-08 V                  ; 2.77 V             ; -0.0486 V          ; 0.285 V                             ; 0.06 V                              ; 2.8e-10 s                  ; 3.04e-10 s                 ; No                        ; Yes                       ;
; IMMEDVAL4        ; 2.5 V        ; 0 s                 ; 0 s                 ; 2.62 V                       ; 9.95e-08 V                   ; 2.77 V              ; -0.0486 V           ; 0.285 V                              ; 0.06 V                               ; 2.8e-10 s                   ; 3.04e-10 s                  ; No                         ; Yes                        ; 2.62 V                      ; 9.95e-08 V                  ; 2.77 V             ; -0.0486 V          ; 0.285 V                             ; 0.06 V                              ; 2.8e-10 s                  ; 3.04e-10 s                 ; No                        ; Yes                       ;
; IMMEDVAL5        ; 2.5 V        ; 0 s                 ; 0 s                 ; 2.62 V                       ; 9.94e-08 V                   ; 2.78 V              ; -0.0444 V           ; 0.25 V                               ; 0.107 V                              ; 2.67e-10 s                  ; 2.75e-10 s                  ; No                         ; Yes                        ; 2.62 V                      ; 9.94e-08 V                  ; 2.78 V             ; -0.0444 V          ; 0.25 V                              ; 0.107 V                             ; 2.67e-10 s                 ; 2.75e-10 s                 ; No                        ; Yes                       ;
; IMMEDVAL6        ; 2.5 V        ; 0 s                 ; 0 s                 ; 2.62 V                       ; 9.94e-08 V                   ; 2.77 V              ; -0.0485 V           ; 0.289 V                              ; 0.058 V                              ; 2.81e-10 s                  ; 3.04e-10 s                  ; No                         ; Yes                        ; 2.62 V                      ; 9.94e-08 V                  ; 2.77 V             ; -0.0485 V          ; 0.289 V                             ; 0.058 V                             ; 2.81e-10 s                 ; 3.04e-10 s                 ; No                        ; Yes                       ;
; IMMEDVAL7        ; 2.5 V        ; 0 s                 ; 0 s                 ; 2.62 V                       ; 9.94e-08 V                   ; 2.77 V              ; -0.0485 V           ; 0.289 V                              ; 0.058 V                              ; 2.81e-10 s                  ; 3.04e-10 s                  ; No                         ; Yes                        ; 2.62 V                      ; 9.94e-08 V                  ; 2.77 V             ; -0.0485 V          ; 0.289 V                             ; 0.058 V                             ; 2.81e-10 s                 ; 3.04e-10 s                 ; No                        ; Yes                       ;
; Seven_SegOut0[0] ; 2.5 V        ; 0 s                 ; 0 s                 ; 2.62 V                       ; 9.94e-08 V                   ; 2.77 V              ; -0.0485 V           ; 0.289 V                              ; 0.058 V                              ; 2.81e-10 s                  ; 3.04e-10 s                  ; No                         ; Yes                        ; 2.62 V                      ; 9.94e-08 V                  ; 2.77 V             ; -0.0485 V          ; 0.289 V                             ; 0.058 V                             ; 2.81e-10 s                 ; 3.04e-10 s                 ; No                        ; Yes                       ;
; Seven_SegOut0[1] ; 2.5 V        ; 0 s                 ; 0 s                 ; 2.62 V                       ; 9.95e-08 V                   ; 2.78 V              ; -0.0452 V           ; 0.248 V                              ; 0.108 V                              ; 2.67e-10 s                  ; 2.75e-10 s                  ; No                         ; Yes                        ; 2.62 V                      ; 9.95e-08 V                  ; 2.78 V             ; -0.0452 V          ; 0.248 V                             ; 0.108 V                             ; 2.67e-10 s                 ; 2.75e-10 s                 ; No                        ; Yes                       ;
; Seven_SegOut0[2] ; 2.5 V        ; 0 s                 ; 0 s                 ; 2.62 V                       ; 9.95e-08 V                   ; 2.78 V              ; -0.0452 V           ; 0.248 V                              ; 0.108 V                              ; 2.67e-10 s                  ; 2.75e-10 s                  ; No                         ; Yes                        ; 2.62 V                      ; 9.95e-08 V                  ; 2.78 V             ; -0.0452 V          ; 0.248 V                             ; 0.108 V                             ; 2.67e-10 s                 ; 2.75e-10 s                 ; No                        ; Yes                       ;
; Seven_SegOut0[3] ; 2.5 V        ; 0 s                 ; 0 s                 ; 2.62 V                       ; 9.95e-08 V                   ; 2.78 V              ; -0.0452 V           ; 0.248 V                              ; 0.108 V                              ; 2.67e-10 s                  ; 2.75e-10 s                  ; No                         ; Yes                        ; 2.62 V                      ; 9.95e-08 V                  ; 2.78 V             ; -0.0452 V          ; 0.248 V                             ; 0.108 V                             ; 2.67e-10 s                 ; 2.75e-10 s                 ; No                        ; Yes                       ;
; Seven_SegOut0[4] ; 2.5 V        ; 0 s                 ; 0 s                 ; 2.62 V                       ; 9.95e-08 V                   ; 2.78 V              ; -0.0452 V           ; 0.248 V                              ; 0.108 V                              ; 2.67e-10 s                  ; 2.75e-10 s                  ; No                         ; Yes                        ; 2.62 V                      ; 9.95e-08 V                  ; 2.78 V             ; -0.0452 V          ; 0.248 V                             ; 0.108 V                             ; 2.67e-10 s                 ; 2.75e-10 s                 ; No                        ; Yes                       ;
; Seven_SegOut0[5] ; 2.5 V        ; 0 s                 ; 0 s                 ; 2.62 V                       ; 9.94e-08 V                   ; 2.78 V              ; -0.0444 V           ; 0.25 V                               ; 0.107 V                              ; 2.67e-10 s                  ; 2.75e-10 s                  ; No                         ; Yes                        ; 2.62 V                      ; 9.94e-08 V                  ; 2.78 V             ; -0.0444 V          ; 0.25 V                              ; 0.107 V                             ; 2.67e-10 s                 ; 2.75e-10 s                 ; No                        ; Yes                       ;
; Seven_SegOut0[6] ; 2.5 V        ; 0 s                 ; 0 s                 ; 2.62 V                       ; 9.94e-08 V                   ; 2.78 V              ; -0.0444 V           ; 0.25 V                               ; 0.107 V                              ; 2.67e-10 s                  ; 2.75e-10 s                  ; No                         ; Yes                        ; 2.62 V                      ; 9.94e-08 V                  ; 2.78 V             ; -0.0444 V          ; 0.25 V                              ; 0.107 V                             ; 2.67e-10 s                 ; 2.75e-10 s                 ; No                        ; Yes                       ;
; Seven_SegOut1[0] ; 2.5 V        ; 0 s                 ; 0 s                 ; 2.62 V                       ; 9.94e-08 V                   ; 2.78 V              ; -0.0444 V           ; 0.25 V                               ; 0.107 V                              ; 2.67e-10 s                  ; 2.75e-10 s                  ; No                         ; Yes                        ; 2.62 V                      ; 9.94e-08 V                  ; 2.78 V             ; -0.0444 V          ; 0.25 V                              ; 0.107 V                             ; 2.67e-10 s                 ; 2.75e-10 s                 ; No                        ; Yes                       ;
; Seven_SegOut1[1] ; 2.5 V        ; 0 s                 ; 0 s                 ; 2.62 V                       ; 9.95e-08 V                   ; 2.78 V              ; -0.0452 V           ; 0.248 V                              ; 0.108 V                              ; 2.67e-10 s                  ; 2.75e-10 s                  ; No                         ; Yes                        ; 2.62 V                      ; 9.95e-08 V                  ; 2.78 V             ; -0.0452 V          ; 0.248 V                             ; 0.108 V                             ; 2.67e-10 s                 ; 2.75e-10 s                 ; No                        ; Yes                       ;
; Seven_SegOut1[2] ; 2.5 V        ; 0 s                 ; 0 s                 ; 2.62 V                       ; 9.94e-08 V                   ; 2.78 V              ; -0.0444 V           ; 0.25 V                               ; 0.107 V                              ; 2.67e-10 s                  ; 2.75e-10 s                  ; No                         ; Yes                        ; 2.62 V                      ; 9.94e-08 V                  ; 2.78 V             ; -0.0444 V          ; 0.25 V                              ; 0.107 V                             ; 2.67e-10 s                 ; 2.75e-10 s                 ; No                        ; Yes                       ;
; Seven_SegOut1[3] ; 2.5 V        ; 0 s                 ; 0 s                 ; 2.62 V                       ; 9.95e-08 V                   ; 2.78 V              ; -0.0452 V           ; 0.248 V                              ; 0.108 V                              ; 2.67e-10 s                  ; 2.75e-10 s                  ; No                         ; Yes                        ; 2.62 V                      ; 9.95e-08 V                  ; 2.78 V             ; -0.0452 V          ; 0.248 V                             ; 0.108 V                             ; 2.67e-10 s                 ; 2.75e-10 s                 ; No                        ; Yes                       ;
; Seven_SegOut1[4] ; 2.5 V        ; 0 s                 ; 0 s                 ; 2.62 V                       ; 9.95e-08 V                   ; 2.78 V              ; -0.0452 V           ; 0.248 V                              ; 0.108 V                              ; 2.67e-10 s                  ; 2.75e-10 s                  ; No                         ; Yes                        ; 2.62 V                      ; 9.95e-08 V                  ; 2.78 V             ; -0.0452 V          ; 0.248 V                             ; 0.108 V                             ; 2.67e-10 s                 ; 2.75e-10 s                 ; No                        ; Yes                       ;
; Seven_SegOut1[5] ; 2.5 V        ; 0 s                 ; 0 s                 ; 2.62 V                       ; 9.95e-08 V                   ; 2.78 V              ; -0.0452 V           ; 0.248 V                              ; 0.108 V                              ; 2.67e-10 s                  ; 2.75e-10 s                  ; No                         ; Yes                        ; 2.62 V                      ; 9.95e-08 V                  ; 2.78 V             ; -0.0452 V          ; 0.248 V                             ; 0.108 V                             ; 2.67e-10 s                 ; 2.75e-10 s                 ; No                        ; Yes                       ;
; Seven_SegOut1[6] ; 2.5 V        ; 0 s                 ; 0 s                 ; 2.62 V                       ; 9.95e-08 V                   ; 2.78 V              ; -0.0452 V           ; 0.248 V                              ; 0.108 V                              ; 2.67e-10 s                  ; 2.75e-10 s                  ; No                         ; Yes                        ; 2.62 V                      ; 9.95e-08 V                  ; 2.78 V             ; -0.0452 V          ; 0.248 V                             ; 0.108 V                             ; 2.67e-10 s                 ; 2.75e-10 s                 ; No                        ; Yes                       ;
; Seven_SegOut2[0] ; 2.5 V        ; 0 s                 ; 0 s                 ; 2.62 V                       ; 9.94e-08 V                   ; 2.78 V              ; -0.0444 V           ; 0.25 V                               ; 0.107 V                              ; 2.67e-10 s                  ; 2.75e-10 s                  ; No                         ; Yes                        ; 2.62 V                      ; 9.94e-08 V                  ; 2.78 V             ; -0.0444 V          ; 0.25 V                              ; 0.107 V                             ; 2.67e-10 s                 ; 2.75e-10 s                 ; No                        ; Yes                       ;
; Seven_SegOut2[1] ; 2.5 V        ; 0 s                 ; 0 s                 ; 2.62 V                       ; 9.94e-08 V                   ; 2.78 V              ; -0.0444 V           ; 0.25 V                               ; 0.107 V                              ; 2.67e-10 s                  ; 2.75e-10 s                  ; No                         ; Yes                        ; 2.62 V                      ; 9.94e-08 V                  ; 2.78 V             ; -0.0444 V          ; 0.25 V                              ; 0.107 V                             ; 2.67e-10 s                 ; 2.75e-10 s                 ; No                        ; Yes                       ;
; Seven_SegOut2[2] ; 2.5 V        ; 0 s                 ; 0 s                 ; 2.62 V                       ; 9.95e-08 V                   ; 2.78 V              ; -0.0452 V           ; 0.248 V                              ; 0.108 V                              ; 2.67e-10 s                  ; 2.75e-10 s                  ; No                         ; Yes                        ; 2.62 V                      ; 9.95e-08 V                  ; 2.78 V             ; -0.0452 V          ; 0.248 V                             ; 0.108 V                             ; 2.67e-10 s                 ; 2.75e-10 s                 ; No                        ; Yes                       ;
; Seven_SegOut2[3] ; 2.5 V        ; 0 s                 ; 0 s                 ; 2.62 V                       ; 9.94e-08 V                   ; 2.78 V              ; -0.0444 V           ; 0.25 V                               ; 0.107 V                              ; 2.67e-10 s                  ; 2.75e-10 s                  ; No                         ; Yes                        ; 2.62 V                      ; 9.94e-08 V                  ; 2.78 V             ; -0.0444 V          ; 0.25 V                              ; 0.107 V                             ; 2.67e-10 s                 ; 2.75e-10 s                 ; No                        ; Yes                       ;
; Seven_SegOut2[4] ; 2.5 V        ; 0 s                 ; 0 s                 ; 2.62 V                       ; 9.95e-08 V                   ; 2.78 V              ; -0.0452 V           ; 0.248 V                              ; 0.108 V                              ; 2.67e-10 s                  ; 2.75e-10 s                  ; No                         ; Yes                        ; 2.62 V                      ; 9.95e-08 V                  ; 2.78 V             ; -0.0452 V          ; 0.248 V                             ; 0.108 V                             ; 2.67e-10 s                 ; 2.75e-10 s                 ; No                        ; Yes                       ;
; Seven_SegOut2[5] ; 2.5 V        ; 0 s                 ; 0 s                 ; 2.62 V                       ; 9.94e-08 V                   ; 2.78 V              ; -0.0444 V           ; 0.25 V                               ; 0.107 V                              ; 2.67e-10 s                  ; 2.75e-10 s                  ; No                         ; Yes                        ; 2.62 V                      ; 9.94e-08 V                  ; 2.78 V             ; -0.0444 V          ; 0.25 V                              ; 0.107 V                             ; 2.67e-10 s                 ; 2.75e-10 s                 ; No                        ; Yes                       ;
; Seven_SegOut2[6] ; 2.5 V        ; 0 s                 ; 0 s                 ; 2.62 V                       ; 9.94e-08 V                   ; 2.78 V              ; -0.0444 V           ; 0.25 V                               ; 0.107 V                              ; 2.67e-10 s                  ; 2.75e-10 s                  ; No                         ; Yes                        ; 2.62 V                      ; 9.94e-08 V                  ; 2.78 V             ; -0.0444 V          ; 0.25 V                              ; 0.107 V                             ; 2.67e-10 s                 ; 2.75e-10 s                 ; No                        ; Yes                       ;
; Seven_SegOut3[0] ; 2.5 V        ; 0 s                 ; 0 s                 ; 2.62 V                       ; 9.95e-08 V                   ; 2.77 V              ; -0.0486 V           ; 0.285 V                              ; 0.06 V                               ; 2.8e-10 s                   ; 3.04e-10 s                  ; No                         ; Yes                        ; 2.62 V                      ; 9.95e-08 V                  ; 2.77 V             ; -0.0486 V          ; 0.285 V                             ; 0.06 V                              ; 2.8e-10 s                  ; 3.04e-10 s                 ; No                        ; Yes                       ;
; Seven_SegOut3[1] ; 2.5 V        ; 0 s                 ; 0 s                 ; 2.62 V                       ; 9.95e-08 V                   ; 2.78 V              ; -0.0452 V           ; 0.248 V                              ; 0.108 V                              ; 2.67e-10 s                  ; 2.75e-10 s                  ; No                         ; Yes                        ; 2.62 V                      ; 9.95e-08 V                  ; 2.78 V             ; -0.0452 V          ; 0.248 V                             ; 0.108 V                             ; 2.67e-10 s                 ; 2.75e-10 s                 ; No                        ; Yes                       ;
; Seven_SegOut3[2] ; 2.5 V        ; 0 s                 ; 0 s                 ; 2.62 V                       ; 9.94e-08 V                   ; 2.78 V              ; -0.0444 V           ; 0.25 V                               ; 0.107 V                              ; 2.67e-10 s                  ; 2.75e-10 s                  ; No                         ; Yes                        ; 2.62 V                      ; 9.94e-08 V                  ; 2.78 V             ; -0.0444 V          ; 0.25 V                              ; 0.107 V                             ; 2.67e-10 s                 ; 2.75e-10 s                 ; No                        ; Yes                       ;
; Seven_SegOut3[3] ; 2.5 V        ; 0 s                 ; 0 s                 ; 2.62 V                       ; 9.95e-08 V                   ; 2.78 V              ; -0.0452 V           ; 0.248 V                              ; 0.108 V                              ; 2.67e-10 s                  ; 2.75e-10 s                  ; No                         ; Yes                        ; 2.62 V                      ; 9.95e-08 V                  ; 2.78 V             ; -0.0452 V          ; 0.248 V                             ; 0.108 V                             ; 2.67e-10 s                 ; 2.75e-10 s                 ; No                        ; Yes                       ;
; Seven_SegOut3[4] ; 2.5 V        ; 0 s                 ; 0 s                 ; 2.62 V                       ; 9.95e-08 V                   ; 2.78 V              ; -0.0452 V           ; 0.248 V                              ; 0.108 V                              ; 2.67e-10 s                  ; 2.75e-10 s                  ; No                         ; Yes                        ; 2.62 V                      ; 9.95e-08 V                  ; 2.78 V             ; -0.0452 V          ; 0.248 V                             ; 0.108 V                             ; 2.67e-10 s                 ; 2.75e-10 s                 ; No                        ; Yes                       ;
; Seven_SegOut3[5] ; 2.5 V        ; 0 s                 ; 0 s                 ; 2.62 V                       ; 9.95e-08 V                   ; 2.77 V              ; -0.0486 V           ; 0.285 V                              ; 0.06 V                               ; 2.8e-10 s                   ; 3.04e-10 s                  ; No                         ; Yes                        ; 2.62 V                      ; 9.95e-08 V                  ; 2.77 V             ; -0.0486 V          ; 0.285 V                             ; 0.06 V                              ; 2.8e-10 s                  ; 3.04e-10 s                 ; No                        ; Yes                       ;
; Seven_SegOut3[6] ; 2.5 V        ; 0 s                 ; 0 s                 ; 2.62 V                       ; 9.94e-08 V                   ; 2.78 V              ; -0.0444 V           ; 0.25 V                               ; 0.107 V                              ; 2.67e-10 s                  ; 2.75e-10 s                  ; No                         ; Yes                        ; 2.62 V                      ; 9.94e-08 V                  ; 2.78 V             ; -0.0444 V          ; 0.25 V                              ; 0.107 V                             ; 2.67e-10 s                 ; 2.75e-10 s                 ; No                        ; Yes                       ;
; Seven_SegOut4[0] ; 2.5 V        ; 0 s                 ; 0 s                 ; 2.62 V                       ; 9.95e-08 V                   ; 2.78 V              ; -0.0452 V           ; 0.248 V                              ; 0.108 V                              ; 2.67e-10 s                  ; 2.75e-10 s                  ; No                         ; Yes                        ; 2.62 V                      ; 9.95e-08 V                  ; 2.78 V             ; -0.0452 V          ; 0.248 V                             ; 0.108 V                             ; 2.67e-10 s                 ; 2.75e-10 s                 ; No                        ; Yes                       ;
; Seven_SegOut4[1] ; 2.5 V        ; 0 s                 ; 0 s                 ; 2.62 V                       ; 9.94e-08 V                   ; 2.78 V              ; -0.0444 V           ; 0.25 V                               ; 0.107 V                              ; 2.67e-10 s                  ; 2.75e-10 s                  ; No                         ; Yes                        ; 2.62 V                      ; 9.94e-08 V                  ; 2.78 V             ; -0.0444 V          ; 0.25 V                              ; 0.107 V                             ; 2.67e-10 s                 ; 2.75e-10 s                 ; No                        ; Yes                       ;
; Seven_SegOut4[2] ; 2.5 V        ; 0 s                 ; 0 s                 ; 2.62 V                       ; 9.95e-08 V                   ; 2.78 V              ; -0.0452 V           ; 0.248 V                              ; 0.108 V                              ; 2.67e-10 s                  ; 2.75e-10 s                  ; No                         ; Yes                        ; 2.62 V                      ; 9.95e-08 V                  ; 2.78 V             ; -0.0452 V          ; 0.248 V                             ; 0.108 V                             ; 2.67e-10 s                 ; 2.75e-10 s                 ; No                        ; Yes                       ;
; Seven_SegOut4[3] ; 2.5 V        ; 0 s                 ; 0 s                 ; 2.62 V                       ; 9.94e-08 V                   ; 2.78 V              ; -0.0444 V           ; 0.25 V                               ; 0.107 V                              ; 2.67e-10 s                  ; 2.75e-10 s                  ; No                         ; Yes                        ; 2.62 V                      ; 9.94e-08 V                  ; 2.78 V             ; -0.0444 V          ; 0.25 V                              ; 0.107 V                             ; 2.67e-10 s                 ; 2.75e-10 s                 ; No                        ; Yes                       ;
; Seven_SegOut4[4] ; 2.5 V        ; 0 s                 ; 0 s                 ; 2.62 V                       ; 9.94e-08 V                   ; 2.78 V              ; -0.0444 V           ; 0.25 V                               ; 0.107 V                              ; 2.67e-10 s                  ; 2.75e-10 s                  ; No                         ; Yes                        ; 2.62 V                      ; 9.94e-08 V                  ; 2.78 V             ; -0.0444 V          ; 0.25 V                              ; 0.107 V                             ; 2.67e-10 s                 ; 2.75e-10 s                 ; No                        ; Yes                       ;
; Seven_SegOut4[5] ; 2.5 V        ; 0 s                 ; 0 s                 ; 2.62 V                       ; 9.95e-08 V                   ; 2.64 V              ; -0.00888 V          ; 0.249 V                              ; 0.203 V                              ; 3.12e-09 s                  ; 3.02e-09 s                  ; No                         ; Yes                        ; 2.62 V                      ; 9.95e-08 V                  ; 2.64 V             ; -0.00888 V         ; 0.249 V                             ; 0.203 V                             ; 3.12e-09 s                 ; 3.02e-09 s                 ; No                        ; Yes                       ;
; Seven_SegOut4[6] ; 2.5 V        ; 0 s                 ; 0 s                 ; 2.62 V                       ; 9.94e-08 V                   ; 2.78 V              ; -0.0444 V           ; 0.25 V                               ; 0.107 V                              ; 2.67e-10 s                  ; 2.75e-10 s                  ; No                         ; Yes                        ; 2.62 V                      ; 9.94e-08 V                  ; 2.78 V             ; -0.0444 V          ; 0.25 V                              ; 0.107 V                             ; 2.67e-10 s                 ; 2.75e-10 s                 ; No                        ; Yes                       ;
; Seven_SegOut5[0] ; 2.5 V        ; 0 s                 ; 0 s                 ; 2.62 V                       ; 9.94e-08 V                   ; 2.78 V              ; -0.0444 V           ; 0.25 V                               ; 0.107 V                              ; 2.67e-10 s                  ; 2.75e-10 s                  ; No                         ; Yes                        ; 2.62 V                      ; 9.94e-08 V                  ; 2.78 V             ; -0.0444 V          ; 0.25 V                              ; 0.107 V                             ; 2.67e-10 s                 ; 2.75e-10 s                 ; No                        ; Yes                       ;
; Seven_SegOut5[1] ; 2.5 V        ; 0 s                 ; 0 s                 ; 2.62 V                       ; 9.95e-08 V                   ; 2.78 V              ; -0.0452 V           ; 0.248 V                              ; 0.108 V                              ; 2.67e-10 s                  ; 2.75e-10 s                  ; No                         ; Yes                        ; 2.62 V                      ; 9.95e-08 V                  ; 2.78 V             ; -0.0452 V          ; 0.248 V                             ; 0.108 V                             ; 2.67e-10 s                 ; 2.75e-10 s                 ; No                        ; Yes                       ;
; Seven_SegOut5[2] ; 2.5 V        ; 0 s                 ; 0 s                 ; 2.62 V                       ; 9.94e-08 V                   ; 2.78 V              ; -0.0444 V           ; 0.25 V                               ; 0.107 V                              ; 2.67e-10 s                  ; 2.75e-10 s                  ; No                         ; Yes                        ; 2.62 V                      ; 9.94e-08 V                  ; 2.78 V             ; -0.0444 V          ; 0.25 V                              ; 0.107 V                             ; 2.67e-10 s                 ; 2.75e-10 s                 ; No                        ; Yes                       ;
; Seven_SegOut5[3] ; 2.5 V        ; 0 s                 ; 0 s                 ; 2.62 V                       ; 9.94e-08 V                   ; 2.78 V              ; -0.0444 V           ; 0.25 V                               ; 0.107 V                              ; 2.67e-10 s                  ; 2.75e-10 s                  ; No                         ; Yes                        ; 2.62 V                      ; 9.94e-08 V                  ; 2.78 V             ; -0.0444 V          ; 0.25 V                              ; 0.107 V                             ; 2.67e-10 s                 ; 2.75e-10 s                 ; No                        ; Yes                       ;
; Seven_SegOut5[4] ; 2.5 V        ; 0 s                 ; 0 s                 ; 2.62 V                       ; 9.95e-08 V                   ; 2.78 V              ; -0.0452 V           ; 0.248 V                              ; 0.108 V                              ; 2.67e-10 s                  ; 2.75e-10 s                  ; No                         ; Yes                        ; 2.62 V                      ; 9.95e-08 V                  ; 2.78 V             ; -0.0452 V          ; 0.248 V                             ; 0.108 V                             ; 2.67e-10 s                 ; 2.75e-10 s                 ; No                        ; Yes                       ;
; Seven_SegOut5[5] ; 2.5 V        ; 0 s                 ; 0 s                 ; 2.62 V                       ; 9.94e-08 V                   ; 2.78 V              ; -0.0444 V           ; 0.25 V                               ; 0.107 V                              ; 2.67e-10 s                  ; 2.75e-10 s                  ; No                         ; Yes                        ; 2.62 V                      ; 9.94e-08 V                  ; 2.78 V             ; -0.0444 V          ; 0.25 V                              ; 0.107 V                             ; 2.67e-10 s                 ; 2.75e-10 s                 ; No                        ; Yes                       ;
; Seven_SegOut5[6] ; 2.5 V        ; 0 s                 ; 0 s                 ; 2.62 V                       ; 9.95e-08 V                   ; 2.78 V              ; -0.0452 V           ; 0.248 V                              ; 0.108 V                              ; 2.67e-10 s                  ; 2.75e-10 s                  ; No                         ; Yes                        ; 2.62 V                      ; 9.95e-08 V                  ; 2.78 V             ; -0.0452 V          ; 0.248 V                             ; 0.108 V                             ; 2.67e-10 s                 ; 2.75e-10 s                 ; No                        ; Yes                       ;
; Seven_SegOut6[0] ; 2.5 V        ; 0 s                 ; 0 s                 ; 2.62 V                       ; 9.95e-08 V                   ; 2.78 V              ; -0.0452 V           ; 0.248 V                              ; 0.108 V                              ; 2.67e-10 s                  ; 2.75e-10 s                  ; No                         ; Yes                        ; 2.62 V                      ; 9.95e-08 V                  ; 2.78 V             ; -0.0452 V          ; 0.248 V                             ; 0.108 V                             ; 2.67e-10 s                 ; 2.75e-10 s                 ; No                        ; Yes                       ;
; Seven_SegOut6[1] ; 2.5 V        ; 0 s                 ; 0 s                 ; 2.62 V                       ; 9.94e-08 V                   ; 2.77 V              ; -0.0485 V           ; 0.289 V                              ; 0.058 V                              ; 2.81e-10 s                  ; 3.04e-10 s                  ; No                         ; Yes                        ; 2.62 V                      ; 9.94e-08 V                  ; 2.77 V             ; -0.0485 V          ; 0.289 V                             ; 0.058 V                             ; 2.81e-10 s                 ; 3.04e-10 s                 ; No                        ; Yes                       ;
; Seven_SegOut6[2] ; 2.5 V        ; 0 s                 ; 0 s                 ; 2.62 V                       ; 9.94e-08 V                   ; 2.78 V              ; -0.0444 V           ; 0.25 V                               ; 0.107 V                              ; 2.67e-10 s                  ; 2.75e-10 s                  ; No                         ; Yes                        ; 2.62 V                      ; 9.94e-08 V                  ; 2.78 V             ; -0.0444 V          ; 0.25 V                              ; 0.107 V                             ; 2.67e-10 s                 ; 2.75e-10 s                 ; No                        ; Yes                       ;
; Seven_SegOut6[3] ; 2.5 V        ; 0 s                 ; 0 s                 ; 2.62 V                       ; 9.94e-08 V                   ; 2.78 V              ; -0.0444 V           ; 0.25 V                               ; 0.107 V                              ; 2.67e-10 s                  ; 2.75e-10 s                  ; No                         ; Yes                        ; 2.62 V                      ; 9.94e-08 V                  ; 2.78 V             ; -0.0444 V          ; 0.25 V                              ; 0.107 V                             ; 2.67e-10 s                 ; 2.75e-10 s                 ; No                        ; Yes                       ;
; Seven_SegOut6[4] ; 2.5 V        ; 0 s                 ; 0 s                 ; 2.62 V                       ; 9.94e-08 V                   ; 2.78 V              ; -0.0444 V           ; 0.25 V                               ; 0.107 V                              ; 2.67e-10 s                  ; 2.75e-10 s                  ; No                         ; Yes                        ; 2.62 V                      ; 9.94e-08 V                  ; 2.78 V             ; -0.0444 V          ; 0.25 V                              ; 0.107 V                             ; 2.67e-10 s                 ; 2.75e-10 s                 ; No                        ; Yes                       ;
; Seven_SegOut6[5] ; 2.5 V        ; 0 s                 ; 0 s                 ; 2.62 V                       ; 9.94e-08 V                   ; 2.77 V              ; -0.0485 V           ; 0.289 V                              ; 0.058 V                              ; 2.81e-10 s                  ; 3.04e-10 s                  ; No                         ; Yes                        ; 2.62 V                      ; 9.94e-08 V                  ; 2.77 V             ; -0.0485 V          ; 0.289 V                             ; 0.058 V                             ; 2.81e-10 s                 ; 3.04e-10 s                 ; No                        ; Yes                       ;
; Seven_SegOut6[6] ; 2.5 V        ; 0 s                 ; 0 s                 ; 2.62 V                       ; 9.94e-08 V                   ; 2.77 V              ; -0.0485 V           ; 0.289 V                              ; 0.058 V                              ; 2.81e-10 s                  ; 3.04e-10 s                  ; No                         ; Yes                        ; 2.62 V                      ; 9.94e-08 V                  ; 2.77 V             ; -0.0485 V          ; 0.289 V                             ; 0.058 V                             ; 2.81e-10 s                 ; 3.04e-10 s                 ; No                        ; Yes                       ;
; Seven_SegOut7[0] ; 2.5 V        ; 0 s                 ; 0 s                 ; 2.62 V                       ; 9.94e-08 V                   ; 2.78 V              ; -0.0444 V           ; 0.25 V                               ; 0.107 V                              ; 2.67e-10 s                  ; 2.75e-10 s                  ; No                         ; Yes                        ; 2.62 V                      ; 9.94e-08 V                  ; 2.78 V             ; -0.0444 V          ; 0.25 V                              ; 0.107 V                             ; 2.67e-10 s                 ; 2.75e-10 s                 ; No                        ; Yes                       ;
; Seven_SegOut7[1] ; 2.5 V        ; 0 s                 ; 0 s                 ; 2.62 V                       ; 9.94e-08 V                   ; 2.78 V              ; -0.0444 V           ; 0.25 V                               ; 0.107 V                              ; 2.67e-10 s                  ; 2.75e-10 s                  ; No                         ; Yes                        ; 2.62 V                      ; 9.94e-08 V                  ; 2.78 V             ; -0.0444 V          ; 0.25 V                              ; 0.107 V                             ; 2.67e-10 s                 ; 2.75e-10 s                 ; No                        ; Yes                       ;
; Seven_SegOut7[2] ; 2.5 V        ; 0 s                 ; 0 s                 ; 2.62 V                       ; 9.94e-08 V                   ; 2.78 V              ; -0.0444 V           ; 0.25 V                               ; 0.107 V                              ; 2.67e-10 s                  ; 2.75e-10 s                  ; No                         ; Yes                        ; 2.62 V                      ; 9.94e-08 V                  ; 2.78 V             ; -0.0444 V          ; 0.25 V                              ; 0.107 V                             ; 2.67e-10 s                 ; 2.75e-10 s                 ; No                        ; Yes                       ;
; Seven_SegOut7[3] ; 2.5 V        ; 0 s                 ; 0 s                 ; 2.62 V                       ; 9.95e-08 V                   ; 2.78 V              ; -0.0452 V           ; 0.248 V                              ; 0.108 V                              ; 2.67e-10 s                  ; 2.75e-10 s                  ; No                         ; Yes                        ; 2.62 V                      ; 9.95e-08 V                  ; 2.78 V             ; -0.0452 V          ; 0.248 V                             ; 0.108 V                             ; 2.67e-10 s                 ; 2.75e-10 s                 ; No                        ; Yes                       ;
; Seven_SegOut7[4] ; 2.5 V        ; 0 s                 ; 0 s                 ; 2.62 V                       ; 9.94e-08 V                   ; 2.78 V              ; -0.0444 V           ; 0.25 V                               ; 0.107 V                              ; 2.67e-10 s                  ; 2.75e-10 s                  ; No                         ; Yes                        ; 2.62 V                      ; 9.94e-08 V                  ; 2.78 V             ; -0.0444 V          ; 0.25 V                              ; 0.107 V                             ; 2.67e-10 s                 ; 2.75e-10 s                 ; No                        ; Yes                       ;
; Seven_SegOut7[5] ; 2.5 V        ; 0 s                 ; 0 s                 ; 2.62 V                       ; 9.95e-08 V                   ; 2.78 V              ; -0.0452 V           ; 0.248 V                              ; 0.108 V                              ; 2.67e-10 s                  ; 2.75e-10 s                  ; No                         ; Yes                        ; 2.62 V                      ; 9.95e-08 V                  ; 2.78 V             ; -0.0452 V          ; 0.248 V                             ; 0.108 V                             ; 2.67e-10 s                 ; 2.75e-10 s                 ; No                        ; Yes                       ;
; Seven_SegOut7[6] ; 2.5 V        ; 0 s                 ; 0 s                 ; 2.62 V                       ; 9.94e-08 V                   ; 2.78 V              ; -0.0444 V           ; 0.25 V                               ; 0.107 V                              ; 2.67e-10 s                  ; 2.75e-10 s                  ; No                         ; Yes                        ; 2.62 V                      ; 9.94e-08 V                  ; 2.78 V             ; -0.0444 V          ; 0.25 V                              ; 0.107 V                             ; 2.67e-10 s                 ; 2.75e-10 s                 ; No                        ; Yes                       ;
; ~ALTERA_TDO~     ; 2.5 V        ; 0 s                 ; 0 s                 ; 2.62 V                       ; 1.68e-07 V                   ; 2.73 V              ; -0.0395 V           ; 0.361 V                              ; 0.109 V                              ; 3.1e-10 s                   ; 4.41e-10 s                  ; No                         ; Yes                        ; 2.62 V                      ; 1.68e-07 V                  ; 2.73 V             ; -0.0395 V          ; 0.361 V                             ; 0.109 V                             ; 3.1e-10 s                  ; 4.41e-10 s                 ; No                        ; Yes                       ;
+------------------+--------------+---------------------+---------------------+------------------------------+------------------------------+---------------------+---------------------+--------------------------------------+--------------------------------------+-----------------------------+-----------------------------+----------------------------+----------------------------+-----------------------------+-----------------------------+--------------------+--------------------+-------------------------------------+-------------------------------------+----------------------------+----------------------------+---------------------------+---------------------------+


+-----------------------------------------------------------------------------------------------------------------------------------------------------------------------------------+
; Setup Transfers                                                                                                                                                                   ;
+------------------------------------------------------------------------+--------------------------------------------------------------+----------+----------+----------+----------+
; From Clock                                                             ; To Clock                                                     ; RR Paths ; FR Paths ; RF Paths ; FF Paths ;
+------------------------------------------------------------------------+--------------------------------------------------------------+----------+----------+----------+----------+
; Board_Clock                                                            ; Board_Clock                                                  ; 44       ; 0        ; 0        ; 0        ;
; Clock_dividers:b2v_inst4|Clock_divider_512:b2v_inst2|CLK_OUT           ; Board_Clock                                                  ; 1        ; 1        ; 0        ; 0        ;
; Clock_dividers:b2v_inst4|Clock_divider_512:b2v_inst2|CLK_OUT           ; Clock_dividers:b2v_inst4|Clock_divider_512:b2v_inst2|CLK_OUT ; 44       ; 0        ; 0        ; 0        ;
; Clock_dividers:b2v_inst4|Clock_divider_512:b2v_inst|CLK_OUT            ; Clock_dividers:b2v_inst4|Clock_divider_512:b2v_inst2|CLK_OUT ; 1        ; 1        ; 0        ; 0        ;
; Clock_dividers:b2v_inst4|Clock_divider_4_16_and_64:b2v_inst4|TFF_inst2 ; Clock_dividers:b2v_inst4|Clock_divider_512:b2v_inst|CLK_OUT  ; 1        ; 1        ; 0        ; 0        ;
; Clock_dividers:b2v_inst4|Clock_divider_512:b2v_inst|CLK_OUT            ; Clock_dividers:b2v_inst4|Clock_divider_512:b2v_inst|CLK_OUT  ; 23       ; 0        ; 0        ; 0        ;
; Direct_Video_Map                                                       ; Clock_dividers:b2v_inst4|Clock_divider_512:b2v_inst|CLK_OUT  ; 21       ; 0        ; 0        ; 0        ;
; Clock_dividers:b2v_inst4|Clock_divider_512:b2v_inst|CLK_OUT            ; Direct_Video_Map                                             ; 21       ; 0        ; 0        ; 0        ;
; Direct_Video_Map                                                       ; Direct_Video_Map                                             ; 21       ; 0        ; 0        ; 0        ;
+------------------------------------------------------------------------+--------------------------------------------------------------+----------+----------+----------+----------+
Entries labeled "false path" only account for clock-to-clock false paths and not path-based false paths. As a result, actual path counts may be lower than reported.


+-----------------------------------------------------------------------------------------------------------------------------------------------------------------------------------+
; Hold Transfers                                                                                                                                                                    ;
+------------------------------------------------------------------------+--------------------------------------------------------------+----------+----------+----------+----------+
; From Clock                                                             ; To Clock                                                     ; RR Paths ; FR Paths ; RF Paths ; FF Paths ;
+------------------------------------------------------------------------+--------------------------------------------------------------+----------+----------+----------+----------+
; Board_Clock                                                            ; Board_Clock                                                  ; 44       ; 0        ; 0        ; 0        ;
; Clock_dividers:b2v_inst4|Clock_divider_512:b2v_inst2|CLK_OUT           ; Board_Clock                                                  ; 1        ; 1        ; 0        ; 0        ;
; Clock_dividers:b2v_inst4|Clock_divider_512:b2v_inst2|CLK_OUT           ; Clock_dividers:b2v_inst4|Clock_divider_512:b2v_inst2|CLK_OUT ; 44       ; 0        ; 0        ; 0        ;
; Clock_dividers:b2v_inst4|Clock_divider_512:b2v_inst|CLK_OUT            ; Clock_dividers:b2v_inst4|Clock_divider_512:b2v_inst2|CLK_OUT ; 1        ; 1        ; 0        ; 0        ;
; Clock_dividers:b2v_inst4|Clock_divider_4_16_and_64:b2v_inst4|TFF_inst2 ; Clock_dividers:b2v_inst4|Clock_divider_512:b2v_inst|CLK_OUT  ; 1        ; 1        ; 0        ; 0        ;
; Clock_dividers:b2v_inst4|Clock_divider_512:b2v_inst|CLK_OUT            ; Clock_dividers:b2v_inst4|Clock_divider_512:b2v_inst|CLK_OUT  ; 23       ; 0        ; 0        ; 0        ;
; Direct_Video_Map                                                       ; Clock_dividers:b2v_inst4|Clock_divider_512:b2v_inst|CLK_OUT  ; 21       ; 0        ; 0        ; 0        ;
; Clock_dividers:b2v_inst4|Clock_divider_512:b2v_inst|CLK_OUT            ; Direct_Video_Map                                             ; 21       ; 0        ; 0        ; 0        ;
; Direct_Video_Map                                                       ; Direct_Video_Map                                             ; 21       ; 0        ; 0        ; 0        ;
+------------------------------------------------------------------------+--------------------------------------------------------------+----------+----------+----------+----------+
Entries labeled "false path" only account for clock-to-clock false paths and not path-based false paths. As a result, actual path counts may be lower than reported.


---------------
; Report TCCS ;
---------------
No dedicated SERDES Transmitter circuitry present in device or used in design


---------------
; Report RSKM ;
---------------
No non-DPA dedicated SERDES Receiver circuitry present in device or used in design


+------------------------------------------------+
; Unconstrained Paths Summary                    ;
+---------------------------------+-------+------+
; Property                        ; Setup ; Hold ;
+---------------------------------+-------+------+
; Illegal Clocks                  ; 0     ; 0    ;
; Unconstrained Clocks            ; 0     ; 0    ;
; Unconstrained Input Ports       ; 2     ; 2    ;
; Unconstrained Input Port Paths  ; 49    ; 49   ;
; Unconstrained Output Ports      ; 54    ; 54   ;
; Unconstrained Output Port Paths ; 54    ; 54   ;
+---------------------------------+-------+------+


+----------------------------------------------------------------------------------------------------------------------------------------------------------------------+
; Clock Status Summary                                                                                                                                                 ;
+------------------------------------------------------------------------+------------------------------------------------------------------------+------+-------------+
; Target                                                                 ; Clock                                                                  ; Type ; Status      ;
+------------------------------------------------------------------------+------------------------------------------------------------------------+------+-------------+
; Board_Clock                                                            ; Board_Clock                                                            ; Base ; Constrained ;
; Clock_dividers:b2v_inst4|Clock_divider_4_16_and_64:b2v_inst4|TFF_inst2 ; Clock_dividers:b2v_inst4|Clock_divider_4_16_and_64:b2v_inst4|TFF_inst2 ; Base ; Constrained ;
; Clock_dividers:b2v_inst4|Clock_divider_512:b2v_inst2|CLK_OUT           ; Clock_dividers:b2v_inst4|Clock_divider_512:b2v_inst2|CLK_OUT           ; Base ; Constrained ;
; Clock_dividers:b2v_inst4|Clock_divider_512:b2v_inst|CLK_OUT            ; Clock_dividers:b2v_inst4|Clock_divider_512:b2v_inst|CLK_OUT            ; Base ; Constrained ;
; Direct_Video_Map                                                       ; Direct_Video_Map                                                       ; Base ; Constrained ;
+------------------------------------------------------------------------+------------------------------------------------------------------------+------+-------------+


+---------------------------------------------------------------------------------------------------------+
; Unconstrained Input Ports                                                                               ;
+------------------+--------------------------------------------------------------------------------------+
; Input Port       ; Comment                                                                              ;
+------------------+--------------------------------------------------------------------------------------+
; Direct_Video_Map ; No input delay, min/max delays, false-path exceptions, or max skew assignments found ;
; Manual_Clock     ; No input delay, min/max delays, false-path exceptions, or max skew assignments found ;
+------------------+--------------------------------------------------------------------------------------+


+----------------------------------------------------------------------------------------------------------+
; Unconstrained Output Ports                                                                               ;
+------------------+---------------------------------------------------------------------------------------+
; Output Port      ; Comment                                                                               ;
+------------------+---------------------------------------------------------------------------------------+
; Seven_SegOut0[0] ; No output delay, min/max delays, false-path exceptions, or max skew assignments found ;
; Seven_SegOut0[1] ; No output delay, min/max delays, false-path exceptions, or max skew assignments found ;
; Seven_SegOut0[2] ; No output delay, min/max delays, false-path exceptions, or max skew assignments found ;
; Seven_SegOut0[3] ; No output delay, min/max delays, false-path exceptions, or max skew assignments found ;
; Seven_SegOut0[4] ; No output delay, min/max delays, false-path exceptions, or max skew assignments found ;
; Seven_SegOut0[5] ; No output delay, min/max delays, false-path exceptions, or max skew assignments found ;
; Seven_SegOut1[0] ; No output delay, min/max delays, false-path exceptions, or max skew assignments found ;
; Seven_SegOut1[1] ; No output delay, min/max delays, false-path exceptions, or max skew assignments found ;
; Seven_SegOut1[2] ; No output delay, min/max delays, false-path exceptions, or max skew assignments found ;
; Seven_SegOut1[3] ; No output delay, min/max delays, false-path exceptions, or max skew assignments found ;
; Seven_SegOut1[4] ; No output delay, min/max delays, false-path exceptions, or max skew assignments found ;
; Seven_SegOut1[5] ; No output delay, min/max delays, false-path exceptions, or max skew assignments found ;
; Seven_SegOut2[0] ; No output delay, min/max delays, false-path exceptions, or max skew assignments found ;
; Seven_SegOut2[1] ; No output delay, min/max delays, false-path exceptions, or max skew assignments found ;
; Seven_SegOut2[2] ; No output delay, min/max delays, false-path exceptions, or max skew assignments found ;
; Seven_SegOut2[3] ; No output delay, min/max delays, false-path exceptions, or max skew assignments found ;
; Seven_SegOut2[4] ; No output delay, min/max delays, false-path exceptions, or max skew assignments found ;
; Seven_SegOut2[5] ; No output delay, min/max delays, false-path exceptions, or max skew assignments found ;
; Seven_SegOut3[0] ; No output delay, min/max delays, false-path exceptions, or max skew assignments found ;
; Seven_SegOut3[1] ; No output delay, min/max delays, false-path exceptions, or max skew assignments found ;
; Seven_SegOut3[2] ; No output delay, min/max delays, false-path exceptions, or max skew assignments found ;
; Seven_SegOut3[3] ; No output delay, min/max delays, false-path exceptions, or max skew assignments found ;
; Seven_SegOut3[4] ; No output delay, min/max delays, false-path exceptions, or max skew assignments found ;
; Seven_SegOut3[5] ; No output delay, min/max delays, false-path exceptions, or max skew assignments found ;
; Seven_SegOut4[0] ; No output delay, min/max delays, false-path exceptions, or max skew assignments found ;
; Seven_SegOut4[1] ; No output delay, min/max delays, false-path exceptions, or max skew assignments found ;
; Seven_SegOut4[2] ; No output delay, min/max delays, false-path exceptions, or max skew assignments found ;
; Seven_SegOut4[3] ; No output delay, min/max delays, false-path exceptions, or max skew assignments found ;
; Seven_SegOut4[4] ; No output delay, min/max delays, false-path exceptions, or max skew assignments found ;
; Seven_SegOut4[5] ; No output delay, min/max delays, false-path exceptions, or max skew assignments found ;
; Seven_SegOut5[0] ; No output delay, min/max delays, false-path exceptions, or max skew assignments found ;
; Seven_SegOut5[1] ; No output delay, min/max delays, false-path exceptions, or max skew assignments found ;
; Seven_SegOut5[2] ; No output delay, min/max delays, false-path exceptions, or max skew assignments found ;
; Seven_SegOut5[3] ; No output delay, min/max delays, false-path exceptions, or max skew assignments found ;
; Seven_SegOut5[4] ; No output delay, min/max delays, false-path exceptions, or max skew assignments found ;
; Seven_SegOut5[5] ; No output delay, min/max delays, false-path exceptions, or max skew assignments found ;
; Seven_SegOut6[0] ; No output delay, min/max delays, false-path exceptions, or max skew assignments found ;
; Seven_SegOut6[1] ; No output delay, min/max delays, false-path exceptions, or max skew assignments found ;
; Seven_SegOut6[2] ; No output delay, min/max delays, false-path exceptions, or max skew assignments found ;
; Seven_SegOut6[3] ; No output delay, min/max delays, false-path exceptions, or max skew assignments found ;
; Seven_SegOut6[4] ; No output delay, min/max delays, false-path exceptions, or max skew assignments found ;
; Seven_SegOut6[5] ; No output delay, min/max delays, false-path exceptions, or max skew assignments found ;
; Seven_SegOut7[0] ; No output delay, min/max delays, false-path exceptions, or max skew assignments found ;
; Seven_SegOut7[1] ; No output delay, min/max delays, false-path exceptions, or max skew assignments found ;
; Seven_SegOut7[2] ; No output delay, min/max delays, false-path exceptions, or max skew assignments found ;
; Seven_SegOut7[3] ; No output delay, min/max delays, false-path exceptions, or max skew assignments found ;
; Seven_SegOut7[4] ; No output delay, min/max delays, false-path exceptions, or max skew assignments found ;
; Seven_SegOut7[5] ; No output delay, min/max delays, false-path exceptions, or max skew assignments found ;
; pin_name1        ; No output delay, min/max delays, false-path exceptions, or max skew assignments found ;
; pin_name2        ; No output delay, min/max delays, false-path exceptions, or max skew assignments found ;
; pin_name3        ; No output delay, min/max delays, false-path exceptions, or max skew assignments found ;
; pin_name4        ; No output delay, min/max delays, false-path exceptions, or max skew assignments found ;
; pin_name5        ; No output delay, min/max delays, false-path exceptions, or max skew assignments found ;
; pin_name6        ; No output delay, min/max delays, false-path exceptions, or max skew assignments found ;
+------------------+---------------------------------------------------------------------------------------+


+---------------------------------------------------------------------------------------------------------+
; Unconstrained Input Ports                                                                               ;
+------------------+--------------------------------------------------------------------------------------+
; Input Port       ; Comment                                                                              ;
+------------------+--------------------------------------------------------------------------------------+
; Direct_Video_Map ; No input delay, min/max delays, false-path exceptions, or max skew assignments found ;
; Manual_Clock     ; No input delay, min/max delays, false-path exceptions, or max skew assignments found ;
+------------------+--------------------------------------------------------------------------------------+


+----------------------------------------------------------------------------------------------------------+
; Unconstrained Output Ports                                                                               ;
+------------------+---------------------------------------------------------------------------------------+
; Output Port      ; Comment                                                                               ;
+------------------+---------------------------------------------------------------------------------------+
; Seven_SegOut0[0] ; No output delay, min/max delays, false-path exceptions, or max skew assignments found ;
; Seven_SegOut0[1] ; No output delay, min/max delays, false-path exceptions, or max skew assignments found ;
; Seven_SegOut0[2] ; No output delay, min/max delays, false-path exceptions, or max skew assignments found ;
; Seven_SegOut0[3] ; No output delay, min/max delays, false-path exceptions, or max skew assignments found ;
; Seven_SegOut0[4] ; No output delay, min/max delays, false-path exceptions, or max skew assignments found ;
; Seven_SegOut0[5] ; No output delay, min/max delays, false-path exceptions, or max skew assignments found ;
; Seven_SegOut1[0] ; No output delay, min/max delays, false-path exceptions, or max skew assignments found ;
; Seven_SegOut1[1] ; No output delay, min/max delays, false-path exceptions, or max skew assignments found ;
; Seven_SegOut1[2] ; No output delay, min/max delays, false-path exceptions, or max skew assignments found ;
; Seven_SegOut1[3] ; No output delay, min/max delays, false-path exceptions, or max skew assignments found ;
; Seven_SegOut1[4] ; No output delay, min/max delays, false-path exceptions, or max skew assignments found ;
; Seven_SegOut1[5] ; No output delay, min/max delays, false-path exceptions, or max skew assignments found ;
; Seven_SegOut2[0] ; No output delay, min/max delays, false-path exceptions, or max skew assignments found ;
; Seven_SegOut2[1] ; No output delay, min/max delays, false-path exceptions, or max skew assignments found ;
; Seven_SegOut2[2] ; No output delay, min/max delays, false-path exceptions, or max skew assignments found ;
; Seven_SegOut2[3] ; No output delay, min/max delays, false-path exceptions, or max skew assignments found ;
; Seven_SegOut2[4] ; No output delay, min/max delays, false-path exceptions, or max skew assignments found ;
; Seven_SegOut2[5] ; No output delay, min/max delays, false-path exceptions, or max skew assignments found ;
; Seven_SegOut3[0] ; No output delay, min/max delays, false-path exceptions, or max skew assignments found ;
; Seven_SegOut3[1] ; No output delay, min/max delays, false-path exceptions, or max skew assignments found ;
; Seven_SegOut3[2] ; No output delay, min/max delays, false-path exceptions, or max skew assignments found ;
; Seven_SegOut3[3] ; No output delay, min/max delays, false-path exceptions, or max skew assignments found ;
; Seven_SegOut3[4] ; No output delay, min/max delays, false-path exceptions, or max skew assignments found ;
; Seven_SegOut3[5] ; No output delay, min/max delays, false-path exceptions, or max skew assignments found ;
; Seven_SegOut4[0] ; No output delay, min/max delays, false-path exceptions, or max skew assignments found ;
; Seven_SegOut4[1] ; No output delay, min/max delays, false-path exceptions, or max skew assignments found ;
; Seven_SegOut4[2] ; No output delay, min/max delays, false-path exceptions, or max skew assignments found ;
; Seven_SegOut4[3] ; No output delay, min/max delays, false-path exceptions, or max skew assignments found ;
; Seven_SegOut4[4] ; No output delay, min/max delays, false-path exceptions, or max skew assignments found ;
; Seven_SegOut4[5] ; No output delay, min/max delays, false-path exceptions, or max skew assignments found ;
; Seven_SegOut5[0] ; No output delay, min/max delays, false-path exceptions, or max skew assignments found ;
; Seven_SegOut5[1] ; No output delay, min/max delays, false-path exceptions, or max skew assignments found ;
; Seven_SegOut5[2] ; No output delay, min/max delays, false-path exceptions, or max skew assignments found ;
; Seven_SegOut5[3] ; No output delay, min/max delays, false-path exceptions, or max skew assignments found ;
; Seven_SegOut5[4] ; No output delay, min/max delays, false-path exceptions, or max skew assignments found ;
; Seven_SegOut5[5] ; No output delay, min/max delays, false-path exceptions, or max skew assignments found ;
; Seven_SegOut6[0] ; No output delay, min/max delays, false-path exceptions, or max skew assignments found ;
; Seven_SegOut6[1] ; No output delay, min/max delays, false-path exceptions, or max skew assignments found ;
; Seven_SegOut6[2] ; No output delay, min/max delays, false-path exceptions, or max skew assignments found ;
; Seven_SegOut6[3] ; No output delay, min/max delays, false-path exceptions, or max skew assignments found ;
; Seven_SegOut6[4] ; No output delay, min/max delays, false-path exceptions, or max skew assignments found ;
; Seven_SegOut6[5] ; No output delay, min/max delays, false-path exceptions, or max skew assignments found ;
; Seven_SegOut7[0] ; No output delay, min/max delays, false-path exceptions, or max skew assignments found ;
; Seven_SegOut7[1] ; No output delay, min/max delays, false-path exceptions, or max skew assignments found ;
; Seven_SegOut7[2] ; No output delay, min/max delays, false-path exceptions, or max skew assignments found ;
; Seven_SegOut7[3] ; No output delay, min/max delays, false-path exceptions, or max skew assignments found ;
; Seven_SegOut7[4] ; No output delay, min/max delays, false-path exceptions, or max skew assignments found ;
; Seven_SegOut7[5] ; No output delay, min/max delays, false-path exceptions, or max skew assignments found ;
; pin_name1        ; No output delay, min/max delays, false-path exceptions, or max skew assignments found ;
; pin_name2        ; No output delay, min/max delays, false-path exceptions, or max skew assignments found ;
; pin_name3        ; No output delay, min/max delays, false-path exceptions, or max skew assignments found ;
; pin_name4        ; No output delay, min/max delays, false-path exceptions, or max skew assignments found ;
; pin_name5        ; No output delay, min/max delays, false-path exceptions, or max skew assignments found ;
; pin_name6        ; No output delay, min/max delays, false-path exceptions, or max skew assignments found ;
+------------------+---------------------------------------------------------------------------------------+


+--------------------------+
; Timing Analyzer Messages ;
+--------------------------+
Info: *******************************************************************
Info: Running Quartus Prime Timing Analyzer
    Info: Version 18.1.0 Build 625 09/12/2018 SJ Lite Edition
    Info: Processing started: Tue Apr 14 21:22:23 2026
Info: Command: quartus_sta i281_cpu -c i281_cpu
Info: qsta_default_script.tcl version: #1
Warning (18236): Number of processors has not been specified which may cause overloading on shared machines.  Set the global assignment NUM_PARALLEL_PROCESSORS in your QSF to an appropriate value for best performance.
Info (20030): Parallel compilation is enabled and will use 4 of the 4 processors detected
Info (21077): Low junction temperature is 0 degrees C
Info (21077): High junction temperature is 85 degrees C
Critical Warning (332012): Synopsys Design Constraints File file not found: 'i281_cpu.sdc'. A Synopsys Design Constraints File is required by the Timing Analyzer to get proper timing constraints. Without it, the Compiler will not properly optimize the design.
Info (332142): No user constrained base clocks found in the design. Calling "derive_clocks -period 1.0"
Info (332105): Deriving Clocks
    Info (332105): create_clock -period 1.000 -name Direct_Video_Map Direct_Video_Map
    Info (332105): create_clock -period 1.000 -name Clock_dividers:b2v_inst4|Clock_divider_512:b2v_inst2|CLK_OUT Clock_dividers:b2v_inst4|Clock_divider_512:b2v_inst2|CLK_OUT
    Info (332105): create_clock -period 1.000 -name Board_Clock Board_Clock
    Info (332105): create_clock -period 1.000 -name Clock_dividers:b2v_inst4|Clock_divider_4_16_and_64:b2v_inst4|TFF_inst2 Clock_dividers:b2v_inst4|Clock_divider_4_16_and_64:b2v_inst4|TFF_inst2
    Info (332105): create_clock -period 1.000 -name Clock_dividers:b2v_inst4|Clock_divider_512:b2v_inst|CLK_OUT Clock_dividers:b2v_inst4|Clock_divider_512:b2v_inst|CLK_OUT
Info (332097): The following timing edges are non-unate.  The Timing Analyzer will assume pos-unate behavior for these edges in the clock network.
    Info (332098): Cell: b2v_inst12|mxout  from: dataa  to: combout
Info (332143): No user constrained clock uncertainty found in the design. Calling "derive_clock_uncertainty"
Info (332123): Deriving Clock Uncertainty. Please refer to report_sdc in the Timing Analyzer to see clock uncertainties.
Info: Found TIMING_ANALYZER_REPORT_SCRIPT_INCLUDE_DEFAULT_ANALYSIS = ON
Info: Analyzing Slow 1200mV 85C Model
Info: Can't run Report Timing Closure Recommendations. The current device family is not supported.
Critical Warning (332148): Timing requirements not met
Info (332146): Worst-case setup slack is -5.044
    Info (332119):     Slack       End Point TNS Clock 
    Info (332119): ========= =================== =====================
    Info (332119):    -5.044             -29.107 Clock_dividers:b2v_inst4|Clock_divider_512:b2v_inst|CLK_OUT 
    Info (332119):    -2.537              -8.369 Clock_dividers:b2v_inst4|Clock_divider_512:b2v_inst2|CLK_OUT 
    Info (332119):    -2.535              -8.191 Board_Clock 
    Info (332119):    -0.693              -1.927 Direct_Video_Map 
Info (332146): Worst-case hold slack is -4.008
    Info (332119):     Slack       End Point TNS Clock 
    Info (332119): ========= =================== =====================
    Info (332119):    -4.008             -24.030 Direct_Video_Map 
    Info (332119):     0.359               0.000 Clock_dividers:b2v_inst4|Clock_divider_512:b2v_inst2|CLK_OUT 
    Info (332119):     0.360               0.000 Board_Clock 
    Info (332119):     0.363               0.000 Clock_dividers:b2v_inst4|Clock_divider_512:b2v_inst|CLK_OUT 
Info (332140): No Recovery paths to report
Info (332140): No Removal paths to report
Info (332146): Worst-case minimum pulse width slack is -3.000
    Info (332119):     Slack       End Point TNS Clock 
    Info (332119): ========= =================== =====================
    Info (332119):    -3.000             -16.383 Board_Clock 
    Info (332119):    -3.000             -11.922 Direct_Video_Map 
    Info (332119):    -1.487             -13.383 Clock_dividers:b2v_inst4|Clock_divider_512:b2v_inst2|CLK_OUT 
    Info (332119):    -1.487             -11.896 Clock_dividers:b2v_inst4|Clock_divider_512:b2v_inst|CLK_OUT 
    Info (332119):    -1.487              -1.487 Clock_dividers:b2v_inst4|Clock_divider_4_16_and_64:b2v_inst4|TFF_inst2 
Info: Analyzing Slow 1200mV 0C Model
Info (334003): Started post-fitting delay annotation
Info (334004): Delay annotation completed successfully
Info (332097): The following timing edges are non-unate.  The Timing Analyzer will assume pos-unate behavior for these edges in the clock network.
    Info (332098): Cell: b2v_inst12|mxout  from: dataa  to: combout
Info (332123): Deriving Clock Uncertainty. Please refer to report_sdc in the Timing Analyzer to see clock uncertainties.
Critical Warning (332148): Timing requirements not met
Info (332146): Worst-case setup slack is -4.566
    Info (332119):     Slack       End Point TNS Clock 
    Info (332119): ========= =================== =====================
    Info (332119):    -4.566             -26.339 Clock_dividers:b2v_inst4|Clock_divider_512:b2v_inst|CLK_OUT 
    Info (332119):    -2.321              -7.226 Clock_dividers:b2v_inst4|Clock_divider_512:b2v_inst2|CLK_OUT 
    Info (332119):    -2.306              -7.219 Board_Clock 
    Info (332119):    -0.546              -1.419 Direct_Video_Map 
Info (332146): Worst-case hold slack is -3.715
    Info (332119):     Slack       End Point TNS Clock 
    Info (332119): ========= =================== =====================
    Info (332119):    -3.715             -22.274 Direct_Video_Map 
    Info (332119):     0.322               0.000 Board_Clock 
    Info (332119):     0.322               0.000 Clock_dividers:b2v_inst4|Clock_divider_512:b2v_inst2|CLK_OUT 
    Info (332119):     0.325               0.000 Clock_dividers:b2v_inst4|Clock_divider_512:b2v_inst|CLK_OUT 
Info (332140): No Recovery paths to report
Info (332140): No Removal paths to report
Info (332146): Worst-case minimum pulse width slack is -3.000
    Info (332119):     Slack       End Point TNS Clock 
    Info (332119): ========= =================== =====================
    Info (332119):    -3.000             -16.383 Board_Clock 
    Info (332119):    -3.000             -11.922 Direct_Video_Map 
    Info (332119):    -1.487             -13.383 Clock_dividers:b2v_inst4|Clock_divider_512:b2v_inst2|CLK_OUT 
    Info (332119):    -1.487             -11.896 Clock_dividers:b2v_inst4|Clock_divider_512:b2v_inst|CLK_OUT 
    Info (332119):    -1.487              -1.487 Clock_dividers:b2v_inst4|Clock_divider_4_16_and_64:b2v_inst4|TFF_inst2 
Info: Analyzing Fast 1200mV 0C Model
Info (332097): The following timing edges are non-unate.  The Timing Analyzer will assume pos-unate behavior for these edges in the clock network.
    Info (332098): Cell: b2v_inst12|mxout  from: dataa  to: combout
Info (332123): Deriving Clock Uncertainty. Please refer to report_sdc in the Timing Analyzer to see clock uncertainties.
Critical Warning (332148): Timing requirements not met
Info (332146): Worst-case setup slack is -1.392
    Info (332119):     Slack       End Point TNS Clock 
    Info (332119): ========= =================== =====================
    Info (332119):    -1.392              -7.532 Clock_dividers:b2v_inst4|Clock_divider_512:b2v_inst|CLK_OUT 
    Info (332119):    -0.365              -0.365 Clock_dividers:b2v_inst4|Clock_divider_512:b2v_inst2|CLK_OUT 
    Info (332119):    -0.358              -0.358 Board_Clock 
    Info (332119):     0.342               0.000 Direct_Video_Map 
Info (332146): Worst-case hold slack is -1.601
    Info (332119):     Slack       End Point TNS Clock 
    Info (332119): ========= =================== =====================
    Info (332119):    -1.601              -9.602 Direct_Video_Map 
    Info (332119):     0.150               0.000 Clock_dividers:b2v_inst4|Clock_divider_512:b2v_inst2|CLK_OUT 
    Info (332119):     0.151               0.000 Board_Clock 
    Info (332119):     0.153               0.000 Clock_dividers:b2v_inst4|Clock_divider_512:b2v_inst|CLK_OUT 
Info (332140): No Recovery paths to report
Info (332140): No Removal paths to report
Info (332146): Worst-case minimum pulse width slack is -3.000
    Info (332119):     Slack       End Point TNS Clock 
    Info (332119): ========= =================== =====================
    Info (332119):    -3.000             -12.261 Board_Clock 
    Info (332119):    -3.000              -9.894 Direct_Video_Map 
    Info (332119):    -1.000              -9.000 Clock_dividers:b2v_inst4|Clock_divider_512:b2v_inst2|CLK_OUT 
    Info (332119):    -1.000              -8.000 Clock_dividers:b2v_inst4|Clock_divider_512:b2v_inst|CLK_OUT 
    Info (332119):    -1.000              -1.000 Clock_dividers:b2v_inst4|Clock_divider_4_16_and_64:b2v_inst4|TFF_inst2 
Info (332102): Design is not fully constrained for setup requirements
Info (332102): Design is not fully constrained for hold requirements
Info: Quartus Prime Timing Analyzer was successful. 0 errors, 5 warnings
    Info: Peak virtual memory: 13203 megabytes
    Info: Processing ended: Tue Apr 14 21:22:29 2026
    Info: Elapsed time: 00:00:06
    Info: Total CPU time (on all processors): 00:00:05


